problem,std_term_i,std_term_j,leg_term_i,leg_term_j,corr_std,corr_leg
Heat,1,u,P0(u),P1(u),,
Heat,1,u^2,P0(u),P2(u),,
Heat,1,u^3,P0(u),P3(u),,
Heat,1,u^4,P0(u),P4(u),,
Heat,1,u^5,P0(u),P5(u),,
Heat,1,u^6,P0(u),P6(u),,
Heat,1,u_x,P0(u),P0(u)u_x,,
Heat,1,uu_x,P0(u),P1(u)u_x,,
Heat,1,u^2u_x,P0(u),P2(u)u_x,,
Heat,1,u^3u_x,P0(u),P3(u)u_x,,
Heat,1,u^4u_x,P0(u),P4(u)u_x,,
Heat,1,u^5u_x,P0(u),P5(u)u_x,,
Heat,1,u^6u_x,P0(u),P6(u)u_x,,
Heat,1,u_xx,P0(u),P0(u)u_xx,,
Heat,1,uu_xx,P0(u),P1(u)u_xx,,
Heat,1,u^2u_xx,P0(u),P2(u)u_xx,,
Heat,1,u^3u_xx,P0(u),P3(u)u_xx,,
Heat,1,u^4u_xx,P0(u),P4(u)u_xx,,
Heat,1,u^5u_xx,P0(u),P5(u)u_xx,,
Heat,1,u^6u_xx,P0(u),P6(u)u_xx,,
Heat,1,u_xxx,P0(u),P0(u)u_xxx,,
Heat,1,uu_xxx,P0(u),P1(u)u_xxx,,
Heat,1,u^2u_xxx,P0(u),P2(u)u_xxx,,
Heat,1,u^3u_xxx,P0(u),P3(u)u_xxx,,
Heat,1,u^4u_xxx,P0(u),P4(u)u_xxx,,
Heat,1,u^5u_xxx,P0(u),P5(u)u_xxx,,
Heat,1,u^6u_xxx,P0(u),P6(u)u_xxx,,
Heat,1,u_xxxx,P0(u),P0(u)u_xxxx,,
Heat,1,uu_xxxx,P0(u),P1(u)u_xxxx,,
Heat,1,u^2u_xxxx,P0(u),P2(u)u_xxxx,,
Heat,1,u^3u_xxxx,P0(u),P3(u)u_xxxx,,
Heat,1,u^4u_xxxx,P0(u),P4(u)u_xxxx,,
Heat,1,u^5u_xxxx,P0(u),P5(u)u_xxxx,,
Heat,1,u^6u_xxxx,P0(u),P6(u)u_xxxx,,
Heat,1,u_xxxxx,P0(u),P0(u)u_xxxxx,,
Heat,1,uu_xxxxx,P0(u),P1(u)u_xxxxx,,
Heat,1,u^2u_xxxxx,P0(u),P2(u)u_xxxxx,,
Heat,1,u^3u_xxxxx,P0(u),P3(u)u_xxxxx,,
Heat,1,u^4u_xxxxx,P0(u),P4(u)u_xxxxx,,
Heat,1,u^5u_xxxxx,P0(u),P5(u)u_xxxxx,,
Heat,1,u^6u_xxxxx,P0(u),P6(u)u_xxxxx,,
Heat,1,u_xxxxxx,P0(u),P0(u)u_xxxxxx,,
Heat,1,uu_xxxxxx,P0(u),P1(u)u_xxxxxx,,
Heat,1,u^2u_xxxxxx,P0(u),P2(u)u_xxxxxx,,
Heat,1,u^3u_xxxxxx,P0(u),P3(u)u_xxxxxx,,
Heat,1,u^4u_xxxxxx,P0(u),P4(u)u_xxxxxx,,
Heat,1,u^5u_xxxxxx,P0(u),P5(u)u_xxxxxx,,
Heat,1,u^6u_xxxxxx,P0(u),P6(u)u_xxxxxx,,
Heat,u,u^2,P1(u),P2(u),0.6224,0.186
Heat,u,u^3,P1(u),P3(u),0.9554,-0.9737
Heat,u,u^4,P1(u),P4(u),0.6687,-0.1839
Heat,u,u^5,P1(u),P5(u),0.8937,0.7001
Heat,u,u^6,P1(u),P6(u),0.6802,0.1521
Heat,u,u_x,P1(u),P0(u)u_x,0.0,0.0002
Heat,u,uu_x,P1(u),P1(u)u_x,-0.0012,-0.0043
Heat,u,u^2u_x,P1(u),P2(u)u_x,-0.0008,-0.0009
Heat,u,u^3u_x,P1(u),P3(u)u_x,-0.0028,0.0029
Heat,u,u^4u_x,P1(u),P4(u)u_x,-0.0031,0.0004
Heat,u,u^5u_x,P1(u),P5(u)u_x,-0.0036,0.0004
Heat,u,u^6u_x,P1(u),P6(u)u_x,-0.0053,0.0016
Heat,u,u_xx,P1(u),P0(u)u_xx,-0.5965,-0.5986
Heat,u,uu_xx,P1(u),P1(u)u_xx,-0.1537,0.0061
Heat,u,u^2u_xx,P1(u),P2(u)u_xx,-0.9861,-0.9602
Heat,u,u^3u_xx,P1(u),P3(u)u_xx,-0.5917,-0.233
Heat,u,u^4u_xx,P1(u),P4(u)u_xx,-0.9357,0.9231
Heat,u,u^5u_xx,P1(u),P5(u)u_xx,-0.6477,0.2002
Heat,u,u^6u_xx,P1(u),P6(u)u_xx,-0.8717,-0.4014
Heat,u,u_xxx,P1(u),P0(u)u_xxx,-0.0,0.0003
Heat,u,uu_xxx,P1(u),P1(u)u_xxx,-0.0427,-0.042
Heat,u,u^2u_xxx,P1(u),P2(u)u_xxx,-0.0843,-0.0517
Heat,u,u^3u_xxx,P1(u),P3(u)u_xxx,-0.0895,0.0057
Heat,u,u^4u_xxx,P1(u),P4(u)u_xxx,-0.1023,0.0812
Heat,u,u^5u_xxx,P1(u),P5(u)u_xxx,-0.0865,0.03
Heat,u,u^6u_xxx,P1(u),P6(u)u_xxx,-0.0817,-0.0256
Heat,u,u_xxxx,P1(u),P0(u)u_xxxx,0.0498,0.0502
Heat,u,uu_xxxx,P1(u),P1(u)u_xxxx,0.0044,-0.0063
Heat,u,u^2u_xxxx,P1(u),P2(u)u_xxxx,0.9854,0.9815
Heat,u,u^3u_xxxx,P1(u),P3(u)u_xxxx,0.6096,0.193
Heat,u,u^4u_xxxx,P1(u),P4(u)u_xxxx,0.9407,-0.8863
Heat,u,u^5u_xxxx,P1(u),P5(u)u_xxxx,0.6546,-0.1892
Heat,u,u^6u_xxxx,P1(u),P6(u)u_xxxx,0.8754,0.2961
Heat,u,u_xxxxx,P1(u),P0(u)u_xxxxx,-0.0,-0.0
Heat,u,uu_xxxxx,P1(u),P1(u)u_xxxxx,0.01,0.0104
Heat,u,u^2u_xxxxx,P1(u),P2(u)u_xxxxx,0.0156,0.0103
Heat,u,u^3u_xxxxx,P1(u),P3(u)u_xxxxx,0.021,0.0058
Heat,u,u^4u_xxxxx,P1(u),P4(u)u_xxxxx,0.0182,-0.012
Heat,u,u^5u_xxxxx,P1(u),P5(u)u_xxxxx,0.0179,-0.0037
Heat,u,u^6u_xxxxx,P1(u),P6(u)u_xxxxx,0.0178,0.0012
Heat,u,u_xxxxxx,P1(u),P0(u)u_xxxxxx,-0.0074,-0.0075
Heat,u,uu_xxxxxx,P1(u),P1(u)u_xxxxxx,-0.0067,-0.0041
Heat,u,u^2u_xxxxxx,P1(u),P2(u)u_xxxxxx,-0.9835,-0.9784
Heat,u,u^3u_xxxxxx,P1(u),P3(u)u_xxxxxx,-0.6093,-0.1875
Heat,u,u^4u_xxxxxx,P1(u),P4(u)u_xxxxxx,-0.9396,0.88
Heat,u,u^5u_xxxxxx,P1(u),P5(u)u_xxxxxx,-0.6533,0.1877
Heat,u,u^6u_xxxxxx,P1(u),P6(u)u_xxxxxx,-0.8735,-0.2869
Heat,u^2,u^3,P2(u),P3(u),0.7517,-0.2121
Heat,u^2,u^4,P2(u),P4(u),0.9808,-0.9876
Heat,u^2,u^5,P2(u),P5(u),0.7989,0.2273
Heat,u^2,u^6,P2(u),P6(u),0.9381,0.8767
Heat,u^2,u_x,P2(u),P0(u)u_x,-0.0008,0.005
Heat,u^2,uu_x,P2(u),P1(u)u_x,-0.0034,-0.0036
Heat,u^2,u^2u_x,P2(u),P2(u)u_x,-0.0042,-0.0084
Heat,u^2,u^3u_x,P2(u),P3(u)u_x,-0.0051,0.0029
Heat,u^2,u^4u_x,P2(u),P4(u)u_x,-0.0059,0.0134
Heat,u^2,u^5u_x,P2(u),P5(u)u_x,-0.0068,-0.0036
Heat,u^2,u^6u_x,P2(u),P6(u)u_x,-0.0068,-0.0101
Heat,u^2,u_xx,P2(u),P0(u)u_xx,-0.2129,0.0943
Heat,u^2,uu_xx,P2(u),P1(u)u_xx,-0.6499,-0.7046
Heat,u^2,u^2u_xx,P2(u),P2(u)u_xx,-0.6252,-0.2195
Heat,u^2,u^3u_xx,P2(u),P3(u)u_xx,-0.9798,-0.9454
Heat,u^2,u^4u_xx,P2(u),P4(u)u_xx,-0.7411,0.2262
Heat,u^2,u^5u_xx,P2(u),P5(u)u_xx,-0.9561,0.9548
Heat,u^2,u^6u_xx,P2(u),P6(u)u_xx,-0.7802,-0.199
Heat,u^2,u_xxx,P2(u),P0(u)u_xxx,-0.0339,-0.0469
Heat,u^2,uu_xxx,P2(u),P1(u)u_xxx,-0.1253,-0.1223
Heat,u^2,u^2u_xxx,P2(u),P2(u)u_xxx,-0.137,-0.0009
Heat,u^2,u^3u_xxx,P2(u),P3(u)u_xxx,-0.1673,0.0747
Heat,u^2,u^4u_xxx,P2(u),P4(u)u_xxx,-0.15,0.0322
Heat,u^2,u^5u_xxx,P2(u),P5(u)u_xxx,-0.1433,0.0089
Heat,u^2,u^6u_xxx,P2(u),P6(u)u_xxx,-0.1141,-0.0065
Heat,u^2,u_xxxx,P2(u),P0(u)u_xxxx,0.0017,-0.0281
Heat,u^2,uu_xxxx,P2(u),P1(u)u_xxxx,0.0679,0.0672
Heat,u^2,u^2u_xxxx,P2(u),P2(u)u_xxxx,0.6178,0.1915
Heat,u^2,u^3u_xxxx,P2(u),P3(u)u_xxxx,0.9735,0.9647
Heat,u^2,u^4u_xxxx,P2(u),P4(u)u_xxxx,0.7414,-0.2255
Heat,u^2,u^5u_xxxx,P2(u),P5(u)u_xxxx,0.9562,-0.9459
Heat,u^2,u^6u_xxxx,P2(u),P6(u)u_xxxx,0.7814,0.1742
Heat,u^2,u_xxxxx,P2(u),P0(u)u_xxxxx,0.0068,0.0091
Heat,u^2,uu_xxxxx,P2(u),P1(u)u_xxxxx,0.0241,0.023
Heat,u^2,u^2u_xxxxx,P2(u),P2(u)u_xxxxx,0.0293,0.0076
Heat,u^2,u^3u_xxxxx,P2(u),P3(u)u_xxxxx,0.0366,-0.0067
Heat,u^2,u^4u_xxxxx,P2(u),P4(u)u_xxxxx,0.0316,0.0025
Heat,u^2,u^5u_xxxxx,P2(u),P5(u)u_xxxxx,0.0321,-0.0149
Heat,u^2,u^6u_xxxxx,P2(u),P6(u)u_xxxxx,0.0255,-0.0074
Heat,u^2,u_xxxxxx,P2(u),P0(u)u_xxxxxx,-0.0012,0.003
Heat,u^2,uu_xxxxxx,P2(u),P1(u)u_xxxxxx,-0.0271,-0.016
Heat,u^2,u^2u_xxxxxx,P2(u),P2(u)u_xxxxxx,-0.617,-0.188
Heat,u^2,u^3u_xxxxxx,P2(u),P3(u)u_xxxxxx,-0.9704,-0.9627
Heat,u^2,u^4u_xxxxxx,P2(u),P4(u)u_xxxxxx,-0.7406,0.2262
Heat,u^2,u^5u_xxxxxx,P2(u),P5(u)u_xxxxxx,-0.9541,0.9437
Heat,u^2,u^6u_xxxxxx,P2(u),P6(u)u_xxxxxx,-0.7797,-0.1726
Heat,u^3,u^4,P3(u),P4(u),0.8119,0.2055
Heat,u^3,u^5,P3(u),P5(u),0.9823,-0.8425
Heat,u^3,u^6,P3(u),P6(u),0.8282,-0.1618
Heat,u^3,u_x,P3(u),P0(u)u_x,-0.0029,-0.0023
Heat,u^3,uu_x,P3(u),P1(u)u_x,-0.0029,0.006
Heat,u^3,u^2u_x,P3(u),P2(u)u_x,-0.0044,0.0026
Heat,u^3,u^3u_x,P3(u),P3(u)u_x,-0.0052,-0.0052
Heat,u^3,u^4u_x,P3(u),P4(u)u_x,-0.0066,-0.0009
Heat,u^3,u^5u_x,P3(u),P5(u)u_x,-0.0066,0.0035
Heat,u^3,u^6u_x,P3(u),P6(u)u_x,-0.0091,-0.0028
Heat,u^3,u_xx,P3(u),P0(u)u_xx,-0.5605,0.5322
Heat,u^3,uu_xx,P3(u),P1(u)u_xx,-0.2897,0.0352
Heat,u^3,u^2u_xx,P3(u),P2(u)u_xx,-0.9666,0.9323
Heat,u^3,u^3u_xx,P3(u),P3(u)u_xx,-0.7308,0.2511
Heat,u^3,u^4u_xx,P3(u),P4(u)u_xx,-0.9899,-0.9722
Heat,u^3,u^5u_xx,P3(u),P5(u)u_xx,-0.793,-0.2196
Heat,u^3,u^6u_xx,P3(u),P6(u)u_xx,-0.963,0.5861
Heat,u^3,u_xxx,P3(u),P0(u)u_xxx,-0.0399,-0.0324
Heat,u^3,uu_xxx,P3(u),P1(u)u_xxx,-0.1002,0.0134
Heat,u^3,u^2u_xxx,P3(u),P2(u)u_xxx,-0.1436,0.0676
Heat,u^3,u^3u_xxx,P3(u),P3(u)u_xxx,-0.1471,0.0137
Heat,u^3,u^4u_xxx,P3(u),P4(u)u_xxx,-0.1535,-0.0723
Heat,u^3,u^5u_xxx,P3(u),P5(u)u_xxx,-0.1304,-0.039
Heat,u^3,u^6u_xxx,P3(u),P6(u)u_xxx,-0.1161,0.0233
Heat,u^3,u_xxxx,P3(u),P0(u)u_xxxx,0.0474,-0.0378
Heat,u^3,uu_xxxx,P3(u),P1(u)u_xxxx,0.0196,-0.0016
Heat,u^3,u^2u_xxxx,P3(u),P2(u)u_xxxx,0.948,-0.957
Heat,u^3,u^3u_xxxx,P3(u),P3(u)u_xxxx,0.7382,-0.2145
Heat,u^3,u^4u_xxxx,P3(u),P4(u)u_xxxx,0.9874,0.9591
Heat,u^3,u^5u_xxxx,P3(u),P5(u)u_xxxx,0.7957,0.205
Heat,u^3,u^6u_xxxx,P3(u),P6(u)u_xxxx,0.9631,-0.4929
Heat,u^3,u_xxxxx,P3(u),P0(u)u_xxxxx,0.009,0.0076
Heat,u^3,uu_xxxxx,P3(u),P1(u)u_xxxxx,0.0215,-0.0031
Heat,u^3,u^2u_xxxxx,P3(u),P2(u)u_xxxxx,0.0311,-0.0121
Heat,u^3,u^3u_xxxxx,P3(u),P3(u)u_xxxxx,0.0339,-0.0081
Heat,u^3,u^4u_xxxxx,P3(u),P4(u)u_xxxxx,0.032,0.0082
Heat,u^3,u^5u_xxxxx,P3(u),P5(u)u_xxxxx,0.0289,0.0063
Heat,u^3,u^6u_xxxxx,P3(u),P6(u)u_xxxxx,0.0274,-0.0047
Heat,u^3,u_xxxxxx,P3(u),P0(u)u_xxxxxx,-0.0072,0.0055
Heat,u^3,uu_xxxxxx,P3(u),P1(u)u_xxxxxx,-0.0123,0.0063
Heat,u^3,u^2u_xxxxxx,P3(u),P2(u)u_xxxxxx,-0.9448,0.9534
Heat,u^3,u^3u_xxxxxx,P3(u),P3(u)u_xxxxxx,-0.7367,0.2099
Heat,u^3,u^4u_xxxxxx,P3(u),P4(u)u_xxxxxx,-0.9856,-0.9551
Heat,u^3,u^5u_xxxxxx,P3(u),P5(u)u_xxxxxx,-0.7938,-0.2035
Heat,u^3,u^6u_xxxxxx,P3(u),P6(u)u_xxxxxx,-0.9608,0.484
Heat,u^4,u^5,P4(u),P5(u),0.8709,-0.2136
Heat,u^4,u^6,P4(u),P6(u),0.9857,-0.9399
Heat,u^4,u_x,P4(u),P0(u)u_x,-0.0024,-0.005
Heat,u^4,uu_x,P4(u),P1(u)u_x,-0.0054,0.0011
Heat,u^4,u^2u_x,P4(u),P2(u)u_x,-0.0059,0.0086
Heat,u^4,u^3u_x,P4(u),P3(u)u_x,-0.0073,-0.0005
Heat,u^4,u^4u_x,P4(u),P4(u)u_x,-0.008,-0.0139
Heat,u^4,u^5u_x,P4(u),P5(u)u_x,-0.0096,0.0019
Heat,u^4,u^6u_x,P4(u),P6(u)u_x,-0.0099,0.0114
Heat,u^4,u_xx,P4(u),P0(u)u_xx,-0.286,-0.1092
Heat,u^4,uu_xx,P4(u),P1(u)u_xx,-0.63,0.6798
Heat,u^4,u^2u_xx,P4(u),P2(u)u_xx,-0.6853,0.2244
Heat,u^4,u^3u_xx,P4(u),P3(u)u_xx,-0.9781,0.9304
Heat,u^4,u^4u_xx,P4(u),P4(u)u_xx,-0.8107,-0.223
Heat,u^4,u^5u_xx,P4(u),P5(u)u_xx,-0.9872,-0.9726
Heat,u^4,u^6u_xx,P4(u),P6(u)u_xx,-0.8586,0.19
Heat,u^4,u_xxx,P4(u),P0(u)u_xxx,-0.0557,0.0335
Heat,u^4,uu_xxx,P4(u),P1(u)u_xxx,-0.1493,0.1003
Heat,u^4,u^2u_xxx,P4(u),P2(u)u_xxx,-0.1656,0.0045
Heat,u^4,u^3u_xxx,P4(u),P3(u)u_xxx,-0.1901,-0.0593
Heat,u^4,u^4u_xxx,P4(u),P4(u)u_xxx,-0.1737,-0.0262
Heat,u^4,u^5u_xxx,P4(u),P5(u)u_xxx,-0.1609,-0.0083
Heat,u^4,u^6u_xxx,P4(u),P6(u)u_xxx,-0.1307,0.0023
Heat,u^4,u_xxxx,P4(u),P0(u)u_xxxx,0.012,0.0293
Heat,u^4,uu_xxxx,P4(u),P1(u)u_xxxx,0.0733,-0.0699
Heat,u^4,u^2u_xxxx,P4(u),P2(u)u_xxxx,0.6681,-0.1884
Heat,u^4,u^3u_xxxx,P4(u),P3(u)u_xxxx,0.9662,-0.9498
Heat,u^4,u^4u_xxxx,P4(u),P4(u)u_xxxx,0.8055,0.2154
Heat,u^4,u^5u_xxxx,P4(u),P5(u)u_xxxx,0.9827,0.9707
Heat,u^4,u^6u_xxxx,P4(u),P6(u)u_xxxx,0.856,-0.161
Heat,u^4,u_xxxxx,P4(u),P0(u)u_xxxxx,0.0121,-0.0052
Heat,u^4,uu_xxxxx,P4(u),P1(u)u_xxxxx,0.0321,-0.0155
Heat,u^4,u^2u_xxxxx,P4(u),P2(u)u_xxxxx,0.0371,-0.0081
Heat,u^4,u^3u_xxxxx,P4(u),P3(u)u_xxxxx,0.0441,0.0009
Heat,u^4,u^4u_xxxxx,P4(u),P4(u)u_xxxxx,0.0389,-0.0019
Heat,u^4,u^5u_xxxxx,P4(u),P5(u)u_xxxxx,0.0383,0.0131
Heat,u^4,u^6u_xxxxx,P4(u),P6(u)u_xxxxx,0.0317,0.0064
Heat,u^4,u_xxxxxx,P4(u),P0(u)u_xxxxxx,-0.0028,-0.0037
Heat,u^4,uu_xxxxxx,P4(u),P1(u)u_xxxxxx,-0.0345,0.0196
Heat,u^4,u^2u_xxxxxx,P4(u),P2(u)u_xxxxxx,-0.6661,0.1847
Heat,u^4,u^3u_xxxxxx,P4(u),P3(u)u_xxxxxx,-0.9619,0.9478
Heat,u^4,u^4u_xxxxxx,P4(u),P4(u)u_xxxxxx,-0.8038,-0.2156
Heat,u^4,u^5u_xxxxxx,P4(u),P5(u)u_xxxxxx,-0.9796,-0.9693
Heat,u^4,u^6u_xxxxxx,P4(u),P6(u)u_xxxxxx,-0.8536,0.1589
Heat,u^5,u^6,P5(u),P6(u),0.8997,0.1536
Heat,u^5,u_x,P5(u),P0(u)u_x,-0.0044,0.0063
Heat,u^5,uu_x,P5(u),P1(u)u_x,-0.0044,-0.01
Heat,u^5,u^2u_x,P5(u),P2(u)u_x,-0.0063,-0.0063
Heat,u^5,u^3u_x,P5(u),P3(u)u_x,-0.0068,0.0106
Heat,u^5,u^4u_x,P5(u),P4(u)u_x,-0.0087,0.0034
Heat,u^5,u^5u_x,P5(u),P5(u)u_x,-0.0088,-0.0124
Heat,u^5,u^6u_x,P5(u),P6(u)u_x,-0.0118,0.003
Heat,u^5,u_xx,P5(u),P0(u)u_xx,-0.5165,-0.2661
Heat,u^5,uu_xx,P5(u),P1(u)u_xx,-0.3725,-0.1328
Heat,u^5,u^2u_xx,P5(u),P2(u)u_xx,-0.9203,-0.6667
Heat,u^5,u^3u_xx,P5(u),P3(u)u_xx,-0.7934,-0.2364
Heat,u^5,u^4u_xx,P5(u),P4(u)u_xx,-0.9855,0.8724
Heat,u^5,u^5u_xx,P5(u),P5(u)u_xx,-0.8624,0.22
Heat,u^5,u^6u_xx,P5(u),P6(u)u_xx,-0.9906,-0.8977
Heat,u^5,u_xxx,P5(u),P0(u)u_xxx,-0.0575,0.0988
Heat,u^5,uu_xxx,P5(u),P1(u)u_xxx,-0.1257,0.0506
Heat,u^5,u^2u_xxx,P5(u),P2(u)u_xxx,-0.1655,-0.0938
Heat,u^5,u^3u_xxx,P5(u),P3(u)u_xxx,-0.1698,-0.0545
Heat,u^5,u^4u_xxx,P5(u),P4(u)u_xxx,-0.1718,0.0469
Heat,u^5,u^5u_xxx,P5(u),P5(u)u_xxx,-0.1484,0.0535
Heat,u^5,u^6u_xxx,P5(u),P6(u)u_xxx,-0.1302,-0.021
Heat,u^5,u_xxxx,P5(u),P0(u)u_xxxx,0.043,0.0023
Heat,u^5,uu_xxxx,P5(u),P1(u)u_xxxx,0.0387,0.0335
Heat,u^5,u^2u_xxxx,P5(u),P2(u)u_xxxx,0.8947,0.6938
Heat,u^5,u^3u_xxxx,P5(u),P3(u)u_xxxx,0.792,0.2165
Heat,u^5,u^4u_xxxx,P5(u),P4(u)u_xxxx,0.9775,-0.9175
Heat,u^5,u^5u_xxxx,P5(u),P5(u)u_xxxx,0.8597,-0.2008
Heat,u^5,u^6u_xxxx,P5(u),P6(u)u_xxxx,0.9864,0.8565
Heat,u^5,u_xxxxx,P5(u),P0(u)u_xxxxx,0.0142,-0.0206
Heat,u^5,uu_xxxxx,P5(u),P1(u)u_xxxxx,0.0279,-0.0138
Heat,u^5,u^2u_xxxxx,P5(u),P2(u)u_xxxxx,0.0388,0.0128
Heat,u^5,u^3u_xxxxx,P5(u),P3(u)u_xxxxx,0.041,0.0137
Heat,u^5,u^4u_xxxxx,P5(u),P4(u)u_xxxxx,0.0395,-0.0021
Heat,u^5,u^5u_xxxxx,P5(u),P5(u)u_xxxxx,0.036,-0.0126
Heat,u^5,u^6u_xxxxx,P5(u),P6(u)u_xxxxx,0.0341,0.0155
Heat,u^5,u_xxxxxx,P5(u),P0(u)u_xxxxxx,-0.0072,-0.0015
Heat,u^5,uu_xxxxxx,P5(u),P1(u)u_xxxxxx,-0.0237,-0.0221
Heat,u^5,u^2u_xxxxxx,P5(u),P2(u)u_xxxxxx,-0.8907,-0.6894
Heat,u^5,u^3u_xxxxxx,P5(u),P3(u)u_xxxxxx,-0.789,-0.2154
Heat,u^5,u^4u_xxxxxx,P5(u),P4(u)u_xxxxxx,-0.9748,0.9193
Heat,u^5,u^5u_xxxxxx,P5(u),P5(u)u_xxxxxx,-0.8568,0.1996
Heat,u^5,u^6u_xxxxxx,P5(u),P6(u)u_xxxxxx,-0.9833,-0.8504
Heat,u^6,u_x,P6(u),P0(u)u_x,-0.0035,0.0037
Heat,u^6,uu_x,P6(u),P1(u)u_x,-0.0066,0.004
Heat,u^6,u^2u_x,P6(u),P2(u)u_x,-0.0066,-0.0081
Heat,u^6,u^3u_x,P6(u),P3(u)u_x,-0.0083,-0.0043
Heat,u^6,u^4u_x,P6(u),P4(u)u_x,-0.0088,0.0157
Heat,u^6,u^5u_x,P6(u),P5(u)u_x,-0.0108,0.0023
Heat,u^6,u^6u_x,P6(u),P6(u)u_x,-0.0115,-0.0156
Heat,u^6,u_xx,P6(u),P0(u)u_xx,-0.3199,0.1457
Heat,u^6,uu_xx,P6(u),P1(u)u_xx,-0.5999,-0.5838
Heat,u^6,u^2u_xx,P6(u),P2(u)u_xx,-0.7078,-0.2089
Heat,u^6,u^3u_xx,P6(u),P3(u)u_xx,-0.9519,-0.8218
Heat,u^6,u^4u_xx,P6(u),P4(u)u_xx,-0.8385,0.1893
Heat,u^6,u^5u_xx,P6(u),P5(u)u_xx,-0.9877,0.9279
Heat,u^6,u^6u_xx,P6(u),P6(u)u_xx,-0.8979,-0.1483
Heat,u^6,u_xxx,P6(u),P0(u)u_xxx,-0.0628,0.0009
Heat,u^6,uu_xxx,P6(u),P1(u)u_xxx,-0.1514,-0.047
Heat,u^6,u^2u_xxx,P6(u),P2(u)u_xxx,-0.17,-0.0147
Heat,u^6,u^3u_xxx,P6(u),P3(u)u_xxx,-0.1898,0.0243
Heat,u^6,u^4u_xxx,P6(u),P4(u)u_xxx,-0.177,0.0095
Heat,u^6,u^5u_xxx,P6(u),P5(u)u_xxx,-0.163,0.0053
Heat,u^6,u^6u_xxx,P6(u),P6(u)u_xxx,-0.1362,0.0099
Heat,u^6,u_xxxx,P6(u),P0(u)u_xxxx,0.0177,-0.0299
Heat,u^6,uu_xxxx,P6(u),P1(u)u_xxxx,0.0844,0.0875
Heat,u^6,u^2u_xxxx,P6(u),P2(u)u_xxxx,0.685,0.1558
Heat,u^6,u^3u_xxxx,P6(u),P3(u)u_xxxx,0.9366,0.8401
Heat,u^6,u^4u_xxxx,P6(u),P4(u)u_xxxx,0.8286,-0.1657
Heat,u^6,u^5u_xxxx,P6(u),P5(u)u_xxxx,0.9787,-0.9419
Heat,u^6,u^6u_xxxx,P6(u),P6(u)u_xxxx,0.891,0.1115
Heat,u^6,u_xxxxx,P6(u),P0(u)u_xxxxx,0.0145,-0.0065
Heat,u^6,uu_xxxxx,P6(u),P1(u)u_xxxxx,0.0355,0.001
Heat,u^6,u^2u_xxxxx,P6(u),P2(u)u_xxxxx,0.0413,0.0112
Heat,u^6,u^3u_xxxxx,P6(u),P3(u)u_xxxxx,0.048,0.007
Heat,u^6,u^4u_xxxxx,P6(u),P4(u)u_xxxxx,0.0439,0.0012
Heat,u^6,u^5u_xxxxx,P6(u),P5(u)u_xxxxx,0.0433,-0.0065
Heat,u^6,u^6u_xxxxx,P6(u),P6(u)u_xxxxx,0.0377,-0.0057
Heat,u^6,u_xxxxxx,P6(u),P0(u)u_xxxxxx,-0.0039,0.0045
Heat,u^6,uu_xxxxxx,P6(u),P1(u)u_xxxxxx,-0.047,-0.0417
Heat,u^6,u^2u_xxxxxx,P6(u),P2(u)u_xxxxxx,-0.6821,-0.1518
Heat,u^6,u^3u_xxxxxx,P6(u),P3(u)u_xxxxxx,-0.9312,-0.838
Heat,u^6,u^4u_xxxxxx,P6(u),P4(u)u_xxxxxx,-0.8261,0.1646
Heat,u^6,u^5u_xxxxxx,P6(u),P5(u)u_xxxxxx,-0.9745,0.9422
Heat,u^6,u^6u_xxxxxx,P6(u),P6(u)u_xxxxxx,-0.8879,-0.1084
Heat,u_x,uu_x,P0(u)u_x,P1(u)u_x,0.2645,-0.0863
Heat,u_x,u^2u_x,P0(u)u_x,P2(u)u_x,0.8028,-0.9611
Heat,u_x,u^3u_x,P0(u)u_x,P3(u)u_x,0.3308,0.0969
Heat,u_x,u^4u_x,P0(u)u_x,P4(u)u_x,0.6414,0.5958
Heat,u_x,u^5u_x,P0(u)u_x,P5(u)u_x,0.3493,-0.1145
Heat,u_x,u^6u_x,P0(u)u_x,P6(u)u_x,0.534,-0.1091
Heat,u_x,u_xx,P0(u)u_x,P0(u)u_xx,-0.0,-0.0
Heat,u_x,uu_xx,P0(u)u_x,P1(u)u_xx,0.0475,0.0464
Heat,u_x,u^2u_xx,P0(u)u_x,P2(u)u_xx,0.0114,0.0099
Heat,u_x,u^3u_xx,P0(u)u_x,P3(u)u_xx,0.0138,-0.0211
Heat,u_x,u^4u_xx,P0(u)u_x,P4(u)u_xx,0.0109,-0.0084
Heat,u_x,u^5u_xx,P0(u)u_x,P5(u)u_xx,0.0091,0.0075
Heat,u_x,u^6u_xx,P0(u)u_x,P6(u)u_xx,0.0095,0.0034
Heat,u_x,u_xxx,P0(u)u_x,P0(u)u_xxx,-0.6595,-0.6595
Heat,u_x,uu_xxx,P0(u)u_x,P1(u)u_xxx,-0.012,0.1772
Heat,u_x,u^2u_xxx,P0(u)u_x,P2(u)u_xxx,-0.4348,0.5995
Heat,u_x,u^3u_xxx,P0(u)u_x,P3(u)u_xxx,-0.0805,-0.1909
Heat,u_x,u^4u_xxx,P0(u)u_x,P4(u)u_xxx,-0.2424,-0.1888
Heat,u_x,u^5u_xxx,P0(u)u_x,P5(u)u_xxx,-0.0788,0.1608
Heat,u_x,u^6u_xxx,P0(u)u_x,P6(u)u_xxx,-0.1269,-0.0885
Heat,u_x,u_xxxx,P0(u)u_x,P0(u)u_xxxx,0.0,0.0
Heat,u_x,uu_xxxx,P0(u)u_x,P1(u)u_xxxx,-0.0128,-0.0135
Heat,u_x,u^2u_xxxx,P0(u)u_x,P2(u)u_xxxx,-0.0014,-0.0004
Heat,u_x,u^3u_xxxx,P0(u)u_x,P3(u)u_xxxx,-0.0038,0.0072
Heat,u_x,u^4u_xxxx,P0(u)u_x,P4(u)u_xxxx,-0.0043,-0.0053
Heat,u_x,u^5u_xxxx,P0(u)u_x,P5(u)u_xxxx,-0.0032,-0.0041
Heat,u_x,u^6u_xxxx,P0(u)u_x,P6(u)u_xxxx,-0.0053,0.0112
Heat,u_x,u_xxxxx,P0(u)u_x,P0(u)u_xxxxx,0.0793,0.0793
Heat,u_x,uu_xxxxx,P0(u)u_x,P1(u)u_xxxxx,0.0051,-0.015
Heat,u_x,u^2u_xxxxx,P0(u)u_x,P2(u)u_xxxxx,0.0531,-0.0668
Heat,u_x,u^3u_xxxxx,P0(u)u_x,P3(u)u_xxxxx,0.0162,0.0244
Heat,u_x,u^4u_xxxxx,P0(u)u_x,P4(u)u_xxxxx,0.0301,-0.0051
Heat,u_x,u^5u_xxxxx,P0(u)u_x,P5(u)u_xxxxx,0.0168,-0.0139
Heat,u_x,u^6u_xxxxx,P0(u)u_x,P6(u)u_xxxxx,0.0164,0.0292
Heat,u_x,u_xxxxxx,P0(u)u_x,P0(u)u_xxxxxx,0.0,0.0
Heat,u_x,uu_xxxxxx,P0(u)u_x,P1(u)u_xxxxxx,0.0025,0.0031
Heat,u_x,u^2u_xxxxxx,P0(u)u_x,P2(u)u_xxxxxx,-0.0004,-0.0008
Heat,u_x,u^3u_xxxxxx,P0(u)u_x,P3(u)u_xxxxxx,0.002,-0.0052
Heat,u_x,u^4u_xxxxxx,P0(u)u_x,P4(u)u_xxxxxx,0.0033,0.0073
Heat,u_x,u^5u_xxxxxx,P0(u)u_x,P5(u)u_xxxxxx,0.0024,0.0035
Heat,u_x,u^6u_xxxxxx,P0(u)u_x,P6(u)u_xxxxxx,0.0048,-0.0132
Heat,uu_x,u^2u_x,P1(u)u_x,P2(u)u_x,0.527,0.0698
Heat,uu_x,u^3u_x,P1(u)u_x,P3(u)u_x,0.9442,-0.9817
Heat,uu_x,u^4u_x,P1(u)u_x,P4(u)u_x,0.6049,-0.0196
Heat,uu_x,u^5u_x,P1(u)u_x,P5(u)u_x,0.8526,0.8232
Heat,uu_x,u^6u_x,P1(u)u_x,P6(u)u_x,0.61,-0.0161
Heat,uu_x,u_xx,P1(u)u_x,P0(u)u_xx,0.0592,0.0656
Heat,uu_x,uu_xx,P1(u)u_x,P1(u)u_xx,0.1271,0.0998
Heat,uu_x,u^2u_xx,P1(u)u_x,P2(u)u_xx,0.025,-0.0027
Heat,uu_x,u^3u_xx,P1(u)u_x,P3(u)u_xx,0.0318,-0.0264
Heat,uu_x,u^4u_xx,P1(u)u_x,P4(u)u_xx,0.0179,-0.0144
Heat,uu_x,u^5u_xx,P1(u)u_x,P5(u)u_xx,0.0207,0.0066
Heat,uu_x,u^6u_xx,P1(u)u_x,P6(u)u_xx,0.0129,0.0205
Heat,uu_x,u_xxx,P1(u)u_x,P0(u)u_xxx,-0.0065,0.2287
Heat,uu_x,uu_xxx,P1(u)u_x,P1(u)u_xxx,-0.6226,-0.6689
Heat,uu_x,u^2u_xxx,P1(u)u_x,P2(u)u_xxx,-0.1725,-0.172
Heat,uu_x,u^3u_xxx,P1(u)u_x,P3(u)u_xxx,-0.457,0.7001
Heat,uu_x,u^4u_xxx,P1(u)u_x,P4(u)u_xxx,-0.185,-0.0002
Heat,uu_x,u^5u_xxx,P1(u)u_x,P5(u)u_xxx,-0.276,-0.473
Heat,uu_x,u^6u_xxx,P1(u)u_x,P6(u)u_xxx,-0.137,0.0731
Heat,uu_x,u_xxxx,P1(u)u_x,P0(u)u_xxxx,-0.0154,-0.0164
Heat,uu_x,uu_xxxx,P1(u)u_x,P1(u)u_xxxx,-0.0237,-0.0173
Heat,uu_x,u^2u_xxxx,P1(u)u_x,P2(u)u_xxxx,-0.006,-0.0048
Heat,uu_x,u^3u_xxxx,P1(u)u_x,P3(u)u_xxxx,-0.0087,-0.0017
Heat,uu_x,u^4u_xxxx,P1(u)u_x,P4(u)u_xxxx,-0.0054,0.0112
Heat,uu_x,u^5u_xxxx,P1(u)u_x,P5(u)u_xxxx,-0.0085,-0.0028
Heat,uu_x,u^6u_xxxx,P1(u)u_x,P6(u)u_xxxx,-0.0048,-0.0151
Heat,uu_x,u_xxxxx,P1(u)u_x,P0(u)u_xxxxx,0.0004,-0.0272
Heat,uu_x,uu_xxxxx,P1(u)u_x,P1(u)u_xxxxx,0.0946,0.1004
Heat,uu_x,u^2u_xxxxx,P1(u)u_x,P2(u)u_xxxxx,0.0343,0.0267
Heat,uu_x,u^3u_xxxxx,P1(u)u_x,P3(u)u_xxxxx,0.0745,-0.1194
Heat,uu_x,u^4u_xxxxx,P1(u)u_x,P4(u)u_xxxxx,0.0407,0.0076
Heat,uu_x,u^5u_xxxxx,P1(u)u_x,P5(u)u_xxxxx,0.0459,0.0358
Heat,uu_x,u^6u_xxxxx,P1(u)u_x,P6(u)u_xxxxx,0.0322,-0.0245
Heat,uu_x,u_xxxxxx,P1(u)u_x,P0(u)u_xxxxxx,0.0008,0.0006
Heat,uu_x,uu_xxxxxx,P1(u)u_x,P1(u)u_xxxxxx,-0.0021,-0.0028
Heat,uu_x,u^2u_xxxxxx,P1(u)u_x,P2(u)u_xxxxxx,0.0021,0.0051
Heat,uu_x,u^3u_xxxxxx,P1(u)u_x,P3(u)u_xxxxxx,0.0039,0.0055
Heat,uu_x,u^4u_xxxxxx,P1(u)u_x,P4(u)u_xxxxxx,0.0031,-0.01
Heat,uu_x,u^5u_xxxxxx,P1(u)u_x,P5(u)u_xxxxxx,0.0063,0.0025
Heat,uu_x,u^6u_xxxxxx,P1(u)u_x,P6(u)u_xxxxxx,0.0036,0.0143
Heat,u^2u_x,u^3u_x,P2(u)u_x,P3(u)u_x,0.6554,-0.0915
Heat,u^2u_x,u^4u_x,P2(u)u_x,P4(u)u_x,0.956,-0.7914
Heat,u^2u_x,u^5u_x,P2(u)u_x,P5(u)u_x,0.6949,0.1323
Heat,u^2u_x,u^6u_x,P2(u)u_x,P6(u)u_x,0.872,0.3493
Heat,u^2u_x,u_xx,P2(u)u_x,P0(u)u_xx,0.0832,0.0348
Heat,u^2u_x,uu_xx,P2(u)u_x,P1(u)u_xx,0.135,-0.0195
Heat,u^2u_x,u^2u_xx,P2(u)u_x,P2(u)u_xx,0.0304,-0.0149
Heat,u^2u_x,u^3u_xx,P2(u)u_x,P3(u)u_xx,0.0351,0.0171
Heat,u^2u_x,u^4u_xx,P2(u)u_x,P4(u)u_xx,0.0233,0.0076
Heat,u^2u_x,u^5u_xx,P2(u)u_x,P5(u)u_xx,0.0217,-0.0107
Heat,u^2u_x,u^6u_xx,P2(u)u_x,P6(u)u_xx,0.0182,-0.0011
Heat,u^2u_x,u_xxx,P2(u)u_x,P0(u)u_xxx,-0.5348,0.5937
Heat,u^2u_x,uu_xxx,P2(u)u_x,P1(u)u_xxx,-0.1789,-0.131
Heat,u^2u_x,u^2u_xxx,P2(u)u_x,P2(u)u_xxx,-0.5657,-0.5993
Heat,u^2u_x,u^3u_xxx,P2(u)u_x,P3(u)u_xxx,-0.2385,0.1541
Heat,u^2u_x,u^4u_xxx,P2(u)u_x,P4(u)u_xxx,-0.3908,0.3061
Heat,u^2u_x,u^5u_xxx,P2(u)u_x,P5(u)u_xxx,-0.1987,-0.1562
Heat,u^2u_x,u^6u_xxx,P2(u)u_x,P6(u)u_xxx,-0.2326,-0.0294
Heat,u^2u_x,u_xxxx,P2(u)u_x,P0(u)u_xxxx,-0.0266,-0.0118
Heat,u^2u_x,uu_xxxx,P2(u)u_x,P1(u)u_xxxx,-0.0346,0.0055
Heat,u^2u_x,u^2u_xxxx,P2(u)u_x,P2(u)u_xxxx,-0.0064,0.0006
Heat,u^2u_x,u^3u_xxxx,P2(u)u_x,P3(u)u_xxxx,-0.0109,-0.0091
Heat,u^2u_x,u^4u_xxxx,P2(u)u_x,P4(u)u_xxxx,-0.0085,0.0047
Heat,u^2u_x,u^5u_xxxx,P2(u)u_x,P5(u)u_xxxx,-0.0085,0.0081
Heat,u^2u_x,u^6u_xxxx,P2(u)u_x,P6(u)u_xxxx,-0.0092,-0.0113
Heat,u^2u_x,u_xxxxx,P2(u)u_x,P0(u)u_xxxxx,0.0689,-0.068
Heat,u^2u_x,uu_xxxxx,P2(u)u_x,P1(u)u_xxxxx,0.0301,0.0095
Heat,u^2u_x,u^2u_xxxxx,P2(u)u_x,P2(u)u_xxxxx,0.0957,0.0705
Heat,u^2u_x,u^3u_xxxxx,P2(u)u_x,P3(u)u_xxxxx,0.0517,-0.0139
Heat,u^2u_x,u^4u_xxxxx,P2(u)u_x,P4(u)u_xxxxx,0.0725,-0.0269
Heat,u^2u_x,u^5u_xxxxx,P2(u)u_x,P5(u)u_xxxxx,0.0468,0.0082
Heat,u^2u_x,u^6u_xxxxx,P2(u)u_x,P6(u)u_xxxxx,0.0464,-0.0063
Heat,u^2u_x,u_xxxxxx,P2(u)u_x,P0(u)u_xxxxxx,0.004,0.002
Heat,u^2u_x,uu_xxxxxx,P2(u)u_x,P1(u)u_xxxxxx,0.0072,-0.0009
Heat,u^2u_x,u^2u_xxxxxx,P2(u)u_x,P2(u)u_xxxxxx,0.0014,0.0012
Heat,u^2u_x,u^3u_xxxxxx,P2(u)u_x,P3(u)u_xxxxxx,0.006,0.0077
Heat,u^2u_x,u^4u_xxxxxx,P2(u)u_x,P4(u)u_xxxxxx,0.0056,-0.0062
Heat,u^2u_x,u^5u_xxxxxx,P2(u)u_x,P5(u)u_xxxxxx,0.0062,-0.0075
Heat,u^2u_x,u^6u_xxxxxx,P2(u)u_x,P6(u)u_xxxxxx,0.0077,0.0127
Heat,u^3u_x,u^4u_x,P3(u)u_x,P4(u)u_x,0.7638,0.0536
Heat,u^3u_x,u^5u_x,P3(u)u_x,P5(u)u_x,0.9705,-0.9144
Heat,u^3u_x,u^6u_x,P3(u)u_x,P6(u)u_x,0.7833,-0.0044
Heat,u^3u_x,u_xx,P3(u)u_x,P0(u)u_xx,0.0922,-0.057
Heat,u^3u_x,uu_xx,P3(u)u_x,P1(u)u_xx,0.1654,-0.0839
Heat,u^3u_x,u^2u_xx,P3(u)u_x,P2(u)u_xx,0.0349,0.004
Heat,u^3u_x,u^3u_xx,P3(u)u_x,P3(u)u_xx,0.0422,0.0226
Heat,u^3u_x,u^4u_xx,P3(u)u_x,P4(u)u_xx,0.0255,0.0125
Heat,u^3u_x,u^5u_xx,P3(u)u_x,P5(u)u_xx,0.0275,-0.006
Heat,u^3u_x,u^6u_xx,P3(u)u_x,P6(u)u_xx,0.0187,-0.0215
Heat,u^3u_x,u_xxx,P3(u)u_x,P0(u)u_xxx,-0.0976,-0.2364
Heat,u^3u_x,uu_xxx,P3(u)u_x,P1(u)u_xxx,-0.5692,0.6433
Heat,u^3u_x,u^2u_xxx,P3(u)u_x,P2(u)u_xxx,-0.2731,0.1946
Heat,u^3u_x,u^3u_xxx,P3(u)u_x,P3(u)u_xxx,-0.4934,-0.7046
Heat,u^3u_x,u^4u_xxx,P3(u)u_x,P4(u)u_xxx,-0.2724,-0.0336
Heat,u^3u_x,u^5u_xxx,P3(u)u_x,P5(u)u_xxx,-0.3381,0.5348
Heat,u^3u_x,u^6u_xxx,P3(u)u_x,P6(u)u_xxx,-0.2054,-0.0584
Heat,u^3u_x,u_xxxx,P3(u)u_x,P0(u)u_xxxx,-0.0262,0.0138
Heat,u^3u_x,uu_xxxx,P3(u)u_x,P1(u)u_xxxx,-0.038,0.0124
Heat,u^3u_x,u^2u_xxxx,P3(u)u_x,P2(u)u_xxxx,-0.0098,0.0033
Heat,u^3u_x,u^3u_xxxx,P3(u)u_x,P3(u)u_xxxx,-0.0134,0.0018
Heat,u^3u_x,u^4u_xxxx,P3(u)u_x,P4(u)u_xxxx,-0.0095,-0.0105
Heat,u^3u_x,u^5u_xxxx,P3(u)u_x,P5(u)u_xxxx,-0.0123,0.0024
Heat,u^3u_x,u^6u_xxxx,P3(u)u_x,P6(u)u_xxxx,-0.0087,0.017
Heat,u^3u_x,u_xxxxx,P3(u)u_x,P0(u)u_xxxxx,0.0113,0.0267
Heat,u^3u_x,uu_xxxxx,P3(u)u_x,P1(u)u_xxxxx,0.0939,-0.0919
Heat,u^3u_x,u^2u_xxxxx,P3(u)u_x,P2(u)u_xxxxx,0.058,-0.0268
Heat,u^3u_x,u^3u_xxxxx,P3(u)u_x,P3(u)u_xxxxx,0.1013,0.1203
Heat,u^3u_x,u^4u_xxxxx,P3(u)u_x,P4(u)u_xxxxx,0.0667,-0.0042
Heat,u^3u_x,u^5u_xxxxx,P3(u)u_x,P5(u)u_xxxxx,0.0761,-0.0558
Heat,u^3u_x,u^6u_xxxxx,P3(u)u_x,P6(u)u_xxxxx,0.0561,0.0253
Heat,u^3u_x,u_xxxxxx,P3(u)u_x,P0(u)u_xxxxxx,0.002,-0.0012
Heat,u^3u_x,uu_xxxxxx,P3(u)u_x,P1(u)u_xxxxxx,0.0028,0.0032
Heat,u^3u_x,u^2u_xxxxxx,P3(u)u_x,P2(u)u_xxxxxx,0.0045,-0.0035
Heat,u^3u_x,u^3u_xxxxxx,P3(u)u_x,P3(u)u_xxxxxx,0.0071,-0.0047
Heat,u^3u_x,u^4u_xxxxxx,P3(u)u_x,P4(u)u_xxxxxx,0.0065,0.0094
Heat,u^3u_x,u^5u_xxxxxx,P3(u)u_x,P5(u)u_xxxxxx,0.0095,-0.0021
Heat,u^3u_x,u^6u_xxxxxx,P3(u)u_x,P6(u)u_xxxxxx,0.0071,-0.016
Heat,u^4u_x,u^5u_x,P4(u)u_x,P5(u)u_x,0.8284,-0.1251
Heat,u^4u_x,u^6u_x,P4(u)u_x,P6(u)u_x,0.9711,-0.8247
Heat,u^4u_x,u_xx,P4(u)u_x,P0(u)u_xx,0.1059,-0.1013
Heat,u^4u_x,uu_xx,P4(u)u_x,P1(u)u_xx,0.1611,-0.0438
Heat,u^4u_x,u^2u_xx,P4(u)u_x,P2(u)u_xx,0.0381,0.0245
Heat,u^4u_x,u^3u_xx,P4(u)u_x,P3(u)u_xx,0.0431,-0.003
Heat,u^4u_x,u^4u_xx,P4(u)u_x,P4(u)u_xx,0.0295,-0.0064
Heat,u^4u_x,u^5u_xx,P4(u)u_x,P5(u)u_xx,0.0278,0.014
Heat,u^4u_x,u^6u_xx,P4(u)u_x,P6(u)u_xx,0.0233,-0.0024
Heat,u^4u_x,u_xxx,P4(u)u_x,P0(u)u_xxx,-0.4106,-0.2683
Heat,u^4u_x,uu_xxx,P4(u)u_x,P1(u)u_xxx,-0.2548,-0.0046
Heat,u^4u_x,u^2u_xxx,P4(u)u_x,P2(u)u_xxx,-0.5405,0.4061
Heat,u^4u_x,u^3u_xxx,P4(u)u_x,P3(u)u_xxx,-0.3174,-0.0257
Heat,u^4u_x,u^4u_xxx,P4(u)u_x,P4(u)u_xxx,-0.4329,-0.4704
Heat,u^4u_x,u^5u_xxx,P4(u)u_x,P5(u)u_xxx,-0.2744,0.0859
Heat,u^4u_x,u^6u_xxx,P4(u)u_x,P6(u)u_xxx,-0.2966,0.3081
Heat,u^4u_x,u_xxxx,P4(u)u_x,P0(u)u_xxxx,-0.0361,0.0317
Heat,u^4u_x,uu_xxxx,P4(u)u_x,P1(u)u_xxxx,-0.0437,0.0137
Heat,u^4u_x,u^2u_xxxx,P4(u)u_x,P2(u)u_xxxx,-0.0109,-0.0026
Heat,u^4u_x,u^3u_xxxx,P4(u)u_x,P3(u)u_xxxx,-0.0154,0.0103
Heat,u^4u_x,u^4u_xxxx,P4(u)u_x,P4(u)u_xxxx,-0.0127,-0.0006
Heat,u^4u_x,u^5u_xxxx,P4(u)u_x,P5(u)u_xxxx,-0.0129,-0.0142
Heat,u^4u_x,u^6u_xxxx,P4(u)u_x,P6(u)u_xxxx,-0.0134,0.0076
Heat,u^4u_x,u_xxxxx,P4(u)u_x,P0(u)u_xxxxx,0.0515,0.0203
Heat,u^4u_x,uu_xxxxx,P4(u)u_x,P1(u)u_xxxxx,0.0444,0.0039
Heat,u^4u_x,u^2u_xxxxx,P4(u)u_x,P2(u)u_xxxxx,0.1095,-0.0499
Heat,u^4u_x,u^3u_xxxxx,P4(u)u_x,P3(u)u_xxxxx,0.0779,-0.0135
Heat,u^4u_x,u^4u_xxxxx,P4(u)u_x,P4(u)u_xxxxx,0.1047,0.0898
Heat,u^4u_x,u^5u_xxxxx,P4(u)u_x,P5(u)u_xxxxx,0.0776,0.0125
Heat,u^4u_x,u^6u_xxxxx,P4(u)u_x,P6(u)u_xxxxx,0.0831,-0.0592
Heat,u^4u_x,u_xxxxxx,P4(u)u_x,P0(u)u_xxxxxx,0.0067,-0.0041
Heat,u^4u_x,uu_xxxxxx,P4(u)u_x,P1(u)u_xxxxxx,0.0111,-0.0049
Heat,u^4u_x,u^2u_xxxxxx,P4(u)u_x,P2(u)u_xxxxxx,0.005,-0.0002
Heat,u^4u_x,u^3u_xxxxxx,P4(u)u_x,P3(u)u_xxxxxx,0.0096,-0.011
Heat,u^4u_x,u^4u_xxxxxx,P4(u)u_x,P4(u)u_xxxxxx,0.0094,0.0008
Heat,u^4u_x,u^5u_xxxxxx,P4(u)u_x,P5(u)u_xxxxxx,0.0103,0.0139
Heat,u^4u_x,u^6u_xxxxxx,P4(u)u_x,P6(u)u_xxxxxx,0.0117,-0.0075
Heat,u^5u_x,u^6u_x,P5(u)u_x,P6(u)u_x,0.8762,0.0561
Heat,u^5u_x,u_xx,P5(u)u_x,P0(u)u_xx,0.0991,0.0287
Heat,u^5u_x,uu_xx,P5(u)u_x,P1(u)u_xx,0.1717,0.0412
Heat,u^5u_x,u^2u_xx,P5(u)u_x,P2(u)u_xx,0.0379,-0.0058
Heat,u^5u_x,u^3u_xx,P5(u)u_x,P3(u)u_xx,0.0466,-0.0088
Heat,u^5u_x,u^4u_xx,P5(u)u_x,P4(u)u_xx,0.0292,-0.008
Heat,u^5u_x,u^5u_xx,P5(u)u_x,P5(u)u_xx,0.032,0.0016
Heat,u^5u_x,u^6u_xx,P5(u)u_x,P6(u)u_xx,0.0227,0.0227
Heat,u^5u_x,u_xxx,P5(u)u_x,P0(u)u_xxx,-0.1357,0.2298
Heat,u^5u_x,uu_xxx,P5(u)u_x,P1(u)u_xxx,-0.4963,-0.5117
Heat,u^5u_x,u^2u_xxx,P5(u)u_x,P2(u)u_xxx,-0.3211,-0.2223
Heat,u^5u_x,u^3u_xxx,P5(u)u_x,P3(u)u_xxx,-0.4912,0.6182
Heat,u^5u_x,u^4u_xxx,P5(u)u_x,P4(u)u_xxx,-0.334,0.102
Heat,u^5u_x,u^5u_xxx,P5(u)u_x,P5(u)u_xxx,-0.3885,-0.6003
Heat,u^5u_x,u^6u_xxx,P5(u)u_x,P6(u)u_xxx,-0.277,0.0169
Heat,u^5u_x,u_xxxx,P5(u)u_x,P0(u)u_xxxx,-0.0308,-0.0047
Heat,u^5u_x,uu_xxxx,P5(u)u_x,P1(u)u_xxxx,-0.0456,-0.0006
Heat,u^5u_x,u^2u_xxxx,P5(u)u_x,P2(u)u_xxxx,-0.0125,-0.0001
Heat,u^5u_x,u^3u_xxxx,P5(u)u_x,P3(u)u_xxxx,-0.0181,-0.0043
Heat,u^5u_x,u^4u_xxxx,P5(u)u_x,P4(u)u_xxxx,-0.0132,0.0091
Heat,u^5u_x,u^5u_xxxx,P5(u)u_x,P5(u)u_xxxx,-0.0171,0.001
Heat,u^5u_x,u^6u_xxxx,P5(u)u_x,P6(u)u_xxxx,-0.013,-0.021
Heat,u^5u_x,u_xxxxx,P5(u)u_x,P0(u)u_xxxxx,0.0145,-0.0245
Heat,u^5u_x,uu_xxxxx,P5(u)u_x,P1(u)u_xxxxx,0.0889,0.0627
Heat,u^5u_x,u^2u_xxxxx,P5(u)u_x,P2(u)u_xxxxx,0.0754,0.023
Heat,u^5u_x,u^3u_xxxxx,P5(u)u_x,P3(u)u_xxxxx,0.1237,-0.0975
Heat,u^5u_x,u^4u_xxxxx,P5(u)u_x,P4(u)u_xxxxx,0.098,0.0003
Heat,u^5u_x,u^5u_xxxxx,P5(u)u_x,P5(u)u_xxxxx,0.1164,0.0907
Heat,u^5u_x,u^6u_xxxxx,P5(u)u_x,P6(u)u_xxxxx,0.0963,-0.0261
Heat,u^5u_x,u_xxxxxx,P5(u)u_x,P0(u)u_xxxxxx,0.0046,0.0015
Heat,u^5u_x,uu_xxxxxx,P5(u)u_x,P1(u)u_xxxxxx,0.0089,-0.0043
Heat,u^5u_x,u^2u_xxxxxx,P5(u)u_x,P2(u)u_xxxxxx,0.007,0.0
Heat,u^5u_x,u^3u_xxxxxx,P5(u)u_x,P3(u)u_xxxxxx,0.0117,0.0051
Heat,u^5u_x,u^4u_xxxxxx,P5(u)u_x,P4(u)u_xxxxxx,0.0101,-0.0084
Heat,u^5u_x,u^5u_xxxxxx,P5(u)u_x,P5(u)u_xxxxxx,0.0143,-0.0012
Heat,u^5u_x,u^6u_xxxxxx,P5(u)u_x,P6(u)u_xxxxxx,0.0115,0.0198
Heat,u^6u_x,u_xx,P6(u)u_x,P0(u)u_xx,0.1059,0.1196
Heat,u^6u_x,uu_xx,P6(u)u_x,P1(u)u_xx,0.1601,0.0696
Heat,u^6u_x,u^2u_xx,P6(u)u_x,P2(u)u_xx,0.0406,-0.0276
Heat,u^6u_x,u^3u_xx,P6(u)u_x,P3(u)u_xx,0.0452,-0.0109
Heat,u^6u_x,u^4u_xx,P6(u)u_x,P4(u)u_xx,0.0332,0.0084
Heat,u^6u_x,u^5u_xx,P6(u)u_x,P5(u)u_xx,0.0314,-0.0088
Heat,u^6u_x,u^6u_xx,P6(u)u_x,P6(u)u_xx,0.028,-0.0026
Heat,u^6u_x,u_xxx,P6(u)u_x,P0(u)u_xxx,-0.3254,-0.0923
Heat,u^6u_x,uu_xxx,P6(u)u_x,P1(u)u_xxx,-0.279,0.1044
Heat,u^6u_x,u^2u_xxx,P6(u)u_x,P2(u)u_xxx,-0.4921,-0.0805
Heat,u^6u_x,u^3u_xxx,P6(u)u_x,P3(u)u_xxx,-0.3583,-0.0922
Heat,u^6u_x,u^4u_xxx,P6(u)u_x,P4(u)u_xxx,-0.4556,0.4073
Heat,u^6u_x,u^5u_xxx,P6(u)u_x,P5(u)u_xxx,-0.3423,0.0322
Heat,u^6u_x,u^6u_xxx,P6(u)u_x,P6(u)u_xxx,-0.3688,-0.4642
Heat,u^6u_x,u_xxxx,P6(u)u_x,P0(u)u_xxxx,-0.0383,-0.032
Heat,u^6u_x,uu_xxxx,P6(u)u_x,P1(u)u_xxxx,-0.0495,-0.0232
Heat,u^6u_x,u^2u_xxxx,P6(u)u_x,P2(u)u_xxxx,-0.0152,0.0044
Heat,u^6u_x,u^3u_xxxx,P6(u)u_x,P3(u)u_xxxx,-0.0194,-0.0052
Heat,u^6u_x,u^4u_xxxx,P6(u)u_x,P4(u)u_xxxx,-0.0177,-0.0054
Heat,u^6u_x,u^5u_xxxx,P6(u)u_x,P5(u)u_xxxx,-0.0178,0.0121
Heat,u^6u_x,u^6u_xxxx,P6(u)u_x,P6(u)u_xxxx,-0.0192,0.0027
Heat,u^6u_x,u_xxxxx,P6(u)u_x,P0(u)u_xxxxx,0.0392,0.0287
Heat,u^6u_x,uu_xxxxx,P6(u)u_x,P1(u)u_xxxxx,0.0519,-0.0151
Heat,u^6u_x,u^2u_xxxxx,P6(u)u_x,P2(u)u_xxxxx,0.1168,0.0043
Heat,u^6u_x,u^3u_xxxxx,P6(u)u_x,P3(u)u_xxxxx,0.1041,0.035
Heat,u^6u_x,u^4u_xxxxx,P6(u)u_x,P4(u)u_xxxxx,0.1411,-0.0963
Heat,u^6u_x,u^5u_xxxxx,P6(u)u_x,P5(u)u_xxxxx,0.1222,-0.0377
Heat,u^6u_x,u^6u_xxxxx,P6(u)u_x,P6(u)u_xxxxx,0.139,0.1112
Heat,u^6u_x,u_xxxxxx,P6(u)u_x,P0(u)u_xxxxxx,0.0091,0.0015
Heat,u^6u_x,uu_xxxxxx,P6(u)u_x,P1(u)u_xxxxxx,0.0172,0.0092
Heat,u^6u_x,u^2u_xxxxxx,P6(u)u_x,P2(u)u_xxxxxx,0.0094,-0.0014
Heat,u^6u_x,u^3u_xxxxxx,P6(u)u_x,P3(u)u_xxxxxx,0.0138,0.0073
Heat,u^6u_x,u^4u_xxxxxx,P6(u)u_x,P4(u)u_xxxxxx,0.0146,0.0055
Heat,u^6u_x,u^5u_xxxxxx,P6(u)u_x,P5(u)u_xxxxxx,0.0154,-0.0124
Heat,u^6u_x,u^6u_xxxxxx,P6(u)u_x,P6(u)u_xxxxxx,0.0177,-0.003
Heat,u_xx,uu_xx,P0(u)u_xx,P1(u)u_xx,0.0258,-0.2265
Heat,u_xx,u^2u_xx,P0(u)u_xx,P2(u)u_xx,0.6332,0.3958
Heat,u_xx,u^3u_xx,P0(u)u_xx,P3(u)u_xx,0.2148,-0.0123
Heat,u_xx,u^4u_xx,P0(u)u_xx,P4(u)u_xx,0.5644,-0.3919
Heat,u_xx,u^5u_xx,P0(u)u_xx,P5(u)u_xx,0.2836,0.076
Heat,u_xx,u^6u_xx,P0(u)u_xx,P6(u)u_xx,0.5107,-0.0163
Heat,u_xx,u_xxx,P0(u)u_xx,P0(u)u_xxx,0.0,0.0
Heat,u_xx,uu_xxx,P0(u)u_xx,P1(u)u_xxx,0.0209,0.0234
Heat,u_xx,u^2u_xxx,P0(u)u_xx,P2(u)u_xxx,0.0259,0.0203
Heat,u_xx,u^3u_xxx,P0(u)u_xx,P3(u)u_xxx,0.0341,0.0002
Heat,u_xx,u^4u_xxx,P0(u)u_xx,P4(u)u_xxx,0.0339,-0.0198
Heat,u_xx,u^5u_xxx,P0(u)u_xx,P5(u)u_xxx,0.0296,-0.0007
Heat,u_xx,u^6u_xxx,P0(u)u_xx,P6(u)u_xxx,0.0238,-0.0193
Heat,u_xx,u_xxxx,P0(u)u_xx,P0(u)u_xxxx,-0.4433,-0.4433
Heat,u_xx,uu_xxxx,P0(u)u_xx,P1(u)u_xxxx,-0.0365,0.0449
Heat,u_xx,u^2u_xxxx,P0(u)u_xx,P2(u)u_xxxx,-0.6068,-0.5294
Heat,u_xx,u^3u_xxxx,P0(u)u_xx,P3(u)u_xxxx,-0.22,0.0736
Heat,u_xx,u^4u_xxxx,P0(u)u_xx,P4(u)u_xxxx,-0.5598,0.4097
Heat,u_xx,u^5u_xxxx,P0(u)u_xx,P5(u)u_xxxx,-0.2856,-0.1013
Heat,u_xx,u^6u_xxxx,P0(u)u_xx,P6(u)u_xxxx,-0.5115,0.0324
Heat,u_xx,u_xxxxx,P0(u)u_xx,P0(u)u_xxxxx,0.0,0.0
Heat,u_xx,uu_xxxxx,P0(u)u_xx,P1(u)u_xxxxx,-0.012,-0.0163
Heat,u_xx,u^2u_xxxxx,P0(u)u_xx,P2(u)u_xxxxx,0.0008,-0.0004
Heat,u_xx,u^3u_xxxxx,P0(u)u_xx,P3(u)u_xxxxx,-0.0083,0.0037
Heat,u_xx,u^4u_xxxxx,P0(u)u_xx,P4(u)u_xxxxx,0.0029,-0.0011
Heat,u_xx,u^5u_xxxxx,P0(u)u_xx,P5(u)u_xxxxx,0.0019,-0.0152
Heat,u_xx,u^6u_xxxxx,P0(u)u_xx,P6(u)u_xxxxx,0.005,0.0077
Heat,u_xx,u_xxxxxx,P0(u)u_xx,P0(u)u_xxxxxx,0.3352,0.3352
Heat,u_xx,uu_xxxxxx,P0(u)u_xx,P1(u)u_xxxxxx,0.0399,-0.0282
Heat,u_xx,u^2u_xxxxxx,P0(u)u_xx,P2(u)u_xxxxxx,0.6057,0.5333
Heat,u_xx,u^3u_xxxxxx,P0(u)u_xx,P3(u)u_xxxxxx,0.2198,-0.077
Heat,u_xx,u^4u_xxxxxx,P0(u)u_xx,P4(u)u_xxxxxx,0.5599,-0.4083
Heat,u_xx,u^5u_xxxxxx,P0(u)u_xx,P5(u)u_xxxxxx,0.2851,0.1026
Heat,u_xx,u^6u_xxxxxx,P0(u)u_xx,P6(u)u_xxxxxx,0.5114,-0.0322
Heat,uu_xx,u^2u_xx,P1(u)u_xx,P2(u)u_xx,0.195,0.0413
Heat,uu_xx,u^3u_xx,P1(u)u_xx,P3(u)u_xx,0.7303,0.496
Heat,uu_xx,u^4u_xx,P1(u)u_xx,P4(u)u_xx,0.3202,-0.0606
Heat,uu_xx,u^5u_xx,P1(u)u_xx,P5(u)u_xx,0.6631,-0.593
Heat,uu_xx,u^6u_xx,P1(u)u_xx,P6(u)u_xx,0.3897,0.1471
Heat,uu_xx,u_xxx,P1(u)u_xx,P0(u)u_xxx,0.0227,0.0205
Heat,uu_xx,uu_xxx,P1(u)u_xx,P1(u)u_xxx,0.0545,0.0406
Heat,uu_xx,u^2u_xxx,P1(u)u_xx,P2(u)u_xxx,0.04,-0.0081
Heat,uu_xx,u^3u_xxx,P1(u)u_xx,P3(u)u_xxx,0.0532,-0.0218
Heat,uu_xx,u^4u_xxx,P1(u)u_xx,P4(u)u_xxx,0.0372,0.0194
Heat,uu_xx,u^5u_xxx,P1(u)u_xx,P5(u)u_xxx,0.0381,-0.0035
Heat,uu_xx,u^6u_xxx,P1(u)u_xx,P6(u)u_xxx,0.0194,-0.0204
Heat,uu_xx,u_xxxx,P1(u)u_xx,P0(u)u_xxxx,-0.0423,0.0688
Heat,uu_xx,uu_xxxx,P1(u)u_xx,P1(u)u_xxxx,-0.6538,-0.6536
Heat,uu_xx,u^2u_xxxx,P1(u)u_xx,P2(u)u_xxxx,-0.1853,-0.0014
Heat,uu_xx,u^3u_xxxx,P1(u)u_xx,P3(u)u_xxxx,-0.7193,-0.56
Heat,uu_xx,u^4u_xxxx,P1(u)u_xx,P4(u)u_xxxx,-0.316,0.06
Heat,uu_xx,u^5u_xxxx,P1(u)u_xx,P5(u)u_xxxx,-0.6613,0.5955
Heat,uu_xx,u^6u_xxxx,P1(u)u_xx,P6(u)u_xxxx,-0.3889,-0.1405
Heat,uu_xx,u_xxxxx,P1(u)u_xx,P0(u)u_xxxxx,-0.0214,-0.0184
Heat,uu_xx,uu_xxxxx,P1(u)u_xx,P1(u)u_xxxxx,-0.019,-0.0106
Heat,uu_xx,u^2u_xxxxx,P1(u)u_xx,P2(u)u_xxxxx,-0.0139,0.0097
Heat,uu_xx,u^3u_xxxxx,P1(u)u_xx,P3(u)u_xxxxx,-0.0098,0.0053
Heat,uu_xx,u^4u_xxxxx,P1(u)u_xx,P4(u)u_xxxxx,-0.0024,-0.0201
Heat,uu_xx,u^5u_xxxxx,P1(u)u_xx,P5(u)u_xxxxx,0.0021,0.0098
Heat,uu_xx,u^6u_xxxxx,P1(u)u_xx,P6(u)u_xxxxx,0.0107,0.0073
Heat,uu_xx,u_xxxxxx,P1(u)u_xx,P0(u)u_xxxxxx,0.0448,-0.04
Heat,uu_xx,uu_xxxxxx,P1(u)u_xx,P1(u)u_xxxxxx,0.5674,0.5661
Heat,uu_xx,u^2u_xxxxxx,P1(u)u_xx,P2(u)u_xxxxxx,0.1841,-0.0016
Heat,uu_xx,u^3u_xxxxxx,P1(u)u_xx,P3(u)u_xxxxxx,0.7153,0.5645
Heat,uu_xx,u^4u_xxxxxx,P1(u)u_xx,P4(u)u_xxxxxx,0.3149,-0.0612
Heat,uu_xx,u^5u_xxxxxx,P1(u)u_xx,P5(u)u_xxxxxx,0.6599,-0.5954
Heat,uu_xx,u^6u_xxxxxx,P1(u)u_xx,P6(u)u_xxxxxx,0.388,0.1418
Heat,u^2u_xx,u^3u_xx,P2(u)u_xx,P3(u)u_xx,0.6128,0.2538
Heat,u^2u_xx,u^4u_xx,P2(u)u_xx,P4(u)u_xx,0.9662,-0.9307
Heat,u^2u_xx,u^5u_xx,P2(u)u_xx,P5(u)u_xx,0.6774,-0.2381
Heat,u^2u_xx,u^6u_xx,P2(u)u_xx,P6(u)u_xx,0.9115,0.4124
Heat,u^2u_xx,u_xxx,P2(u)u_xx,P0(u)u_xxx,0.0076,0.0046
Heat,u^2u_xx,uu_xxx,P2(u)u_xx,P1(u)u_xxx,0.0461,0.0407
Heat,u^2u_xx,u^2u_xxx,P2(u)u_xx,P2(u)u_xxx,0.0836,0.0461
Heat,u^2u_xx,u^3u_xxx,P2(u)u_xx,P3(u)u_xxx,0.0861,-0.0071
Heat,u^2u_xx,u^4u_xxx,P2(u)u_xx,P4(u)u_xxx,0.0972,-0.0806
Heat,u^2u_xx,u^5u_xxx,P2(u)u_xx,P5(u)u_xxx,0.0805,-0.0274
Heat,u^2u_xx,u^6u_xxx,P2(u)u_xx,P6(u)u_xxx,0.0752,0.0322
Heat,u^2u_xx,u_xxxx,P2(u)u_xx,P0(u)u_xxxx,-0.0934,0.0549
Heat,u^2u_xx,uu_xxxx,P2(u)u_xx,P1(u)u_xxxx,-0.0435,0.0042
Heat,u^2u_xx,u^2u_xxxx,P2(u)u_xx,P2(u)u_xxxx,-0.9941,-0.9773
Heat,u^2u_xx,u^3u_xxxx,P2(u)u_xx,P3(u)u_xxxx,-0.6285,-0.2263
Heat,u^2u_xx,u^4u_xxxx,P2(u)u_xx,P4(u)u_xxxx,-0.9692,0.8741
Heat,u^2u_xx,u^5u_xxxx,P2(u)u_xx,P5(u)u_xxxx,-0.6834,0.2343
Heat,u^2u_xx,u^6u_xxxx,P2(u)u_xx,P6(u)u_xxxx,-0.9147,-0.2919
Heat,u^2u_xx,u_xxxxx,P2(u)u_xx,P0(u)u_xxxxx,-0.0052,-0.0036
Heat,u^2u_xx,uu_xxxxx,P2(u)u_xx,P1(u)u_xxxxx,-0.0138,-0.0092
Heat,u^2u_xx,u^2u_xxxxx,P2(u)u_xx,P2(u)u_xxxxx,-0.0172,-0.0081
Heat,u^2u_xx,u^3u_xxxxx,P2(u)u_xx,P3(u)u_xxxxx,-0.0208,-0.0064
Heat,u^2u_xx,u^4u_xxxxx,P2(u)u_xx,P4(u)u_xxxxx,-0.0158,0.0134
Heat,u^2u_xx,u^5u_xxxxx,P2(u)u_xx,P5(u)u_xxxxx,-0.0143,0.0046
Heat,u^2u_xx,u^6u_xxxxx,P2(u)u_xx,P6(u)u_xxxxx,-0.0131,-0.004
Heat,u^2u_xx,u_xxxxxx,P2(u)u_xx,P0(u)u_xxxxxx,0.0439,-0.0747
Heat,u^2u_xx,uu_xxxxxx,P2(u)u_xx,P1(u)u_xxxxxx,0.0416,0.0038
Heat,u^2u_xx,u^2u_xxxxxx,P2(u)u_xx,P2(u)u_xxxxxx,0.9913,0.9719
Heat,u^2u_xx,u^3u_xxxxxx,P2(u)u_xx,P3(u)u_xxxxxx,0.6276,0.2208
Heat,u^2u_xx,u^4u_xxxxxx,P2(u)u_xx,P4(u)u_xxxxxx,0.9677,-0.866
Heat,u^2u_xx,u^5u_xxxxxx,P2(u)u_xx,P5(u)u_xxxxxx,0.6819,-0.2328
Heat,u^2u_xx,u^6u_xxxxxx,P2(u)u_xx,P6(u)u_xxxxxx,0.9127,0.2812
Heat,u^3u_xx,u^4u_xx,P3(u)u_xx,P4(u)u_xx,0.7405,-0.2618
Heat,u^3u_xx,u^5u_xx,P3(u)u_xx,P5(u)u_xx,0.9826,-0.961
Heat,u^3u_xx,u^6u_xx,P3(u)u_xx,P6(u)u_xx,0.7928,0.1997
Heat,u^3u_xx,u_xxx,P3(u)u_xx,P0(u)u_xxx,0.0347,0.0477
Heat,u^3u_xx,uu_xxx,P3(u)u_xx,P1(u)u_xxx,0.1166,0.1286
Heat,u^3u_xx,u^2u_xxx,P3(u)u_xx,P2(u)u_xxx,0.1223,0.001
Heat,u^3u_xx,u^3u_xxx,P3(u)u_xx,P3(u)u_xxx,0.1481,-0.0822
Heat,u^3u_xx,u^4u_xxx,P3(u)u_xx,P4(u)u_xxx,0.1309,-0.0382
Heat,u^3u_xx,u^5u_xxx,P3(u)u_xx,P5(u)u_xxx,0.1239,-0.0042
Heat,u^3u_xx,u^6u_xxx,P3(u)u_xx,P6(u)u_xxx,0.0969,0.0147
Heat,u^3u_xx,u_xxxx,P3(u)u_xx,P0(u)u_xxxx,-0.0184,0.0005
Heat,u^3u_xx,uu_xxxx,P3(u)u_xx,P1(u)u_xxxx,-0.1827,0.1305
Heat,u^3u_xx,u^2u_xxxx,P3(u)u_xx,P2(u)u_xxxx,-0.6039,-0.2378
Heat,u^3u_xx,u^3u_xxxx,P3(u)u_xx,P3(u)u_xxxx,-0.9944,-0.9887
Heat,u^3u_xx,u^4u_xxxx,P3(u)u_xx,P4(u)u_xxxx,-0.7397,0.2633
Heat,u^3u_xx,u^5u_xxxx,P3(u)u_xx,P5(u)u_xxxx,-0.9827,0.945
Heat,u^3u_xx,u^6u_xxxx,P3(u)u_xx,P6(u)u_xxxx,-0.7937,-0.1739
Heat,u^3u_xx,u_xxxxx,P3(u)u_xx,P0(u)u_xxxxx,-0.0115,-0.005
Heat,u^3u_xx,uu_xxxxx,P3(u)u_xx,P1(u)u_xxxxx,-0.0277,-0.025
Heat,u^3u_xx,u^2u_xxxxx,P3(u)u_xx,P2(u)u_xxxxx,-0.0291,-0.0109
Heat,u^3u_xx,u^3u_xxxxx,P3(u)u_xx,P3(u)u_xxxxx,-0.0334,0.009
Heat,u^3u_xx,u^4u_xxxxx,P3(u)u_xx,P4(u)u_xxxxx,-0.027,0.0003
Heat,u^3u_xx,u^5u_xxxxx,P3(u)u_xx,P5(u)u_xxxxx,-0.0252,0.0112
Heat,u^3u_xx,u^6u_xxxxx,P3(u)u_xx,P6(u)u_xxxxx,-0.0178,0.007
Heat,u^3u_xx,u_xxxxxx,P3(u)u_xx,P0(u)u_xxxxxx,0.0154,0.018
Heat,u^3u_xx,uu_xxxxxx,P3(u)u_xx,P1(u)u_xxxxxx,0.1332,-0.1618
Heat,u^3u_xx,u^2u_xxxxxx,P3(u)u_xx,P2(u)u_xxxxxx,0.6025,0.2344
Heat,u^3u_xx,u^3u_xxxxxx,P3(u)u_xx,P3(u)u_xxxxxx,0.9903,0.9831
Heat,u^3u_xx,u^4u_xxxxxx,P3(u)u_xx,P4(u)u_xxxxxx,0.7384,-0.2636
Heat,u^3u_xx,u^5u_xxxxxx,P3(u)u_xx,P5(u)u_xxxxxx,0.9804,-0.9408
Heat,u^3u_xx,u^6u_xxxxxx,P3(u)u_xx,P6(u)u_xxxxxx,0.7919,0.1714
Heat,u^4u_xx,u^5u_xx,P4(u)u_xx,P5(u)u_xx,0.8095,0.2393
Heat,u^4u_xx,u^6u_xx,P4(u)u_xx,P6(u)u_xx,0.9839,-0.6942
Heat,u^4u_xx,u_xxx,P4(u)u_xx,P0(u)u_xxx,0.0396,0.0494
Heat,u^4u_xx,uu_xxx,P4(u)u_xx,P1(u)u_xxx,0.0939,0.0059
Heat,u^4u_xx,u^2u_xxx,P4(u)u_xx,P2(u)u_xxx,0.1318,-0.0723
Heat,u^4u_xx,u^3u_xxx,P4(u)u_xx,P3(u)u_xxx,0.1343,-0.0252
Heat,u^4u_xx,u^4u_xxx,P4(u)u_xx,P4(u)u_xxx,0.1388,0.0618
Heat,u^4u_xx,u^5u_xxx,P4(u)u_xx,P5(u)u_xxx,0.1177,0.0418
Heat,u^4u_xx,u^6u_xxx,P4(u)u_xx,P6(u)u_xxx,0.1037,-0.0215
Heat,u^4u_xx,u_xxxx,P4(u)u_xx,P0(u)u_xxxx,-0.0685,-0.0036
Heat,u^4u_xx,uu_xxxx,P4(u)u_xx,P1(u)u_xxxx,-0.0602,-0.0119
Heat,u^4u_xx,u^2u_xxxx,P4(u)u_xx,P2(u)u_xxxx,-0.9481,0.9308
Heat,u^4u_xx,u^3u_xxxx,P4(u)u_xx,P3(u)u_xxxx,-0.748,0.2331
Heat,u^4u_xx,u^4u_xxxx,P4(u)u_xx,P4(u)u_xxxx,-0.9976,-0.9867
Heat,u^4u_xx,u^5u_xxxx,P4(u)u_xx,P5(u)u_xxxx,-0.8122,-0.2272
Heat,u^4u_xx,u^6u_xxxx,P4(u)u_xx,P6(u)u_xxxx,-0.9845,0.5978
Heat,u^4u_xx,u_xxxxx,P4(u)u_xx,P0(u)u_xxxxx,-0.0135,-0.01
Heat,u^4u_xx,uu_xxxxx,P4(u)u_xx,P1(u)u_xxxxx,-0.0243,0.0012
Heat,u^4u_xx,u^2u_xxxxx,P4(u)u_xx,P2(u)u_xxxxx,-0.032,0.0109
Heat,u^4u_xx,u^3u_xxxxx,P4(u)u_xx,P3(u)u_xxxxx,-0.0336,0.0062
Heat,u^4u_xx,u^4u_xxxxx,P4(u)u_xx,P4(u)u_xxxxx,-0.0294,-0.0055
Heat,u^4u_xx,u^5u_xxxxx,P4(u)u_xx,P5(u)u_xxxxx,-0.0257,-0.0052
Heat,u^4u_xx,u^6u_xxxxx,P4(u)u_xx,P6(u)u_xxxxx,-0.0229,0.008
Heat,u^4u_xx,u_xxxxxx,P4(u)u_xx,P0(u)u_xxxxxx,0.0262,0.0199
Heat,u^4u_xx,uu_xxxxxx,P4(u)u_xx,P1(u)u_xxxxxx,0.0493,0.0105
Heat,u^4u_xx,u^2u_xxxxxx,P4(u)u_xx,P2(u)u_xxxxxx,0.9445,-0.9252
Heat,u^4u_xx,u^3u_xxxxxx,P4(u)u_xx,P3(u)u_xxxxxx,0.746,-0.229
Heat,u^4u_xx,u^4u_xxxxxx,P4(u)u_xx,P4(u)u_xxxxxx,0.9957,0.9824
Heat,u^4u_xx,u^5u_xxxxxx,P4(u)u_xx,P5(u)u_xxxxxx,0.8102,0.2255
Heat,u^4u_xx,u^6u_xxxxxx,P4(u)u_xx,P6(u)u_xxxxxx,0.9823,-0.5876
Heat,u^5u_xx,u^6u_xx,P5(u)u_xx,P6(u)u_xx,0.8682,-0.197
Heat,u^5u_xx,u_xxx,P5(u)u_xx,P0(u)u_xxx,0.0528,-0.0255
Heat,u^5u_xx,uu_xxx,P5(u)u_xx,P1(u)u_xxx,0.1374,-0.0871
Heat,u^5u_xx,u^2u_xxx,P5(u)u_xx,P2(u)u_xxx,0.1505,-0.0042
Heat,u^5u_xx,u^3u_xxx,P5(u)u_xx,P3(u)u_xxx,0.1707,0.0524
Heat,u^5u_xx,u^4u_xxx,P5(u)u_xx,P4(u)u_xxx,0.1564,0.0207
Heat,u^5u_xx,u^5u_xxx,P5(u)u_xx,P5(u)u_xxx,0.1432,0.0039
Heat,u^5u_xx,u^6u_xxx,P5(u)u_xx,P6(u)u_xxx,0.1165,-0.0041
Heat,u^5u_xx,u_xxxx,P5(u)u_xx,P0(u)u_xxxx,-0.0235,-0.014
Heat,u^5u_xx,uu_xxxx,P5(u)u_xx,P1(u)u_xxxx,-0.1418,0.0106
Heat,u^5u_xx,u^2u_xxxx,P5(u)u_xx,P2(u)u_xxxx,-0.6612,0.2049
Heat,u^5u_xx,u^3u_xxxx,P5(u)u_xx,P3(u)u_xxxx,-0.9736,0.9622
Heat,u^5u_xx,u^4u_xxxx,P5(u)u_xx,P4(u)u_xxxx,-0.8048,-0.231
Heat,u^5u_xx,u^5u_xxxx,P5(u)u_xx,P5(u)u_xxxx,-0.9971,-0.9956
Heat,u^5u_xx,u^6u_xxxx,P5(u)u_xx,P6(u)u_xxxx,-0.8665,0.167
Heat,u^5u_xx,u_xxxxx,P5(u)u_xx,P0(u)u_xxxxx,-0.0155,0.0053
Heat,u^5u_xx,uu_xxxxx,P5(u)u_xx,P1(u)u_xxxxx,-0.0365,0.0106
Heat,u^5u_xx,u^2u_xxxxx,P5(u)u_xx,P2(u)u_xxxxx,-0.0399,0.0053
Heat,u^5u_xx,u^3u_xxxxx,P5(u)u_xx,P3(u)u_xxxxx,-0.0445,0.0017
Heat,u^5u_xx,u^4u_xxxxx,P5(u)u_xx,P4(u)u_xxxxx,-0.0385,0.0025
Heat,u^5u_xx,u^5u_xxxxx,P5(u)u_xx,P5(u)u_xxxxx,-0.0356,-0.0098
Heat,u^5u_xx,u^6u_xxxxx,P5(u)u_xx,P6(u)u_xxxxx,-0.0284,-0.0041
Heat,u^5u_xx,u_xxxxxx,P5(u)u_xx,P0(u)u_xxxxxx,0.0132,-0.0081
Heat,u^5u_xx,uu_xxxxxx,P5(u)u_xx,P1(u)u_xxxxxx,0.0989,0.0326
Heat,u^5u_xx,u^2u_xxxxxx,P5(u)u_xx,P2(u)u_xxxxxx,0.659,-0.2011
Heat,u^5u_xx,u^3u_xxxxxx,P5(u)u_xx,P3(u)u_xxxxxx,0.969,-0.9578
Heat,u^5u_xx,u^4u_xxxxxx,P5(u)u_xx,P4(u)u_xxxxxx,0.8031,0.2308
Heat,u^5u_xx,u^5u_xxxxxx,P5(u)u_xx,P5(u)u_xxxxxx,0.9942,0.9928
Heat,u^5u_xx,u^6u_xxxxxx,P5(u)u_xx,P6(u)u_xxxxxx,0.8645,-0.1643
Heat,u^6u_xx,u_xxx,P6(u)u_xx,P0(u)u_xxx,0.055,-0.1244
Heat,u^6u_xx,uu_xxx,P6(u)u_xx,P1(u)u_xxx,0.1187,-0.0779
Heat,u^6u_xx,u^2u_xxx,P6(u)u_xx,P2(u)u_xxx,0.1525,0.0963
Heat,u^6u_xx,u^3u_xxx,P6(u)u_xx,P3(u)u_xxx,0.1579,0.0708
Heat,u^6u_xx,u^4u_xxx,P6(u)u_xx,P4(u)u_xxx,0.1574,-0.0258
Heat,u^6u_xx,u^5u_xxx,P6(u)u_xx,P5(u)u_xxx,0.1372,-0.06
Heat,u^6u_xx,u^6u_xxx,P6(u)u_xx,P6(u)u_xxx,0.1187,0.0185
Heat,u^6u_xx,u_xxxx,P6(u)u_xx,P0(u)u_xxxx,-0.057,0.0337
Heat,u^6u_xx,uu_xxxx,P6(u)u_xx,P1(u)u_xxxx,-0.0742,-0.002
Heat,u^6u_xx,u^2u_xxxx,P6(u)u_xx,P2(u)u_xxxx,-0.8883,-0.4123
Heat,u^6u_xx,u^3u_xxxx,P6(u)u_xx,P3(u)u_xxxx,-0.7931,-0.1962
Heat,u^6u_xx,u^4u_xxxx,P6(u)u_xx,P4(u)u_xxxx,-0.9774,0.7538
Heat,u^6u_xx,u^5u_xxxx,P6(u)u_xx,P5(u)u_xxxx,-0.8669,0.1825
Heat,u^6u_xx,u^6u_xxxx,P6(u)u_xx,P6(u)u_xxxx,-0.9977,-0.985
Heat,u^6u_xx,u_xxxxx,P6(u)u_xx,P0(u)u_xxxxx,-0.0192,0.0235
Heat,u^6u_xx,uu_xxxxx,P6(u)u_xx,P1(u)u_xxxxx,-0.034,0.016
Heat,u^6u_xx,u^2u_xxxxx,P6(u)u_xx,P2(u)u_xxxxx,-0.0436,-0.0103
Heat,u^6u_xx,u^3u_xxxxx,P6(u)u_xx,P3(u)u_xxxxx,-0.0458,-0.011
Heat,u^6u_xx,u^4u_xxxxx,P6(u)u_xx,P4(u)u_xxxxx,-0.0413,0.0005
Heat,u^6u_xx,u^5u_xxxxx,P6(u)u_xx,P5(u)u_xxxxx,-0.0373,0.0142
Heat,u^6u_xx,u^6u_xxxxx,P6(u)u_xx,P6(u)u_xxxxx,-0.0334,-0.0238
Heat,u^6u_xx,u_xxxxxx,P6(u)u_xx,P0(u)u_xxxxxx,0.0206,-0.0071
Heat,u^6u_xx,uu_xxxxxx,P6(u)u_xx,P1(u)u_xxxxxx,0.0569,-0.0154
Heat,u^6u_xx,u^2u_xxxxxx,P6(u)u_xx,P2(u)u_xxxxxx,0.8843,0.4068
Heat,u^6u_xx,u^3u_xxxxxx,P6(u)u_xx,P3(u)u_xxxxxx,0.7902,0.197
Heat,u^6u_xx,u^4u_xxxxxx,P6(u)u_xx,P4(u)u_xxxxxx,0.9749,-0.7575
Heat,u^6u_xx,u^5u_xxxxxx,P6(u)u_xx,P5(u)u_xxxxxx,0.8644,-0.1816
Heat,u^6u_xx,u^6u_xxxxxx,P6(u)u_xx,P6(u)u_xxxxxx,0.9952,0.9791
Heat,u_xxx,uu_xxx,P0(u)u_xxx,P1(u)u_xxx,0.0306,-0.2479
Heat,u_xxx,u^2u_xxx,P0(u)u_xxx,P2(u)u_xxx,0.6585,-0.8843
Heat,u_xxx,u^3u_xxx,P0(u)u_xxx,P3(u)u_xxx,0.1337,0.2925
Heat,u_xxx,u^4u_xxx,P0(u)u_xxx,P4(u)u_xxx,0.3859,0.3051
Heat,u_xxx,u^5u_xxx,P0(u)u_xxx,P5(u)u_xxx,0.1306,-0.2733
Heat,u_xxx,u^6u_xxx,P0(u)u_xxx,P6(u)u_xxx,0.21,0.0309
Heat,u_xxx,u_xxxx,P0(u)u_xxx,P0(u)u_xxxx,-0.0,-0.0
Heat,u_xxx,uu_xxxx,P0(u)u_xxx,P1(u)u_xxxx,-0.0039,-0.0
Heat,u_xxx,u^2u_xxxx,P0(u)u_xxx,P2(u)u_xxxx,-0.0022,-0.0006
Heat,u_xxx,u^3u_xxxx,P0(u)u_xxx,P3(u)u_xxxx,-0.034,-0.0465
Heat,u_xxx,u^4u_xxxx,P0(u)u_xxx,P4(u)u_xxxx,-0.0395,-0.0578
Heat,u_xxx,u^5u_xxxx,P0(u)u_xxx,P5(u)u_xxxx,-0.055,0.0246
Heat,u_xxx,u^6u_xxxx,P0(u)u_xxx,P6(u)u_xxxx,-0.0568,0.1232
Heat,u_xxx,u_xxxxx,P0(u)u_xxx,P0(u)u_xxxxx,-0.6569,-0.6569
Heat,u_xxx,uu_xxxxx,P0(u)u_xxx,P1(u)u_xxxxx,-0.0958,0.0698
Heat,u_xxx,u^2u_xxxxx,P0(u)u_xxx,P2(u)u_xxxxx,-0.3848,0.5395
Heat,u_xxx,u^3u_xxxxx,P0(u)u_xxx,P3(u)u_xxxxx,-0.113,-0.0999
Heat,u_xxx,u^4u_xxxxx,P0(u)u_xxx,P4(u)u_xxxxx,-0.2111,-0.1754
Heat,u_xxx,u^5u_xxxxx,P0(u)u_xxx,P5(u)u_xxxxx,-0.0886,0.0843
Heat,u_xxx,u^6u_xxxxx,P0(u)u_xxx,P6(u)u_xxxxx,-0.1148,0.0273
Heat,u_xxx,u_xxxxxx,P0(u)u_xxx,P0(u)u_xxxxxx,0.0,0.0
Heat,u_xxx,uu_xxxxxx,P0(u)u_xxx,P1(u)u_xxxxxx,0.0094,0.0058
Heat,u_xxx,u^2u_xxxxxx,P0(u)u_xxx,P2(u)u_xxxxxx,0.0024,0.0007
Heat,u_xxx,u^3u_xxxxxx,P0(u)u_xxx,P3(u)u_xxxxxx,0.0354,0.0455
Heat,u_xxx,u^4u_xxxxxx,P0(u)u_xxx,P4(u)u_xxxxxx,0.0399,0.0582
Heat,u_xxx,u^5u_xxxxxx,P0(u)u_xxx,P5(u)u_xxxxxx,0.0559,-0.0243
Heat,u_xxx,u^6u_xxxxxx,P0(u)u_xxx,P6(u)u_xxxxxx,0.057,-0.1222
Heat,uu_xxx,u^2u_xxx,P1(u)u_xxx,P2(u)u_xxx,0.3277,0.2172
Heat,uu_xxx,u^3u_xxx,P1(u)u_xxx,P3(u)u_xxx,0.8414,-0.9098
Heat,uu_xxx,u^4u_xxx,P1(u)u_xxx,P4(u)u_xxx,0.3856,-0.0316
Heat,uu_xxx,u^5u_xxx,P1(u)u_xxx,P5(u)u_xxx,0.5787,0.4907
Heat,uu_xxx,u^6u_xxx,P1(u)u_xxx,P6(u)u_xxx,0.3076,-0.0954
Heat,uu_xxx,u_xxxx,P1(u)u_xxx,P0(u)u_xxxx,0.0051,-0.0004
Heat,uu_xxx,uu_xxxx,P1(u)u_xxx,P1(u)u_xxxx,0.0066,0.0068
Heat,uu_xxx,u^2u_xxxx,P1(u)u_xxx,P2(u)u_xxxx,-0.0401,-0.0399
Heat,uu_xxx,u^3u_xxxx,P1(u)u_xxx,P3(u)u_xxxx,-0.1165,-0.1169
Heat,uu_xxx,u^4u_xxxx,P1(u)u_xxx,P4(u)u_xxxx,-0.0953,-0.0148
Heat,uu_xxx,u^5u_xxxx,P1(u)u_xxx,P5(u)u_xxxx,-0.1414,0.0802
Heat,uu_xxx,u^6u_xxxx,P1(u)u_xxx,P6(u)u_xxxx,-0.123,0.0834
Heat,uu_xxx,u_xxxxx,P1(u)u_xxx,P0(u)u_xxxxx,-0.1045,0.0798
Heat,uu_xxx,uu_xxxxx,P1(u)u_xxx,P1(u)u_xxxxx,-0.7335,-0.7142
Heat,uu_xxx,u^2u_xxxxx,P1(u)u_xxx,P2(u)u_xxxxx,-0.2919,-0.074
Heat,uu_xxx,u^3u_xxxxx,P1(u)u_xxx,P3(u)u_xxxxx,-0.594,0.615
Heat,uu_xxx,u^4u_xxxxx,P1(u)u_xxx,P4(u)u_xxxxx,-0.2907,-0.0016
Heat,uu_xxx,u^5u_xxxxx,P1(u)u_xxx,P5(u)u_xxxxx,-0.3925,-0.2349
Heat,uu_xxx,u^6u_xxxxx,P1(u)u_xxx,P6(u)u_xxxxx,-0.2225,0.0487
Heat,uu_xxx,u_xxxxxx,P1(u)u_xxx,P0(u)u_xxxxxx,0.0023,0.007
Heat,uu_xxx,uu_xxxxxx,P1(u)u_xxx,P1(u)u_xxxxxx,0.0013,-0.0022
Heat,uu_xxx,u^2u_xxxxxx,P1(u)u_xxx,P2(u)u_xxxxxx,0.0418,0.0397
Heat,uu_xxx,u^3u_xxxxxx,P1(u)u_xxx,P3(u)u_xxxxxx,0.1188,0.115
Heat,uu_xxx,u^4u_xxxxxx,P1(u)u_xxx,P4(u)u_xxxxxx,0.097,0.0157
Heat,uu_xxx,u^5u_xxxxxx,P1(u)u_xxx,P5(u)u_xxxxxx,0.1429,-0.0798
Heat,uu_xxx,u^6u_xxxxxx,P1(u)u_xxx,P6(u)u_xxxxxx,0.1243,-0.0845
Heat,u^2u_xxx,u^3u_xxx,P2(u)u_xxx,P3(u)u_xxx,0.531,-0.2583
Heat,u^2u_xxx,u^4u_xxx,P2(u)u_xxx,P4(u)u_xxx,0.8736,-0.6641
Heat,u^2u_xxx,u^5u_xxx,P2(u)u_xxx,P5(u)u_xxx,0.5179,0.2642
Heat,u^2u_xxx,u^6u_xxx,P2(u)u_xxx,P6(u)u_xxx,0.6308,0.2175
Heat,u^2u_xxx,u_xxxx,P2(u)u_xxx,P0(u)u_xxxx,0.0283,0.0141
Heat,u^2u_xxx,uu_xxxx,P2(u)u_xxx,P1(u)u_xxxx,0.0248,0.0082
Heat,u^2u_xxx,u^2u_xxxx,P2(u)u_xxx,P2(u)u_xxxx,-0.0755,-0.049
Heat,u^2u_xxx,u^3u_xxxx,P2(u)u_xxx,P3(u)u_xxxx,-0.122,0.0012
Heat,u^2u_xxx,u^4u_xxxx,P2(u)u_xxx,P4(u)u_xxxx,-0.132,0.0744
Heat,u^2u_xxx,u^5u_xxxx,P2(u)u_xxx,P5(u)u_xxxx,-0.1545,0.0023
Heat,u^2u_xxx,u^6u_xxxx,P2(u)u_xxx,P6(u)u_xxxx,-0.156,-0.0901
Heat,u^2u_xxx,u_xxxxx,P2(u)u_xxx,P0(u)u_xxxxx,-0.4426,0.5842
Heat,u^2u_xxx,uu_xxxxx,P2(u)u_xxx,P1(u)u_xxxxx,-0.295,-0.0602
Heat,u^2u_xxx,u^2u_xxxxx,P2(u)u_xxx,P2(u)u_xxxxx,-0.7679,-0.6987
Heat,u^2u_xxx,u^3u_xxxxx,P2(u)u_xxx,P3(u)u_xxxxx,-0.4328,0.0853
Heat,u^2u_xxx,u^4u_xxxxx,P2(u)u_xxx,P4(u)u_xxxxx,-0.6557,0.4784
Heat,u^2u_xxx,u^5u_xxxxx,P2(u)u_xxx,P5(u)u_xxxxx,-0.4009,-0.0881
Heat,u^2u_xxx,u^6u_xxxxx,P2(u)u_xxx,P6(u)u_xxxxx,-0.4742,-0.1955
Heat,u^2u_xxx,u_xxxxxx,P2(u)u_xxx,P0(u)u_xxxxxx,-0.0177,-0.0105
Heat,u^2u_xxx,uu_xxxxxx,P2(u)u_xxx,P1(u)u_xxxxxx,-0.0156,-0.0109
Heat,u^2u_xxx,u^2u_xxxxxx,P2(u)u_xxx,P2(u)u_xxxxxx,0.0774,0.0488
Heat,u^2u_xxx,u^3u_xxxxxx,P2(u)u_xxx,P3(u)u_xxxxxx,0.1245,-0.0005
Heat,u^2u_xxx,u^4u_xxxxxx,P2(u)u_xxx,P4(u)u_xxxxxx,0.1336,-0.0745
Heat,u^2u_xxx,u^5u_xxxxxx,P2(u)u_xxx,P5(u)u_xxxxxx,0.156,-0.0027
Heat,u^2u_xxx,u^6u_xxxxxx,P2(u)u_xxx,P6(u)u_xxxxxx,0.1568,0.0894
Heat,u^3u_xxx,u^4u_xxx,P3(u)u_xxx,P4(u)u_xxx,0.6704,0.0552
Heat,u^3u_xxx,u^5u_xxx,P3(u)u_xxx,P5(u)u_xxx,0.8925,-0.7553
Heat,u^3u_xxx,u^6u_xxx,P3(u)u_xxx,P6(u)u_xxx,0.6155,0.0919
Heat,u^3u_xxx,u_xxxx,P3(u)u_xxx,P0(u)u_xxxx,0.0111,-0.0079
Heat,u^3u_xxx,uu_xxxx,P3(u)u_xxx,P1(u)u_xxxx,0.037,0.0082
Heat,u^3u_xxx,u^2u_xxxx,P3(u)u_xxx,P2(u)u_xxxx,-0.0785,0.0076
Heat,u^3u_xxx,u^3u_xxxx,P3(u)u_xxx,P3(u)u_xxxx,-0.1458,0.07
Heat,u^3u_xxx,u^4u_xxxx,P3(u)u_xxx,P4(u)u_xxxx,-0.134,0.0287
Heat,u^3u_xxx,u^5u_xxxx,P3(u)u_xxx,P5(u)u_xxxx,-0.1726,-0.0462
Heat,u^3u_xxx,u^6u_xxxx,P3(u)u_xxx,P6(u)u_xxxx,-0.1604,-0.0712
Heat,u^3u_xxx,u_xxxxx,P3(u)u_xxx,P0(u)u_xxxxx,-0.1345,-0.1006
Heat,u^3u_xxx,uu_xxxxx,P3(u)u_xxx,P1(u)u_xxxxx,-0.6622,0.6004
Heat,u^3u_xxx,u^2u_xxxxx,P3(u)u_xxx,P2(u)u_xxxxx,-0.4657,0.0963
Heat,u^3u_xxx,u^3u_xxxxx,P3(u)u_xxx,P3(u)u_xxxxx,-0.821,-0.7132
Heat,u^3u_xxx,u^4u_xxxxx,P3(u)u_xxx,P4(u)u_xxxxx,-0.5568,-0.0157
Heat,u^3u_xxx,u^5u_xxxxx,P3(u)u_xxx,P5(u)u_xxxxx,-0.7182,0.4779
Heat,u^3u_xxx,u^6u_xxxxx,P3(u)u_xxx,P6(u)u_xxxxx,-0.5043,-0.0465
Heat,u^3u_xxx,u_xxxxxx,P3(u)u_xxx,P0(u)u_xxxxxx,-0.0045,-0.0009
Heat,u^3u_xxx,uu_xxxxxx,P3(u)u_xxx,P1(u)u_xxxxxx,-0.0242,-0.0097
Heat,u^3u_xxx,u^2u_xxxxxx,P3(u)u_xxx,P2(u)u_xxxxxx,0.0801,-0.0074
Heat,u^3u_xxx,u^3u_xxxxxx,P3(u)u_xxx,P3(u)u_xxxxxx,0.1483,-0.0687
Heat,u^3u_xxx,u^4u_xxxxxx,P3(u)u_xxx,P4(u)u_xxxxxx,0.1353,-0.0289
Heat,u^3u_xxx,u^5u_xxxxxx,P3(u)u_xxx,P5(u)u_xxxxxx,0.1738,0.0458
Heat,u^3u_xxx,u^6u_xxxxxx,P3(u)u_xxx,P6(u)u_xxxxxx,0.161,0.0713
Heat,u^4u_xxx,u^5u_xxx,P4(u)u_xxx,P5(u)u_xxx,0.7587,-0.1149
Heat,u^4u_xxx,u^6u_xxx,P4(u)u_xxx,P6(u)u_xxx,0.9076,-0.7515
Heat,u^4u_xxx,u_xxxx,P4(u)u_xxx,P0(u)u_xxxx,0.0368,-0.0227
Heat,u^4u_xxx,uu_xxxx,P4(u)u_xxx,P1(u)u_xxxx,0.0458,-0.0162
Heat,u^4u_xxx,u^2u_xxxx,P4(u)u_xxx,P2(u)u_xxxx,-0.0879,0.0781
Heat,u^4u_xxx,u^3u_xxxx,P4(u)u_xxx,P3(u)u_xxxx,-0.127,0.0294
Heat,u^4u_xxx,u^4u_xxxx,P4(u)u_xxx,P4(u)u_xxxx,-0.1364,-0.0566
Heat,u^4u_xxx,u^5u_xxxx,P4(u)u_xxx,P5(u)u_xxxx,-0.1562,-0.0166
Heat,u^4u_xxx,u^6u_xxxx,P4(u)u_xxx,P6(u)u_xxxx,-0.1571,0.0198
Heat,u^4u_xxx,u_xxxxx,P4(u)u_xxx,P0(u)u_xxxxx,-0.2719,-0.2359
Heat,u^4u_xxx,uu_xxxxx,P4(u)u_xxx,P1(u)u_xxxxx,-0.332,0.0085
Heat,u^4u_xxx,u^2u_xxxxx,P4(u)u_xxx,P2(u)u_xxxxx,-0.7578,0.5629
Heat,u^4u_xxx,u^3u_xxxxx,P4(u)u_xxx,P3(u)u_xxxxx,-0.5924,-0.0123
Heat,u^4u_xxx,u^4u_xxxxx,P4(u)u_xxx,P4(u)u_xxxxx,-0.8596,-0.8108
Heat,u^4u_xxx,u^5u_xxxxx,P4(u)u_xxx,P5(u)u_xxxxx,-0.6522,0.0446
Heat,u^4u_xxx,u^6u_xxxxx,P4(u)u_xxx,P6(u)u_xxxxx,-0.7724,0.5974
Heat,u^4u_xxx,u_xxxxxx,P4(u)u_xxx,P0(u)u_xxxxxx,-0.0251,0.0133
Heat,u^4u_xxx,uu_xxxxxx,P4(u)u_xxx,P1(u)u_xxxxxx,-0.038,0.009
Heat,u^4u_xxx,u^2u_xxxxxx,P4(u)u_xxx,P2(u)u_xxxxxx,0.0896,-0.0772
Heat,u^4u_xxx,u^3u_xxxxxx,P4(u)u_xxx,P3(u)u_xxxxxx,0.1283,-0.0287
Heat,u^4u_xxx,u^4u_xxxxxx,P4(u)u_xxx,P4(u)u_xxxxxx,0.1374,0.0563
Heat,u^4u_xxx,u^5u_xxxxxx,P4(u)u_xxx,P5(u)u_xxxxxx,0.1565,0.0166
Heat,u^4u_xxx,u^6u_xxxxxx,P4(u)u_xxx,P6(u)u_xxxxxx,0.157,-0.0199
Heat,u^5u_xxx,u^6u_xxx,P5(u)u_xxx,P6(u)u_xxx,0.8191,-0.0435
Heat,u^5u_xxx,u_xxxx,P5(u)u_xxx,P0(u)u_xxxx,0.0249,0.0079
Heat,u^5u_xxx,uu_xxxx,P5(u)u_xxx,P1(u)u_xxxx,0.0497,-0.029
Heat,u^5u_xxx,u^2u_xxxx,P5(u)u_xxx,P2(u)u_xxxx,-0.0716,0.0239
Heat,u^5u_xxx,u^3u_xxxx,P5(u)u_xxx,P3(u)u_xxxx,-0.118,0.0112
Heat,u^5u_xxx,u^4u_xxxx,P5(u)u_xxx,P4(u)u_xxxx,-0.1139,-0.041
Heat,u^5u_xxx,u^5u_xxxx,P5(u)u_xxx,P5(u)u_xxxx,-0.1402,-0.006
Heat,u^5u_xxx,u^6u_xxxx,P5(u)u_xxx,P6(u)u_xxxx,-0.1348,0.0553
Heat,u^5u_xxx,u_xxxxx,P5(u)u_xxx,P0(u)u_xxxxx,-0.1109,0.1144
Heat,u^5u_xxx,uu_xxxxx,P5(u)u_xxx,P1(u)u_xxxxx,-0.4924,-0.2809
Heat,u^5u_xxx,u^2u_xxxxx,P5(u)u_xxx,P2(u)u_xxxxx,-0.4832,-0.1185
Heat,u^5u_xxx,u^3u_xxxxx,P5(u)u_xxx,P3(u)u_xxxxx,-0.8174,0.5746
Heat,u^5u_xxx,u^4u_xxxxx,P5(u)u_xxx,P4(u)u_xxxxx,-0.6911,0.0551
Heat,u^5u_xxx,u^5u_xxxxx,P5(u)u_xxx,P5(u)u_xxxxx,-0.8916,-0.7863
Heat,u^5u_xxx,u^6u_xxxxx,P5(u)u_xxx,P6(u)u_xxxxx,-0.7295,0.0316
Heat,u^5u_xxx,u_xxxxxx,P5(u)u_xxx,P0(u)u_xxxxxx,-0.0196,-0.0067
Heat,u^5u_xxx,uu_xxxxxx,P5(u)u_xxx,P1(u)u_xxxxxx,-0.0386,0.0259
Heat,u^5u_xxx,u^2u_xxxxxx,P5(u)u_xxx,P2(u)u_xxxxxx,0.0722,-0.0239
Heat,u^5u_xxx,u^3u_xxxxxx,P5(u)u_xxx,P3(u)u_xxxxxx,0.1193,-0.011
Heat,u^5u_xxx,u^4u_xxxxxx,P5(u)u_xxx,P4(u)u_xxxxxx,0.1139,0.0409
Heat,u^5u_xxx,u^5u_xxxxxx,P5(u)u_xxx,P5(u)u_xxxxxx,0.14,0.0061
Heat,u^5u_xxx,u^6u_xxxxxx,P5(u)u_xxx,P6(u)u_xxxxxx,0.134,-0.0542
Heat,u^6u_xxx,u_xxxx,P6(u)u_xxx,P0(u)u_xxxx,0.039,0.0086
Heat,u^6u_xxx,uu_xxxx,P6(u)u_xxx,P1(u)u_xxxx,0.0553,0.0011
Heat,u^6u_xxx,u^2u_xxxx,P6(u)u_xxx,P2(u)u_xxxx,-0.0666,-0.0266
Heat,u^6u_xxx,u^3u_xxxx,P6(u)u_xxx,P3(u)u_xxxx,-0.0898,-0.0061
Heat,u^6u_xxx,u^4u_xxxx,P6(u)u_xxx,P4(u)u_xxxx,-0.0985,0.0212
Heat,u^6u_xxx,u^5u_xxxx,P6(u)u_xxx,P5(u)u_xxxx,-0.1115,0.0001
Heat,u^6u_xxx,u^6u_xxxx,P6(u)u_xxx,P6(u)u_xxxx,-0.1139,-0.0206
Heat,u^6u_xxx,u_xxxxx,P6(u)u_xxx,P0(u)u_xxxxx,-0.1567,0.039
Heat,u^6u_xxx,uu_xxxxx,P6(u)u_xxx,P1(u)u_xxxxx,-0.2753,0.0376
Heat,u^6u_xxx,u^2u_xxxxx,P6(u)u_xxx,P2(u)u_xxxxx,-0.6046,-0.2405
Heat,u^6u_xxx,u^3u_xxxxx,P6(u)u_xxx,P3(u)u_xxxxx,-0.5918,-0.0512
Heat,u^6u_xxx,u^4u_xxxxx,P6(u)u_xxx,P4(u)u_xxxxx,-0.8555,0.6429
Heat,u^6u_xxx,u^5u_xxxxx,P6(u)u_xxx,P5(u)u_xxxxx,-0.7596,0.0327
Heat,u^6u_xxx,u^6u_xxxxx,P6(u)u_xxx,P6(u)u_xxxxx,-0.9133,-0.8535
Heat,u^6u_xxx,u_xxxxxx,P6(u)u_xxx,P0(u)u_xxxxxx,-0.0284,0.0023
Heat,u^6u_xxx,uu_xxxxxx,P6(u)u_xxx,P1(u)u_xxxxxx,-0.0493,0.0059
Heat,u^6u_xxx,u^2u_xxxxxx,P6(u)u_xxx,P2(u)u_xxxxxx,0.0676,0.0253
Heat,u^6u_xxx,u^3u_xxxxxx,P6(u)u_xxx,P3(u)u_xxxxxx,0.0898,0.0047
Heat,u^6u_xxx,u^4u_xxxxxx,P6(u)u_xxx,P4(u)u_xxxxxx,0.0986,-0.0211
Heat,u^6u_xxx,u^5u_xxxxxx,P6(u)u_xxx,P5(u)u_xxxxxx,0.1106,0.0008
Heat,u^6u_xxx,u^6u_xxxxxx,P6(u)u_xxx,P6(u)u_xxxxxx,0.1129,0.0209
Heat,u_xxxx,uu_xxxx,P0(u)u_xxxx,P1(u)u_xxxx,0.1016,-0.0846
Heat,u_xxxx,u^2u_xxxx,P0(u)u_xxxx,P2(u)u_xxxx,0.1153,-0.0745
Heat,u_xxxx,u^3u_xxxx,P0(u)u_xxxx,P3(u)u_xxxx,0.0275,-0.0016
Heat,u_xxxx,u^4u_xxxx,P0(u)u_xxxx,P4(u)u_xxxx,0.0794,0.0151
Heat,u_xxxx,u^5u_xxxx,P0(u)u_xxxx,P5(u)u_xxxx,0.0291,0.0112
Heat,u_xxxx,u^6u_xxxx,P0(u)u_xxxx,P6(u)u_xxxx,0.0649,-0.0355
Heat,u_xxxx,u_xxxxx,P0(u)u_xxxx,P0(u)u_xxxxx,0.0,0.0
Heat,u_xxxx,uu_xxxxx,P0(u)u_xxxx,P1(u)u_xxxxx,-0.0023,0.007
Heat,u_xxxx,u^2u_xxxxx,P0(u)u_xxxx,P2(u)u_xxxxx,-0.0292,-0.0166
Heat,u_xxxx,u^3u_xxxxx,P0(u)u_xxxx,P3(u)u_xxxxx,-0.0119,0.0031
Heat,u_xxxx,u^4u_xxxxx,P0(u)u_xxxx,P4(u)u_xxxxx,-0.0357,0.0161
Heat,u_xxxx,u^5u_xxxxx,P0(u)u_xxxx,P5(u)u_xxxxx,-0.0279,-0.0061
Heat,u_xxxx,u^6u_xxxxx,P0(u)u_xxxx,P6(u)u_xxxxx,-0.0363,0.0064
Heat,u_xxxx,u_xxxxxx,P0(u)u_xxxx,P0(u)u_xxxxxx,-0.9797,-0.9797
Heat,u_xxxx,uu_xxxxxx,P0(u)u_xxxx,P1(u)u_xxxxxx,-0.1104,0.0902
Heat,u_xxxx,u^2u_xxxxxx,P0(u)u_xxxx,P2(u)u_xxxxxx,-0.1247,0.091
Heat,u_xxxx,u^3u_xxxxxx,P0(u)u_xxxx,P3(u)u_xxxxxx,-0.0311,-0.0013
Heat,u_xxxx,u^4u_xxxxxx,P0(u)u_xxxx,P4(u)u_xxxxxx,-0.0841,-0.0203
Heat,u_xxxx,u^5u_xxxxxx,P0(u)u_xxxx,P5(u)u_xxxxxx,-0.0313,-0.0086
Heat,u_xxxx,u^6u_xxxxxx,P0(u)u_xxxx,P6(u)u_xxxxxx,-0.0681,0.0351
Heat,uu_xxxx,u^2u_xxxx,P1(u)u_xxxx,P2(u)u_xxxx,0.0536,-0.0074
Heat,uu_xxxx,u^3u_xxxx,P1(u)u_xxxx,P3(u)u_xxxx,0.2218,-0.1226
Heat,uu_xxxx,u^4u_xxxx,P1(u)u_xxxx,P4(u)u_xxxx,0.0692,0.0162
Heat,uu_xxxx,u^5u_xxxx,P1(u)u_xxxx,P5(u)u_xxxx,0.1602,-0.0064
Heat,uu_xxxx,u^6u_xxxx,P1(u)u_xxxx,P6(u)u_xxxx,0.0826,-0.0006
Heat,uu_xxxx,u_xxxxx,P1(u)u_xxxx,P0(u)u_xxxxx,0.0262,0.0204
Heat,uu_xxxx,uu_xxxxx,P1(u)u_xxxx,P1(u)u_xxxxx,-0.0027,-0.008
Heat,uu_xxxx,u^2u_xxxxx,P1(u)u_xxxx,P2(u)u_xxxxx,-0.0098,-0.0213
Heat,uu_xxxx,u^3u_xxxxx,P1(u)u_xxxx,P3(u)u_xxxxx,-0.0272,-0.0022
Heat,uu_xxxx,u^4u_xxxxx,P1(u)u_xxxx,P4(u)u_xxxxx,-0.033,0.016
Heat,uu_xxxx,u^5u_xxxxx,P1(u)u_xxxx,P5(u)u_xxxxx,-0.0413,0.0059
Heat,uu_xxxx,u^6u_xxxxx,P1(u)u_xxxx,P6(u)u_xxxxx,-0.0467,-0.0015
Heat,uu_xxxx,u_xxxxxx,P1(u)u_xxxx,P0(u)u_xxxxxx,-0.0991,0.0838
Heat,uu_xxxx,uu_xxxxxx,P1(u)u_xxxx,P1(u)u_xxxxxx,-0.9822,-0.9824
Heat,uu_xxxx,u^2u_xxxxxx,P1(u)u_xxxx,P2(u)u_xxxxxx,-0.0573,0.0058
Heat,uu_xxxx,u^3u_xxxxxx,P1(u)u_xxxx,P3(u)u_xxxxxx,-0.23,0.1291
Heat,uu_xxxx,u^4u_xxxxxx,P1(u)u_xxxx,P4(u)u_xxxxxx,-0.0722,-0.0153
Heat,uu_xxxx,u^5u_xxxxxx,P1(u)u_xxxx,P5(u)u_xxxxxx,-0.1653,0.0034
Heat,uu_xxxx,u^6u_xxxxxx,P1(u)u_xxxx,P6(u)u_xxxxxx,-0.0855,-0.0012
Heat,u^2u_xxxx,u^3u_xxxx,P2(u)u_xxxx,P3(u)u_xxxx,0.6255,0.1984
Heat,u^2u_xxxx,u^4u_xxxx,P2(u)u_xxxx,P4(u)u_xxxx,0.9572,-0.8987
Heat,u^2u_xxxx,u^5u_xxxx,P2(u)u_xxxx,P5(u)u_xxxx,0.671,-0.193
Heat,u^2u_xxxx,u^6u_xxxx,P2(u)u_xxxx,P6(u)u_xxxx,0.8953,0.3096
Heat,u^2u_xxxx,u_xxxxx,P2(u)u_xxxx,P0(u)u_xxxxx,0.0032,0.0011
Heat,u^2u_xxxx,uu_xxxxx,P2(u)u_xxxx,P1(u)u_xxxxx,0.0118,0.0109
Heat,u^2u_xxxx,u^2u_xxxxx,P2(u)u_xxxx,P2(u)u_xxxxx,0.012,0.0101
Heat,u^2u_xxxx,u^3u_xxxxx,P2(u)u_xxxx,P3(u)u_xxxxx,0.0162,0.0026
Heat,u^2u_xxxx,u^4u_xxxxx,P2(u)u_xxxx,P4(u)u_xxxxx,0.0095,-0.0126
Heat,u^2u_xxxx,u^5u_xxxxx,P2(u)u_xxxx,P5(u)u_xxxxx,0.0082,0.0007
Heat,u^2u_xxxx,u^6u_xxxxx,P2(u)u_xxxx,P6(u)u_xxxxx,0.007,0.002
Heat,u^2u_xxxx,u_xxxxxx,P2(u)u_xxxx,P0(u)u_xxxxxx,-0.0726,0.1134
Heat,u^2u_xxxx,uu_xxxxxx,P2(u)u_xxxx,P1(u)u_xxxxxx,-0.0562,-0.0037
Heat,u^2u_xxxx,u^2u_xxxxxx,P2(u)u_xxxx,P2(u)u_xxxxxx,-0.9995,-0.9992
Heat,u^2u_xxxx,u^3u_xxxxxx,P2(u)u_xxxx,P3(u)u_xxxxxx,-0.6262,-0.1925
Heat,u^2u_xxxx,u^4u_xxxxxx,P2(u)u_xxxx,P4(u)u_xxxxxx,-0.9571,0.8938
Heat,u^2u_xxxx,u^5u_xxxxxx,P2(u)u_xxxx,P5(u)u_xxxxxx,-0.6705,0.191
Heat,u^2u_xxxx,u^6u_xxxxxx,P2(u)u_xxxx,P6(u)u_xxxxxx,-0.8945,-0.3011
Heat,u^3u_xxxx,u^4u_xxxx,P3(u)u_xxxx,P4(u)u_xxxx,0.7523,-0.2317
Heat,u^3u_xxxx,u^5u_xxxx,P3(u)u_xxxx,P5(u)u_xxxx,0.9808,-0.9557
Heat,u^3u_xxxx,u^6u_xxxx,P3(u)u_xxxx,P6(u)u_xxxx,0.7985,0.1719
Heat,u^3u_xxxx,u_xxxxx,P3(u)u_xxxx,P0(u)u_xxxxx,0.0132,0.0069
Heat,u^3u_xxxx,uu_xxxxx,P3(u)u_xxxx,P1(u)u_xxxxx,0.0261,0.0239
Heat,u^3u_xxxx,u^2u_xxxxx,P3(u)u_xxxx,P2(u)u_xxxxx,0.0269,0.0084
Heat,u^3u_xxxx,u^3u_xxxxx,P3(u)u_xxxx,P3(u)u_xxxxx,0.0284,-0.0068
Heat,u^3u_xxxx,u^4u_xxxxx,P3(u)u_xxxx,P4(u)u_xxxxx,0.021,0.0026
Heat,u^3u_xxxx,u^5u_xxxxx,P3(u)u_xxxx,P5(u)u_xxxxx,0.0179,-0.0132
Heat,u^3u_xxxx,u^6u_xxxxx,P3(u)u_xxxx,P6(u)u_xxxxx,0.01,-0.0076
Heat,u^3u_xxxx,u_xxxxxx,P3(u)u_xxxx,P0(u)u_xxxxxx,-0.026,-0.0228
Heat,u^3u_xxxx,uu_xxxxxx,P3(u)u_xxxx,P1(u)u_xxxxxx,-0.1814,0.1696
Heat,u^3u_xxxx,u^2u_xxxxxx,P3(u)u_xxxx,P2(u)u_xxxxxx,-0.6257,-0.1943
Heat,u^3u_xxxx,u^3u_xxxxxx,P3(u)u_xxxx,P3(u)u_xxxxxx,-0.9991,-0.9989
Heat,u^3u_xxxx,u^4u_xxxxxx,P3(u)u_xxxx,P4(u)u_xxxxxx,-0.7526,0.2319
Heat,u^3u_xxxx,u^5u_xxxxxx,P3(u)u_xxxx,P5(u)u_xxxxxx,-0.9807,0.954
Heat,u^3u_xxxx,u^6u_xxxxxx,P3(u)u_xxxx,P6(u)u_xxxxxx,-0.7983,-0.1697
Heat,u^4u_xxxx,u^5u_xxxx,P4(u)u_xxxx,P5(u)u_xxxx,0.8117,0.2139
Heat,u^4u_xxxx,u^6u_xxxx,P4(u)u_xxxx,P6(u)u_xxxx,0.9822,-0.6795
Heat,u^4u_xxxx,u_xxxxx,P4(u)u_xxxx,P0(u)u_xxxxx,0.0134,0.0136
Heat,u^4u_xxxx,uu_xxxxx,P4(u)u_xxxx,P1(u)u_xxxxx,0.0249,0.0004
Heat,u^4u_xxxx,u^2u_xxxxx,P4(u)u_xxxx,P2(u)u_xxxxx,0.0302,-0.0115
Heat,u^4u_xxxx,u^3u_xxxxx,P4(u)u_xxxx,P3(u)u_xxxxx,0.0312,-0.004
Heat,u^4u_xxxx,u^4u_xxxxx,P4(u)u_xxxx,P4(u)u_xxxxx,0.0251,0.0033
Heat,u^4u_xxxx,u^5u_xxxxx,P4(u)u_xxxx,P5(u)u_xxxxx,0.0206,0.0036
Heat,u^4u_xxxx,u^6u_xxxxx,P4(u)u_xxxx,P6(u)u_xxxxx,0.0172,-0.009
Heat,u^4u_xxxx,u_xxxxxx,P4(u)u_xxxx,P0(u)u_xxxxxx,-0.0393,-0.0335
Heat,u^4u_xxxx,uu_xxxxxx,P4(u)u_xxxx,P1(u)u_xxxxxx,-0.0619,-0.0158
Heat,u^4u_xxxx,u^2u_xxxxxx,P4(u)u_xxxx,P2(u)u_xxxxxx,-0.9551,0.8954
Heat,u^4u_xxxx,u^3u_xxxxxx,P4(u)u_xxxx,P3(u)u_xxxxxx,-0.7519,0.228
Heat,u^4u_xxxx,u^4u_xxxxxx,P4(u)u_xxxx,P4(u)u_xxxxxx,-0.9996,-0.9994
Heat,u^4u_xxxx,u^5u_xxxxxx,P4(u)u_xxxx,P5(u)u_xxxxxx,-0.8111,-0.212
Heat,u^4u_xxxx,u^6u_xxxxxx,P4(u)u_xxxx,P6(u)u_xxxxxx,-0.9815,0.6721
Heat,u^5u_xxxx,u^6u_xxxx,P5(u)u_xxxx,P6(u)u_xxxx,0.8697,-0.1507
Heat,u^5u_xxxx,u_xxxxx,P5(u)u_xxxx,P0(u)u_xxxxx,0.0175,-0.0067
Heat,u^5u_xxxx,uu_xxxxx,P5(u)u_xxxx,P1(u)u_xxxxx,0.0377,-0.0083
Heat,u^5u_xxxx,u^2u_xxxxx,P5(u)u_xxxx,P2(u)u_xxxxx,0.04,-0.0027
Heat,u^5u_xxxx,u^3u_xxxxx,P5(u)u_xxxx,P3(u)u_xxxxx,0.0422,-0.0041
Heat,u^5u_xxxx,u^4u_xxxxx,P5(u)u_xxxx,P4(u)u_xxxxx,0.0346,-0.0039
Heat,u^5u_xxxx,u^5u_xxxxx,P5(u)u_xxxx,P5(u)u_xxxxx,0.0299,0.01
Heat,u^5u_xxxx,u^6u_xxxxx,P5(u)u_xxxx,P6(u)u_xxxxx,0.0216,0.0048
Heat,u^5u_xxxx,u_xxxxxx,P5(u)u_xxxx,P0(u)u_xxxxxx,-0.0195,0.0137
Heat,u^5u_xxxx,uu_xxxxxx,P5(u)u_xxxx,P1(u)u_xxxxxx,-0.1223,-0.0405
Heat,u^5u_xxxx,u^2u_xxxxxx,P5(u)u_xxxx,P2(u)u_xxxxxx,-0.6699,0.1887
Heat,u^5u_xxxx,u^3u_xxxxxx,P5(u)u_xxxx,P3(u)u_xxxxxx,-0.9786,0.9534
Heat,u^5u_xxxx,u^4u_xxxxxx,P5(u)u_xxxx,P4(u)u_xxxxxx,-0.8114,-0.2133
Heat,u^5u_xxxx,u^5u_xxxxxx,P5(u)u_xxxx,P5(u)u_xxxxxx,-0.9993,-0.9994
Heat,u^5u_xxxx,u^6u_xxxxxx,P5(u)u_xxxx,P6(u)u_xxxxxx,-0.8693,0.148
Heat,u^6u_xxxx,u_xxxxx,P6(u)u_xxxx,P0(u)u_xxxxx,0.0202,-0.0241
Heat,u^6u_xxxx,uu_xxxxx,P6(u)u_xxxx,P1(u)u_xxxxx,0.0362,-0.018
Heat,u^6u_xxxx,u^2u_xxxxx,P6(u)u_xxxx,P2(u)u_xxxxx,0.0438,0.0091
Heat,u^6u_xxxx,u^3u_xxxxx,P6(u)u_xxxx,P3(u)u_xxxxx,0.0447,0.0105
Heat,u^6u_xxxx,u^4u_xxxxx,P6(u)u_xxxx,P4(u)u_xxxxx,0.0379,0.0003
Heat,u^6u_xxxx,u^5u_xxxxx,P6(u)u_xxxx,P5(u)u_xxxxx,0.0324,-0.0132
Heat,u^6u_xxxx,u^6u_xxxxx,P6(u)u_xxxx,P6(u)u_xxxxx,0.0273,0.0247
Heat,u^6u_xxxx,u_xxxxxx,P6(u)u_xxxx,P0(u)u_xxxxxx,-0.0291,0.008
Heat,u^6u_xxxx,uu_xxxxxx,P6(u)u_xxxx,P1(u)u_xxxxxx,-0.0681,0.0196
Heat,u^6u_xxxx,u^2u_xxxxxx,P6(u)u_xxxx,P2(u)u_xxxxxx,-0.8925,-0.3059
Heat,u^6u_xxxx,u^3u_xxxxxx,P6(u)u_xxxx,P3(u)u_xxxxxx,-0.7972,-0.1735
Heat,u^6u_xxxx,u^4u_xxxxxx,P6(u)u_xxxx,P4(u)u_xxxxxx,-0.9814,0.6866
Heat,u^6u_xxxx,u^5u_xxxxxx,P6(u)u_xxxx,P5(u)u_xxxxxx,-0.8689,0.1499
Heat,u^6u_xxxx,u^6u_xxxxxx,P6(u)u_xxxx,P6(u)u_xxxxxx,-0.9994,-0.999
Heat,u_xxxxx,uu_xxxxx,P0(u)u_xxxxx,P1(u)u_xxxxx,0.1491,-0.1052
Heat,u_xxxxx,u^2u_xxxxx,P0(u)u_xxxxx,P2(u)u_xxxxx,0.569,-0.8238
Heat,u_xxxxx,u^3u_xxxxx,P0(u)u_xxxxx,P3(u)u_xxxxx,0.1601,0.1301
Heat,u_xxxxx,u^4u_xxxxx,P0(u)u_xxxxx,P4(u)u_xxxxx,0.3025,0.3007
Heat,u_xxxxx,u^5u_xxxxx,P0(u)u_xxxxx,P5(u)u_xxxxx,0.1173,-0.1228
Heat,u_xxxxx,u^6u_xxxxx,P0(u)u_xxxxx,P6(u)u_xxxxx,0.1621,-0.0607
Heat,u_xxxxx,u_xxxxxx,P0(u)u_xxxxx,P0(u)u_xxxxxx,-0.0,-0.0
Heat,u_xxxxx,uu_xxxxxx,P0(u)u_xxxxx,P1(u)u_xxxxxx,-0.0287,-0.0228
Heat,u_xxxxx,u^2u_xxxxxx,P0(u)u_xxxxx,P2(u)u_xxxxxx,-0.0027,-0.0005
Heat,u_xxxxx,u^3u_xxxxxx,P0(u)u_xxxxx,P3(u)u_xxxxxx,-0.0145,-0.0071
Heat,u_xxxxx,u^4u_xxxxxx,P0(u)u_xxxxx,P4(u)u_xxxxxx,-0.0131,-0.014
Heat,u_xxxxx,u^5u_xxxxxx,P0(u)u_xxxxx,P5(u)u_xxxxxx,-0.0182,0.0074
Heat,u_xxxxx,u^6u_xxxxxx,P0(u)u_xxxxx,P6(u)u_xxxxxx,-0.0198,0.0238
Heat,uu_xxxxx,u^2u_xxxxx,P1(u)u_xxxxx,P2(u)u_xxxxx,0.3827,0.074
Heat,uu_xxxxx,u^3u_xxxxx,P1(u)u_xxxxx,P3(u)u_xxxxx,0.7963,-0.841
Heat,uu_xxxxx,u^4u_xxxxx,P1(u)u_xxxxx,P4(u)u_xxxxx,0.372,0.0065
Heat,uu_xxxxx,u^5u_xxxxx,P1(u)u_xxxxx,P5(u)u_xxxxx,0.5262,0.3506
Heat,uu_xxxxx,u^6u_xxxxx,P1(u)u_xxxxx,P6(u)u_xxxxx,0.2857,-0.0498
Heat,uu_xxxxx,u_xxxxxx,P1(u)u_xxxxx,P0(u)u_xxxxxx,-0.0002,-0.0088
Heat,uu_xxxxx,uu_xxxxxx,P1(u)u_xxxxx,P1(u)u_xxxxxx,0.0011,0.0073
Heat,uu_xxxxx,u^2u_xxxxxx,P1(u)u_xxxxx,P2(u)u_xxxxxx,-0.0123,-0.0107
Heat,uu_xxxxx,u^3u_xxxxxx,P1(u)u_xxxxx,P3(u)u_xxxxxx,-0.0265,-0.0234
Heat,uu_xxxxx,u^4u_xxxxxx,P1(u)u_xxxxx,P4(u)u_xxxxxx,-0.0255,-0.0009
Heat,uu_xxxxx,u^5u_xxxxxx,P1(u)u_xxxxx,P5(u)u_xxxxxx,-0.0381,0.0079
Heat,uu_xxxxx,u^6u_xxxxxx,P1(u)u_xxxxx,P6(u)u_xxxxxx,-0.0368,0.0192
Heat,u^2u_xxxxx,u^3u_xxxxx,P2(u)u_xxxxx,P3(u)u_xxxxx,0.5546,-0.1078
Heat,u^2u_xxxxx,u^4u_xxxxx,P2(u)u_xxxxx,P4(u)u_xxxxx,0.8615,-0.7061
Heat,u^2u_xxxxx,u^5u_xxxxx,P2(u)u_xxxxx,P5(u)u_xxxxx,0.5209,0.1307
Heat,u^2u_xxxxx,u^6u_xxxxx,P2(u)u_xxxxx,P6(u)u_xxxxx,0.6357,0.2903
Heat,u^2u_xxxxx,u_xxxxxx,P2(u)u_xxxxx,P0(u)u_xxxxxx,0.0225,0.0135
Heat,u^2u_xxxxx,uu_xxxxxx,P2(u)u_xxxxx,P1(u)u_xxxxxx,0.008,0.0228
Heat,u^2u_xxxxx,u^2u_xxxxxx,P2(u)u_xxxxx,P2(u)u_xxxxxx,-0.012,-0.0105
Heat,u^2u_xxxxx,u^3u_xxxxxx,P2(u)u_xxxxx,P3(u)u_xxxxxx,-0.0272,-0.008
Heat,u^2u_xxxxx,u^4u_xxxxxx,P2(u)u_xxxxx,P4(u)u_xxxxxx,-0.0301,0.0117
Heat,u^2u_xxxxx,u^5u_xxxxxx,P2(u)u_xxxxx,P5(u)u_xxxxxx,-0.04,0.0019
Heat,u^2u_xxxxx,u^6u_xxxxxx,P2(u)u_xxxxx,P6(u)u_xxxxxx,-0.0433,-0.0089
Heat,u^3u_xxxxx,u^4u_xxxxx,P3(u)u_xxxxx,P4(u)u_xxxxx,0.6768,0.0201
Heat,u^3u_xxxxx,u^5u_xxxxx,P3(u)u_xxxxx,P5(u)u_xxxxx,0.8948,-0.7147
Heat,u^3u_xxxxx,u^6u_xxxxx,P3(u)u_xxxxx,P6(u)u_xxxxx,0.6289,0.0473
Heat,u^3u_xxxxx,u_xxxxxx,P3(u)u_xxxxx,P0(u)u_xxxxxx,0.0087,-0.0006
Heat,u^3u_xxxxx,uu_xxxxxx,P3(u)u_xxxxx,P1(u)u_xxxxxx,0.0223,0.0005
Heat,u^3u_xxxxx,u^2u_xxxxxx,P3(u)u_xxxxx,P2(u)u_xxxxxx,-0.016,-0.0023
Heat,u^3u_xxxxx,u^3u_xxxxxx,P3(u)u_xxxxx,P3(u)u_xxxxxx,-0.0284,0.0066
Heat,u^3u_xxxxx,u^4u_xxxxxx,P3(u)u_xxxxx,P4(u)u_xxxxxx,-0.0308,0.0039
Heat,u^3u_xxxxx,u^5u_xxxxxx,P3(u)u_xxxxx,P5(u)u_xxxxxx,-0.0415,0.0045
Heat,u^3u_xxxxx,u^6u_xxxxxx,P3(u)u_xxxxx,P6(u)u_xxxxxx,-0.0439,-0.0112
Heat,u^4u_xxxxx,u^5u_xxxxx,P4(u)u_xxxxx,P5(u)u_xxxxx,0.7645,-0.0738
Heat,u^4u_xxxxx,u^6u_xxxxx,P4(u)u_xxxxx,P6(u)u_xxxxx,0.9198,-0.738
Heat,u^4u_xxxxx,u_xxxxxx,P4(u)u_xxxxx,P0(u)u_xxxxxx,0.0259,-0.0125
Heat,u^4u_xxxxx,uu_xxxxxx,P4(u)u_xxxxx,P1(u)u_xxxxxx,0.0311,-0.0124
Heat,u^4u_xxxxx,u^2u_xxxxxx,P4(u)u_xxxxx,P2(u)u_xxxxxx,-0.0097,0.0124
Heat,u^4u_xxxxx,u^3u_xxxxxx,P4(u)u_xxxxx,P3(u)u_xxxxxx,-0.0203,-0.0034
Heat,u^4u_xxxxx,u^4u_xxxxxx,P4(u)u_xxxxx,P4(u)u_xxxxxx,-0.0245,-0.0029
Heat,u^4u_xxxxx,u^5u_xxxxxx,P4(u)u_xxxxx,P5(u)u_xxxxxx,-0.0333,0.0045
Heat,u^4u_xxxxx,u^6u_xxxxxx,P4(u)u_xxxxx,P6(u)u_xxxxxx,-0.0365,-0.0003
Heat,u^5u_xxxxx,u^6u_xxxxx,P5(u)u_xxxxx,P6(u)u_xxxxx,0.8246,-0.0207
Heat,u^5u_xxxxx,u_xxxxxx,P5(u)u_xxxxx,P0(u)u_xxxxxx,0.023,0.0102
Heat,u^5u_xxxxx,uu_xxxxxx,P5(u)u_xxxxx,P1(u)u_xxxxxx,0.0351,-0.005
Heat,u^5u_xxxxx,u^2u_xxxxxx,P5(u)u_xxxxx,P2(u)u_xxxxxx,-0.0077,-0.0015
Heat,u^5u_xxxxx,u^3u_xxxxxx,P5(u)u_xxxxx,P3(u)u_xxxxxx,-0.0175,0.0131
Heat,u^5u_xxxxx,u^4u_xxxxxx,P5(u)u_xxxxx,P4(u)u_xxxxxx,-0.0196,-0.0035
Heat,u^5u_xxxxx,u^5u_xxxxxx,P5(u)u_xxxxx,P5(u)u_xxxxxx,-0.0285,-0.01
Heat,u^5u_xxxxx,u^6u_xxxxxx,P5(u)u_xxxxx,P6(u)u_xxxxxx,-0.0306,0.0133
Heat,u^6u_xxxxx,u_xxxxxx,P6(u)u_xxxxx,P0(u)u_xxxxxx,0.0258,-0.0086
Heat,u^6u_xxxxx,uu_xxxxxx,P6(u)u_xxxxx,P1(u)u_xxxxxx,0.0436,0.0001
Heat,u^6u_xxxxx,u^2u_xxxxxx,P6(u)u_xxxxx,P2(u)u_xxxxxx,-0.0072,-0.0016
Heat,u^6u_xxxxx,u^3u_xxxxxx,P6(u)u_xxxxx,P3(u)u_xxxxxx,-0.0091,0.0079
Heat,u^6u_xxxxx,u^4u_xxxxxx,P6(u)u_xxxxx,P4(u)u_xxxxxx,-0.0165,0.0089
Heat,u^6u_xxxxx,u^5u_xxxxxx,P6(u)u_xxxxx,P5(u)u_xxxxxx,-0.0198,-0.0055
Heat,u^6u_xxxxx,u^6u_xxxxxx,P6(u)u_xxxxx,P6(u)u_xxxxxx,-0.0256,-0.0244
Heat,u_xxxxxx,uu_xxxxxx,P0(u)u_xxxxxx,P1(u)u_xxxxxx,0.112,-0.0931
Heat,u_xxxxxx,u^2u_xxxxxx,P0(u)u_xxxxxx,P2(u)u_xxxxxx,0.0848,-0.1351
Heat,u_xxxxxx,u^3u_xxxxxx,P0(u)u_xxxxxx,P3(u)u_xxxxxx,0.0307,0.0265
Heat,u_xxxxxx,u^4u_xxxxxx,P0(u)u_xxxxxx,P4(u)u_xxxxxx,0.0452,0.0398
Heat,u_xxxxxx,u^5u_xxxxxx,P0(u)u_xxxxxx,P5(u)u_xxxxxx,0.0223,-0.017
Heat,u_xxxxxx,u^6u_xxxxxx,P0(u)u_xxxxxx,P6(u)u_xxxxxx,0.0329,-0.0079
Heat,uu_xxxxxx,u^2u_xxxxxx,P1(u)u_xxxxxx,P2(u)u_xxxxxx,0.0622,0.0058
Heat,uu_xxxxxx,u^3u_xxxxxx,P1(u)u_xxxxxx,P3(u)u_xxxxxx,0.1952,-0.1827
Heat,uu_xxxxxx,u^4u_xxxxxx,P1(u)u_xxxxxx,P4(u)u_xxxxxx,0.0668,0.0152
Heat,uu_xxxxxx,u^5u_xxxxxx,P1(u)u_xxxxxx,P5(u)u_xxxxxx,0.1306,0.0456
Heat,uu_xxxxxx,u^6u_xxxxxx,P1(u)u_xxxxxx,P6(u)u_xxxxxx,0.0725,-0.0187
Heat,u^2u_xxxxxx,u^3u_xxxxxx,P2(u)u_xxxxxx,P3(u)u_xxxxxx,0.6272,0.1883
Heat,u^2u_xxxxxx,u^4u_xxxxxx,P2(u)u_xxxxxx,P4(u)u_xxxxxx,0.9559,-0.8914
Heat,u^2u_xxxxxx,u^5u_xxxxxx,P2(u)u_xxxxxx,P5(u)u_xxxxxx,0.6701,-0.1866
Heat,u^2u_xxxxxx,u^6u_xxxxxx,P2(u)u_xxxxxx,P6(u)u_xxxxxx,0.8925,0.2979
Heat,u^3u_xxxxxx,u^4u_xxxxxx,P3(u)u_xxxxxx,P4(u)u_xxxxxx,0.7531,-0.2283
Heat,u^3u_xxxxxx,u^5u_xxxxxx,P3(u)u_xxxxxx,P5(u)u_xxxxxx,0.9799,-0.9529
Heat,u^3u_xxxxxx,u^6u_xxxxxx,P3(u)u_xxxxxx,P6(u)u_xxxxxx,0.7978,0.1715
Heat,u^4u_xxxxxx,u^5u_xxxxxx,P4(u)u_xxxxxx,P5(u)u_xxxxxx,0.8116,0.2113
Heat,u^4u_xxxxxx,u^6u_xxxxxx,P4(u)u_xxxxxx,P6(u)u_xxxxxx,0.9816,-0.6803
Heat,u^5u_xxxxxx,u^6u_xxxxxx,P5(u)u_xxxxxx,P6(u)u_xxxxxx,0.8695,-0.1473
Nagumo,1,u,P0(u),P1(u),,
Nagumo,1,u^2,P0(u),P2(u),,
Nagumo,1,u^3,P0(u),P3(u),,
Nagumo,1,u^4,P0(u),P4(u),,
Nagumo,1,u^5,P0(u),P5(u),,
Nagumo,1,u^6,P0(u),P6(u),,
Nagumo,1,u_x,P0(u),P0(u)u_x,,
Nagumo,1,uu_x,P0(u),P1(u)u_x,,
Nagumo,1,u^2u_x,P0(u),P2(u)u_x,,
Nagumo,1,u^3u_x,P0(u),P3(u)u_x,,
Nagumo,1,u^4u_x,P0(u),P4(u)u_x,,
Nagumo,1,u^5u_x,P0(u),P5(u)u_x,,
Nagumo,1,u^6u_x,P0(u),P6(u)u_x,,
Nagumo,1,u_xx,P0(u),P0(u)u_xx,,
Nagumo,1,uu_xx,P0(u),P1(u)u_xx,,
Nagumo,1,u^2u_xx,P0(u),P2(u)u_xx,,
Nagumo,1,u^3u_xx,P0(u),P3(u)u_xx,,
Nagumo,1,u^4u_xx,P0(u),P4(u)u_xx,,
Nagumo,1,u^5u_xx,P0(u),P5(u)u_xx,,
Nagumo,1,u^6u_xx,P0(u),P6(u)u_xx,,
Nagumo,1,u_xxx,P0(u),P0(u)u_xxx,,
Nagumo,1,uu_xxx,P0(u),P1(u)u_xxx,,
Nagumo,1,u^2u_xxx,P0(u),P2(u)u_xxx,,
Nagumo,1,u^3u_xxx,P0(u),P3(u)u_xxx,,
Nagumo,1,u^4u_xxx,P0(u),P4(u)u_xxx,,
Nagumo,1,u^5u_xxx,P0(u),P5(u)u_xxx,,
Nagumo,1,u^6u_xxx,P0(u),P6(u)u_xxx,,
Nagumo,1,u_xxxx,P0(u),P0(u)u_xxxx,,
Nagumo,1,uu_xxxx,P0(u),P1(u)u_xxxx,,
Nagumo,1,u^2u_xxxx,P0(u),P2(u)u_xxxx,,
Nagumo,1,u^3u_xxxx,P0(u),P3(u)u_xxxx,,
Nagumo,1,u^4u_xxxx,P0(u),P4(u)u_xxxx,,
Nagumo,1,u^5u_xxxx,P0(u),P5(u)u_xxxx,,
Nagumo,1,u^6u_xxxx,P0(u),P6(u)u_xxxx,,
Nagumo,1,u_xxxxx,P0(u),P0(u)u_xxxxx,,
Nagumo,1,uu_xxxxx,P0(u),P1(u)u_xxxxx,,
Nagumo,1,u^2u_xxxxx,P0(u),P2(u)u_xxxxx,,
Nagumo,1,u^3u_xxxxx,P0(u),P3(u)u_xxxxx,,
Nagumo,1,u^4u_xxxxx,P0(u),P4(u)u_xxxxx,,
Nagumo,1,u^5u_xxxxx,P0(u),P5(u)u_xxxxx,,
Nagumo,1,u^6u_xxxxx,P0(u),P6(u)u_xxxxx,,
Nagumo,1,u_xxxxxx,P0(u),P0(u)u_xxxxxx,,
Nagumo,1,uu_xxxxxx,P0(u),P1(u)u_xxxxxx,,
Nagumo,1,u^2u_xxxxxx,P0(u),P2(u)u_xxxxxx,,
Nagumo,1,u^3u_xxxxxx,P0(u),P3(u)u_xxxxxx,,
Nagumo,1,u^4u_xxxxxx,P0(u),P4(u)u_xxxxxx,,
Nagumo,1,u^5u_xxxxxx,P0(u),P5(u)u_xxxxxx,,
Nagumo,1,u^6u_xxxxxx,P0(u),P6(u)u_xxxxxx,,
Nagumo,u,u^2,P1(u),P2(u),0.0408,-0.1216
Nagumo,u,u^3,P1(u),P3(u),0.9771,-0.9917
Nagumo,u,u^4,P1(u),P4(u),0.1755,0.1575
Nagumo,u,u^5,P1(u),P5(u),0.9327,0.9034
Nagumo,u,u^6,P1(u),P6(u),0.3004,-0.1871
Nagumo,u,u_x,P1(u),P0(u)u_x,-0.0,0.0001
Nagumo,u,uu_x,P1(u),P1(u)u_x,0.0136,0.0123
Nagumo,u,u^2u_x,P1(u),P2(u)u_x,-0.001,-0.0009
Nagumo,u,u^3u_x,P1(u),P3(u)u_x,0.0176,-0.0112
Nagumo,u,u^4u_x,P1(u),P4(u)u_x,-0.0006,0.0027
Nagumo,u,u^5u_x,P1(u),P5(u)u_x,0.0211,0.0097
Nagumo,u,u^6u_x,P1(u),P6(u)u_x,0.0021,-0.0044
Nagumo,u,u_xx,P1(u),P0(u)u_xx,-0.7301,-0.7318
Nagumo,u,uu_xx,P1(u),P1(u)u_xx,-0.2693,-0.2312
Nagumo,u,u^2u_xx,P1(u),P2(u)u_xx,-0.9872,-0.9601
Nagumo,u,u^3u_xx,P1(u),P3(u)u_xx,-0.1794,0.198
Nagumo,u,u^4u_xx,P1(u),P4(u)u_xx,-0.9606,0.9751
Nagumo,u,u^5u_xx,P1(u),P5(u)u_xx,-0.2694,-0.1678
Nagumo,u,u^6u_xx,P1(u),P6(u)u_xx,-0.9135,-0.8122
Nagumo,u,u_xxx,P1(u),P0(u)u_xxx,0.0,-0.0001
Nagumo,u,uu_xxx,P1(u),P1(u)u_xxx,0.1298,0.1322
Nagumo,u,u^2u_xxx,P1(u),P2(u)u_xxx,-0.0441,-0.028
Nagumo,u,u^3u_xxx,P1(u),P3(u)u_xxx,0.1156,-0.1077
Nagumo,u,u^4u_xxx,P1(u),P4(u)u_xxx,-0.0367,0.0604
Nagumo,u,u^5u_xxx,P1(u),P5(u)u_xxx,0.0667,0.0451
Nagumo,u,u^6u_xxx,P1(u),P6(u)u_xxx,-0.0237,-0.0371
Nagumo,u,u_xxxx,P1(u),P0(u)u_xxxx,0.0677,0.0681
Nagumo,u,uu_xxxx,P1(u),P1(u)u_xxxx,0.0843,0.0813
Nagumo,u,u^2u_xxxx,P1(u),P2(u)u_xxxx,0.9863,0.9817
Nagumo,u,u^3u_xxxx,P1(u),P3(u)u_xxxx,0.0965,-0.1043
Nagumo,u,u^4u_xxxx,P1(u),P4(u)u_xxxx,0.9622,-0.9661
Nagumo,u,u^5u_xxxx,P1(u),P5(u)u_xxxx,0.2112,0.1445
Nagumo,u,u^6u_xxxx,P1(u),P6(u)u_xxxx,0.9139,0.745
Nagumo,u,u_xxxxx,P1(u),P0(u)u_xxxxx,-0.0,0.0
Nagumo,u,uu_xxxxx,P1(u),P1(u)u_xxxxx,-0.0147,-0.0153
Nagumo,u,u^2u_xxxxx,P1(u),P2(u)u_xxxxx,0.0111,0.0109
Nagumo,u,u^3u_xxxxx,P1(u),P3(u)u_xxxxx,-0.0077,0.0169
Nagumo,u,u^4u_xxxxx,P1(u),P4(u)u_xxxxx,0.0081,-0.0156
Nagumo,u,u^5u_xxxxx,P1(u),P5(u)u_xxxxx,-0.002,-0.0183
Nagumo,u,u^6u_xxxxx,P1(u),P6(u)u_xxxxx,0.0087,0.0015
Nagumo,u,u_xxxxxx,P1(u),P0(u)u_xxxxxx,-0.0095,-0.0096
Nagumo,u,uu_xxxxxx,P1(u),P1(u)u_xxxxxx,-0.0572,-0.0565
Nagumo,u,u^2u_xxxxxx,P1(u),P2(u)u_xxxxxx,-0.9845,-0.9794
Nagumo,u,u^3u_xxxxxx,P1(u),P3(u)u_xxxxxx,-0.083,0.0989
Nagumo,u,u^4u_xxxxxx,P1(u),P4(u)u_xxxxxx,-0.9608,0.9637
Nagumo,u,u^5u_xxxxxx,P1(u),P5(u)u_xxxxxx,-0.2004,-0.1456
Nagumo,u,u^6u_xxxxxx,P1(u),P6(u)u_xxxxxx,-0.9112,-0.7331
Nagumo,u^2,u^3,P2(u),P3(u),0.0408,0.0829
Nagumo,u^2,u^4,P2(u),P4(u),0.9558,-0.9878
Nagumo,u^2,u^5,P2(u),P5(u),0.0907,0.0379
Nagumo,u^2,u^6,P2(u),P6(u),0.8605,0.905
Nagumo,u^2,u_x,P2(u),P0(u)u_x,-0.0122,-0.0082
Nagumo,u^2,uu_x,P2(u),P1(u)u_x,-0.0054,-0.007
Nagumo,u^2,u^2u_x,P2(u),P2(u)u_x,-0.0022,0.01
Nagumo,u^2,u^3u_x,P2(u),P3(u)u_x,-0.0072,0.0059
Nagumo,u^2,u^4u_x,P2(u),P4(u)u_x,0.0055,-0.0143
Nagumo,u^2,u^5u_x,P2(u),P5(u)u_x,-0.0067,-0.004
Nagumo,u^2,u^6u_x,P2(u),P6(u)u_x,0.0116,0.0181
Nagumo,u^2,u_xx,P2(u),P0(u)u_xx,-0.0607,0.0542
Nagumo,u^2,uu_xx,P2(u),P1(u)u_xx,-0.5311,-0.4605
Nagumo,u^2,u^2u_xx,P2(u),P2(u)u_xx,-0.0684,0.1101
Nagumo,u^2,u^3u_xx,P2(u),P3(u)u_xx,-0.9437,-0.847
Nagumo,u^2,u^4u_xx,P2(u),P4(u)u_xx,-0.0797,-0.0514
Nagumo,u^2,u^5u_xx,P2(u),P5(u)u_xx,-0.895,0.9515
Nagumo,u^2,u^6u_xx,P2(u),P6(u)u_xx,-0.1268,-0.1189
Nagumo,u^2,u_xxx,P2(u),P0(u)u_xxx,0.1866,0.1873
Nagumo,u^2,uu_xxx,P2(u),P1(u)u_xxx,-0.1402,-0.1703
Nagumo,u^2,u^2u_xxx,P2(u),P2(u)u_xxx,0.1854,-0.1302
Nagumo,u^2,u^3u_xxx,P2(u),P3(u)u_xxx,-0.11,0.1452
Nagumo,u^2,u^4u_xxx,P2(u),P4(u)u_xxx,0.1058,-0.0012
Nagumo,u^2,u^5u_xxx,P2(u),P5(u)u_xxx,-0.0697,-0.0692
Nagumo,u^2,u^6u_xxx,P2(u),P6(u)u_xxx,0.0427,0.0624
Nagumo,u^2,u_xxxx,P2(u),P0(u)u_xxxx,-0.0131,-0.0245
Nagumo,u^2,uu_xxxx,P2(u),P1(u)u_xxxx,0.0991,0.0568
Nagumo,u^2,u^2u_xxxx,P2(u),P2(u)u_xxxx,0.0529,-0.1059
Nagumo,u^2,u^3u_xxxx,P2(u),P3(u)u_xxxx,0.9342,0.9185
Nagumo,u^2,u^4u_xxxx,P2(u),P4(u)u_xxxx,0.0575,0.0444
Nagumo,u^2,u^5u_xxxx,P2(u),P5(u)u_xxxx,0.8993,-0.9502
Nagumo,u^2,u^6u_xxxx,P2(u),P6(u)u_xxxx,0.1035,0.1454
Nagumo,u^2,u_xxxxx,P2(u),P0(u)u_xxxxx,-0.0276,-0.0279
Nagumo,u^2,uu_xxxxx,P2(u),P1(u)u_xxxxx,0.02,0.0241
Nagumo,u^2,u^2u_xxxxx,P2(u),P2(u)u_xxxxx,-0.0083,0.0263
Nagumo,u^2,u^3u_xxxxx,P2(u),P3(u)u_xxxxx,0.018,-0.0142
Nagumo,u^2,u^4u_xxxxx,P2(u),P4(u)u_xxxxx,0.0049,-0.0108
Nagumo,u^2,u^5u_xxxxx,P2(u),P5(u)u_xxxxx,0.0172,-0.0093
Nagumo,u^2,u^6u_xxxxx,P2(u),P6(u)u_xxxxx,0.0104,0.0022
Nagumo,u^2,u_xxxxxx,P2(u),P0(u)u_xxxxxx,0.0057,0.0074
Nagumo,u^2,uu_xxxxxx,P2(u),P1(u)u_xxxxxx,-0.0695,-0.0374
Nagumo,u^2,u^2u_xxxxxx,P2(u),P2(u)u_xxxxxx,-0.0506,0.1087
Nagumo,u^2,u^3u_xxxxxx,P2(u),P3(u)u_xxxxxx,-0.9264,-0.9131
Nagumo,u^2,u^4u_xxxxxx,P2(u),P4(u)u_xxxxxx,-0.054,-0.0451
Nagumo,u^2,u^5u_xxxxxx,P2(u),P5(u)u_xxxxxx,-0.8949,0.9466
Nagumo,u^2,u^6u_xxxxxx,P2(u),P6(u)u_xxxxxx,-0.0996,-0.1477
Nagumo,u^3,u^4,P3(u),P4(u),0.1937,-0.1208
Nagumo,u^3,u^5,P3(u),P5(u),0.9856,-0.9502
Nagumo,u^3,u^6,P3(u),P6(u),0.3377,0.16
Nagumo,u^3,u_x,P3(u),P0(u)u_x,-0.001,-0.0005
Nagumo,u^3,uu_x,P3(u),P1(u)u_x,0.0101,-0.0117
Nagumo,u^3,u^2u_x,P3(u),P2(u)u_x,-0.0021,0.0012
Nagumo,u^3,u^3u_x,P3(u),P3(u)u_x,0.0141,0.0105
Nagumo,u^3,u^4u_x,P3(u),P4(u)u_x,-0.0018,-0.0025
Nagumo,u^3,u^5u_x,P3(u),P5(u)u_x,0.0184,-0.0089
Nagumo,u^3,u^6u_x,P3(u),P6(u)u_x,0.0013,0.0034
Nagumo,u^3,u_xx,P3(u),P0(u)u_xx,-0.7069,0.7232
Nagumo,u^3,uu_xx,P3(u),P1(u)u_xx,-0.2629,0.2511
Nagumo,u^3,u^2u_xx,P3(u),P2(u)u_xx,-0.9821,0.9417
Nagumo,u^3,u^3u_xx,P3(u),P3(u)u_xx,-0.1868,-0.1699
Nagumo,u^3,u^4u_xx,P3(u),P4(u)u_xx,-0.9923,-0.9823
Nagumo,u^3,u^5u_xx,P3(u),P5(u)u_xx,-0.2944,0.1361
Nagumo,u^3,u^6u_xx,P3(u),P6(u)u_xx,-0.97,0.8707
Nagumo,u^3,u_xxx,P3(u),P0(u)u_xxx,-0.0223,-0.0213
Nagumo,u^3,uu_xxx,P3(u),P1(u)u_xxx,0.1455,-0.1101
Nagumo,u^3,u^2u_xxx,P3(u),P2(u)u_xxx,-0.0616,0.0434
Nagumo,u^3,u^3u_xxx,P3(u),P3(u)u_xxx,0.1249,0.0871
Nagumo,u^3,u^4u_xxx,P3(u),P4(u)u_xxx,-0.0473,-0.0615
Nagumo,u^3,u^5u_xxx,P3(u),P5(u)u_xxx,0.0703,-0.0316
Nagumo,u^3,u^6u_xxx,P3(u),P6(u)u_xxx,-0.0308,0.0314
Nagumo,u^3,u_xxxx,P3(u),P0(u)u_xxxx,0.0667,-0.065
Nagumo,u^3,uu_xxxx,P3(u),P1(u)u_xxxx,0.081,-0.0863
Nagumo,u^3,u^2u_xxxx,P3(u),P2(u)u_xxxx,0.9742,-0.9691
Nagumo,u^3,u^3u_xxxx,P3(u),P3(u)u_xxxx,0.0986,0.0709
Nagumo,u^3,u^4u_xxxx,P3(u),P4(u)u_xxxx,0.9901,0.9806
Nagumo,u^3,u^5u_xxxx,P3(u),P5(u)u_xxxx,0.2309,-0.1109
Nagumo,u^3,u^6u_xxxx,P3(u),P6(u)u_xxxx,0.9682,-0.814
Nagumo,u^3,u_xxxxx,P3(u),P0(u)u_xxxxx,0.0033,0.0029
Nagumo,u^3,uu_xxxxx,P3(u),P1(u)u_xxxxx,-0.0147,0.0136
Nagumo,u^3,u^2u_xxxxx,P3(u),P2(u)u_xxxxx,0.0131,-0.0126
Nagumo,u^3,u^3u_xxxxx,P3(u),P3(u)u_xxxxx,-0.0068,-0.0153
Nagumo,u^3,u^4u_xxxxx,P3(u),P4(u)u_xxxxx,0.0105,0.015
Nagumo,u^3,u^5u_xxxxx,P3(u),P5(u)u_xxxxx,-0.0007,0.0173
Nagumo,u^3,u^6u_xxxxx,P3(u),P6(u)u_xxxxx,0.0111,-0.0018
Nagumo,u^3,u_xxxxxx,P3(u),P0(u)u_xxxxxx,-0.0117,0.0073
Nagumo,u^3,uu_xxxxxx,P3(u),P1(u)u_xxxxxx,-0.0541,0.0601
Nagumo,u^3,u^2u_xxxxxx,P3(u),P2(u)u_xxxxxx,-0.9714,0.9674
Nagumo,u^3,u^3u_xxxxxx,P3(u),P3(u)u_xxxxxx,-0.0843,-0.0649
Nagumo,u^3,u^4u_xxxxxx,P3(u),P4(u)u_xxxxxx,-0.9882,-0.9792
Nagumo,u^3,u^5u_xxxxxx,P3(u),P5(u)u_xxxxxx,-0.2191,0.1116
Nagumo,u^3,u^6u_xxxxxx,P3(u),P6(u)u_xxxxxx,-0.9651,0.8035
Nagumo,u^4,u^5,P4(u),P5(u),0.2556,0.0018
Nagumo,u^4,u^6,P4(u),P6(u),0.97,-0.9585
Nagumo,u^4,u_x,P4(u),P0(u)u_x,-0.0151,0.0093
Nagumo,u^4,uu_x,P4(u),P1(u)u_x,-0.0021,0.0065
Nagumo,u^4,u^2u_x,P4(u),P2(u)u_x,-0.0067,-0.0109
Nagumo,u^4,u^3u_x,P4(u),P3(u)u_x,-0.0035,-0.0054
Nagumo,u^4,u^4u_x,P4(u),P4(u)u_x,0.0008,0.0142
Nagumo,u^4,u^5u_x,P4(u),P5(u)u_x,-0.0026,0.0036
Nagumo,u^4,u^6u_x,P4(u),P6(u)u_x,0.0081,-0.0165
Nagumo,u^4,u_xx,P4(u),P0(u)u_xx,-0.1645,-0.082
Nagumo,u^4,uu_xx,P4(u),P1(u)u_xx,-0.5602,0.4131
Nagumo,u^4,u^2u_xx,P4(u),P2(u)u_xx,-0.2051,-0.1414
Nagumo,u^4,u^3u_xx,P4(u),P3(u)u_xx,-0.9599,0.8338
Nagumo,u^4,u^4u_xx,P4(u),P4(u)u_xx,-0.2321,0.0874
Nagumo,u^4,u^5u_xx,P4(u),P5(u)u_xx,-0.9734,-0.9541
Nagumo,u^4,u^6u_xx,P4(u),P6(u)u_xx,-0.2909,0.0807
Nagumo,u^4,u_xxx,P4(u),P0(u)u_xxx,0.1693,-0.1813
Nagumo,u^4,uu_xxx,P4(u),P1(u)u_xxx,-0.1146,0.1625
Nagumo,u^4,u^2u_xxx,P4(u),P2(u)u_xxx,0.1594,0.125
Nagumo,u^4,u^3u_xxx,P4(u),P3(u)u_xxx,-0.0852,-0.1361
Nagumo,u^4,u^4u_xxx,P4(u),P4(u)u_xxx,0.0906,0.0061
Nagumo,u^4,u^5u_xxx,P4(u),P5(u)u_xxx,-0.0562,0.0606
Nagumo,u^4,u^6u_xxx,P4(u),P6(u)u_xxx,0.0352,-0.0675
Nagumo,u^4,u_xxxx,P4(u),P0(u)u_xxxx,0.0018,0.0286
Nagumo,u^4,uu_xxxx,P4(u),P1(u)u_xxxx,0.1592,-0.0098
Nagumo,u^4,u^2u_xxxx,P4(u),P2(u)u_xxxx,0.1854,0.1387
Nagumo,u^4,u^3u_xxxx,P4(u),P3(u)u_xxxx,0.9337,-0.9102
Nagumo,u^4,u^4u_xxxx,P4(u),P4(u)u_xxxx,0.207,-0.081
Nagumo,u^4,u^5u_xxxx,P4(u),P5(u)u_xxxx,0.9644,0.962
Nagumo,u^4,u^6u_xxxx,P4(u),P6(u)u_xxxx,0.2649,-0.107
Nagumo,u^4,u_xxxxx,P4(u),P0(u)u_xxxxx,-0.0256,0.0264
Nagumo,u^4,uu_xxxxx,P4(u),P1(u)u_xxxxx,0.0169,-0.0235
Nagumo,u^4,u^2u_xxxxx,P4(u),P2(u)u_xxxxx,-0.0066,-0.0253
Nagumo,u^4,u^3u_xxxxx,P4(u),P3(u)u_xxxxx,0.0159,0.0129
Nagumo,u^4,u^4u_xxxxx,P4(u),P4(u)u_xxxxx,0.0048,0.0092
Nagumo,u^4,u^5u_xxxxx,P4(u),P5(u)u_xxxxx,0.0165,0.0096
Nagumo,u^4,u^6u_xxxxx,P4(u),P6(u)u_xxxxx,0.0102,0.0005
Nagumo,u^4,u_xxxxxx,P4(u),P0(u)u_xxxxxx,0.0033,-0.0078
Nagumo,u^4,uu_xxxxxx,P4(u),P1(u)u_xxxxxx,-0.1217,-0.0032
Nagumo,u^4,u^2u_xxxxxx,P4(u),P2(u)u_xxxxxx,-0.1823,-0.1417
Nagumo,u^4,u^3u_xxxxxx,P4(u),P3(u)u_xxxxxx,-0.9216,0.9045
Nagumo,u^4,u^4u_xxxxxx,P4(u),P4(u)u_xxxxxx,-0.203,0.0817
Nagumo,u^4,u^5u_xxxxxx,P4(u),P5(u)u_xxxxxx,-0.9569,-0.9597
Nagumo,u^4,u^6u_xxxxxx,P4(u),P6(u)u_xxxxxx,-0.2604,0.1094
Nagumo,u^5,u^6,P5(u),P6(u),0.4084,-0.0631
Nagumo,u^5,u_x,P5(u),P0(u)u_x,-0.0011,0.0007
Nagumo,u^5,uu_x,P5(u),P1(u)u_x,0.0058,0.0111
Nagumo,u^5,u^2u_x,P5(u),P2(u)u_x,-0.0018,-0.001
Nagumo,u^5,u^3u_x,P5(u),P3(u)u_x,0.0094,-0.0096
Nagumo,u^5,u^4u_x,P5(u),P4(u)u_x,-0.0016,0.0015
Nagumo,u^5,u^5u_x,P5(u),P5(u)u_x,0.014,0.0076
Nagumo,u^5,u^6u_x,P5(u),P6(u)u_x,0.0018,-0.0009
Nagumo,u^5,u_xx,P5(u),P0(u)u_xx,-0.6629,-0.6483
Nagumo,u^5,uu_xx,P5(u),P1(u)u_xx,-0.2797,-0.2925
Nagumo,u^5,u^2u_xx,P5(u),P2(u)u_xx,-0.9499,-0.8401
Nagumo,u^5,u^3u_xx,P5(u),P3(u)u_xx,-0.2349,0.0773
Nagumo,u^5,u^4u_xx,P5(u),P4(u)u_xx,-0.9882,0.9333
Nagumo,u^5,u^5u_xx,P5(u),P5(u)u_xx,-0.355,-0.0338
Nagumo,u^5,u^6u_xx,P5(u),P6(u)u_xx,-0.992,-0.9534
Nagumo,u^5,u_xxx,P5(u),P0(u)u_xxx,-0.0233,0.0761
Nagumo,u^5,uu_xxx,P5(u),P1(u)u_xxx,0.1362,0.0419
Nagumo,u^5,u^2u_xxx,P5(u),P2(u)u_xxx,-0.0571,-0.0808
Nagumo,u^5,u^3u_xxx,P5(u),P3(u)u_xxx,0.1169,-0.0238
Nagumo,u^5,u^4u_xxx,P5(u),P4(u)u_xxx,-0.0445,0.0591
Nagumo,u^5,u^5u_xxx,P5(u),P5(u)u_xxx,0.0653,-0.0084
Nagumo,u^5,u^6u_xxx,P5(u),P6(u)u_xxx,-0.0313,-0.0123
Nagumo,u^5,u_xxxx,P5(u),P0(u)u_xxxx,0.0624,0.0531
Nagumo,u^5,uu_xxxx,P5(u),P1(u)u_xxxx,0.0826,0.0904
Nagumo,u^5,u^2u_xxxx,P5(u),P2(u)u_xxxx,0.9384,0.8767
Nagumo,u^5,u^3u_xxxx,P5(u),P3(u)u_xxxx,0.1438,0.0314
Nagumo,u^5,u^4u_xxxx,P5(u),P4(u)u_xxxx,0.9825,-0.949
Nagumo,u^5,u^5u_xxxx,P5(u),P5(u)u_xxxx,0.2892,0.0055
Nagumo,u^5,u^6u_xxxx,P5(u),P6(u)u_xxxx,0.9873,0.9285
Nagumo,u^5,u_xxxxx,P5(u),P0(u)u_xxxxx,0.0034,-0.0108
Nagumo,u^5,uu_xxxxx,P5(u),P1(u)u_xxxxx,-0.0124,-0.008
Nagumo,u^5,u^2u_xxxxx,P5(u),P2(u)u_xxxxx,0.0125,0.0166
Nagumo,u^5,u^3u_xxxxx,P5(u),P3(u)u_xxxxx,-0.0053,0.0084
Nagumo,u^5,u^4u_xxxxx,P5(u),P4(u)u_xxxxx,0.0112,-0.0122
Nagumo,u^5,u^5u_xxxxx,P5(u),P5(u)u_xxxxx,0.0002,-0.0123
Nagumo,u^5,u^6u_xxxxx,P5(u),P6(u)u_xxxxx,0.0125,0.0019
Nagumo,u^5,u_xxxxxx,P5(u),P0(u)u_xxxxxx,-0.0126,-0.0025
Nagumo,u^5,uu_xxxxxx,P5(u),P1(u)u_xxxxxx,-0.0541,-0.0616
Nagumo,u^5,u^2u_xxxxxx,P5(u),P2(u)u_xxxxxx,-0.9351,-0.876
Nagumo,u^5,u^3u_xxxxxx,P5(u),P3(u)u_xxxxxx,-0.1289,-0.0384
Nagumo,u^5,u^4u_xxxxxx,P5(u),P4(u)u_xxxxxx,-0.9802,0.95
Nagumo,u^5,u^5u_xxxxxx,P5(u),P5(u)u_xxxxxx,-0.2769,-0.0049
Nagumo,u^5,u^6u_xxxxxx,P5(u),P6(u)u_xxxxxx,-0.9839,-0.9222
Nagumo,u^6,u_x,P6(u),P0(u)u_x,-0.0172,-0.0107
Nagumo,u^6,uu_x,P6(u),P1(u)u_x,-0.0001,-0.0057
Nagumo,u^6,u^2u_x,P6(u),P2(u)u_x,-0.0113,0.0119
Nagumo,u^6,u^3u_x,P6(u),P3(u)u_x,-0.0015,0.0046
Nagumo,u^6,u^4u_x,P6(u),P4(u)u_x,-0.0051,-0.0139
Nagumo,u^6,u^5u_x,P6(u),P5(u)u_x,-0.0004,-0.0027
Nagumo,u^6,u^6u_x,P6(u),P6(u)u_x,0.0025,0.0137
Nagumo,u^6,u_xx,P6(u),P0(u)u_xx,-0.2546,0.1067
Nagumo,u^6,uu_xx,P6(u),P1(u)u_xx,-0.5383,-0.3057
Nagumo,u^6,u^2u_xx,P6(u),P2(u)u_xx,-0.3312,0.1648
Nagumo,u^6,u^3u_xx,P6(u),P3(u)u_xx,-0.9084,-0.768
Nagumo,u^6,u^4u_xx,P6(u),P4(u)u_xx,-0.3739,-0.1254
Nagumo,u^6,u^5u_xx,P6(u),P5(u)u_xx,-0.9758,0.9023
Nagumo,u^6,u^6u_xx,P6(u),P6(u)u_xx,-0.4415,-0.0149
Nagumo,u^6,u_xxx,P6(u),P0(u)u_xxx,0.1409,0.1543
Nagumo,u^6,uu_xxx,P6(u),P1(u)u_xxx,-0.0764,-0.1264
Nagumo,u^6,u^2u_xxx,P6(u),P2(u)u_xxx,0.1239,-0.1052
Nagumo,u^6,u^3u_xxx,P6(u),P3(u)u_xxx,-0.0528,0.1006
Nagumo,u^6,u^4u_xxx,P6(u),P4(u)u_xxx,0.0689,-0.011
Nagumo,u^6,u^5u_xxx,P6(u),P5(u)u_xxx,-0.0386,-0.0346
Nagumo,u^6,u^6u_xxx,P6(u),P6(u)u_xxx,0.0237,0.0671
Nagumo,u^6,u_xxxx,P6(u),P0(u)u_xxxx,0.0148,-0.0317
Nagumo,u^6,uu_xxxx,P6(u),P1(u)u_xxxx,0.1793,-0.0714
Nagumo,u^6,u^2u_xxxx,P6(u),P2(u)u_xxxx,0.3088,-0.1657
Nagumo,u^6,u^3u_xxxx,P6(u),P3(u)u_xxxx,0.8696,0.8465
Nagumo,u^6,u^4u_xxxx,P6(u),P4(u)u_xxxx,0.3482,0.1231
Nagumo,u^6,u^5u_xxxx,P6(u),P5(u)u_xxxx,0.9556,-0.9263
Nagumo,u^6,u^6u_xxxx,P6(u),P6(u)u_xxxx,0.4153,0.0337
Nagumo,u^6,u_xxxxx,P6(u),P0(u)u_xxxxx,-0.0216,-0.0223
Nagumo,u^6,uu_xxxxx,P6(u),P1(u)u_xxxxx,0.0129,0.019
Nagumo,u^6,u^2u_xxxxx,P6(u),P2(u)u_xxxxx,-0.0039,0.022
Nagumo,u^6,u^3u_xxxxx,P6(u),P3(u)u_xxxxx,0.0132,-0.0083
Nagumo,u^6,u^4u_xxxxx,P6(u),P4(u)u_xxxxx,0.0054,-0.0065
Nagumo,u^6,u^5u_xxxxx,P6(u),P5(u)u_xxxxx,0.0153,-0.0103
Nagumo,u^6,u^6u_xxxxx,P6(u),P6(u)u_xxxxx,0.0109,-0.0047
Nagumo,u^6,u_xxxxxx,P6(u),P0(u)u_xxxxxx,0.0002,0.0066
Nagumo,u^6,uu_xxxxxx,P6(u),P1(u)u_xxxxxx,-0.14,0.0722
Nagumo,u^6,u^2u_xxxxxx,P6(u),P2(u)u_xxxxxx,-0.3054,0.1689
Nagumo,u^6,u^3u_xxxxxx,P6(u),P3(u)u_xxxxxx,-0.8552,-0.84
Nagumo,u^6,u^4u_xxxxxx,P6(u),P4(u)u_xxxxxx,-0.3442,-0.1244
Nagumo,u^6,u^5u_xxxxxx,P6(u),P5(u)u_xxxxxx,-0.9461,0.9261
Nagumo,u^6,u^6u_xxxxxx,P6(u),P6(u)u_xxxxxx,-0.4106,-0.0352
Nagumo,u_x,uu_x,P0(u)u_x,P1(u)u_x,0.0445,-0.0417
Nagumo,u_x,u^2u_x,P0(u)u_x,P2(u)u_x,0.9165,-0.9899
Nagumo,u_x,u^3u_x,P0(u)u_x,P3(u)u_x,0.1274,0.0531
Nagumo,u_x,u^4u_x,P0(u)u_x,P4(u)u_x,0.8147,0.8651
Nagumo,u_x,u^5u_x,P0(u)u_x,P5(u)u_x,0.2082,-0.066
Nagumo,u_x,u^6u_x,P0(u)u_x,P6(u)u_x,0.706,-0.4684
Nagumo,u_x,u_xx,P0(u)u_x,P0(u)u_xx,-0.0,-0.0
Nagumo,u_x,uu_xx,P0(u)u_x,P1(u)u_xx,-0.1102,-0.1145
Nagumo,u_x,u^2u_xx,P0(u)u_x,P2(u)u_xx,0.0045,0.0077
Nagumo,u_x,u^3u_xx,P0(u)u_x,P3(u)u_xx,-0.0136,0.081
Nagumo,u_x,u^4u_xx,P0(u)u_x,P4(u)u_xx,0.002,-0.0101
Nagumo,u_x,u^5u_xx,P0(u)u_x,P5(u)u_xx,0.0023,-0.0401
Nagumo,u_x,u^6u_xx,P0(u)u_x,P6(u)u_xx,-0.0001,0.0167
Nagumo,u_x,u_xxx,P0(u)u_x,P0(u)u_xxx,-0.658,-0.658
Nagumo,u_x,uu_xxx,P0(u)u_x,P1(u)u_xxx,-0.0178,0.0189
Nagumo,u_x,u^2u_xxx,P0(u)u_x,P2(u)u_xxx,-0.3159,0.6979
Nagumo,u_x,u^3u_xxx,P0(u)u_x,P3(u)u_xxx,-0.0299,-0.0181
Nagumo,u_x,u^4u_xxx,P0(u)u_x,P4(u)u_xxx,-0.1039,-0.5284
Nagumo,u_x,u^5u_xxx,P0(u)u_x,P5(u)u_xxx,-0.0188,0.0153
Nagumo,u_x,u^6u_xxx,P0(u)u_x,P6(u)u_xxx,-0.0161,0.2141
Nagumo,u_x,u_xxxx,P0(u)u_x,P0(u)u_xxxx,0.0,0.0
Nagumo,u_x,uu_xxxx,P0(u)u_x,P1(u)u_xxxx,0.0202,0.0204
Nagumo,u_x,u^2u_xxxx,P0(u)u_x,P2(u)u_xxxx,-0.0004,-0.001
Nagumo,u_x,u^3u_xxxx,P0(u)u_x,P3(u)u_xxxx,-0.0071,-0.0173
Nagumo,u_x,u^4u_xxxx,P0(u)u_x,P4(u)u_xxxx,0.0009,0.0024
Nagumo,u_x,u^5u_xxxx,P0(u)u_x,P5(u)u_xxxx,-0.0096,0.0173
Nagumo,u_x,u^6u_xxxx,P0(u)u_x,P6(u)u_xxxx,0.003,-0.006
Nagumo,u_x,u_xxxxx,P0(u)u_x,P0(u)u_xxxxx,0.092,0.092
Nagumo,u_x,uu_xxxxx,P0(u)u_x,P1(u)u_xxxxx,0.0113,0.0079
Nagumo,u_x,u^2u_xxxxx,P0(u)u_x,P2(u)u_xxxxx,-0.0162,-0.1332
Nagumo,u_x,u^3u_xxxxx,P0(u)u_x,P3(u)u_xxxxx,0.0018,-0.0158
Nagumo,u_x,u^4u_xxxxx,P0(u)u_x,P4(u)u_xxxxx,-0.0338,0.1077
Nagumo,u_x,u^5u_xxxxx,P0(u)u_x,P5(u)u_xxxxx,-0.0034,0.0232
Nagumo,u_x,u^6u_xxxxx,P0(u)u_x,P6(u)u_xxxxx,-0.03,-0.0577
Nagumo,u_x,u_xxxxxx,P0(u)u_x,P0(u)u_xxxxxx,-0.0,-0.0
Nagumo,u_x,uu_xxxxxx,P0(u)u_x,P1(u)u_xxxxxx,-0.0078,-0.0076
Nagumo,u_x,u^2u_xxxxxx,P0(u)u_x,P2(u)u_xxxxxx,0.0,0.0004
Nagumo,u_x,u^3u_xxxxxx,P0(u)u_x,P3(u)u_xxxxxx,0.0085,0.0113
Nagumo,u_x,u^4u_xxxxxx,P0(u)u_x,P4(u)u_xxxxxx,-0.0013,-0.0017
Nagumo,u_x,u^5u_xxxxxx,P0(u)u_x,P5(u)u_xxxxxx,0.0091,-0.0148
Nagumo,u_x,u^6u_xxxxxx,P0(u)u_x,P6(u)u_xxxxxx,-0.0037,0.0048
Nagumo,uu_x,u^2u_x,P1(u)u_x,P2(u)u_x,0.0639,0.0205
Nagumo,uu_x,u^3u_x,P1(u)u_x,P3(u)u_x,0.9534,-0.9923
Nagumo,uu_x,u^4u_x,P1(u)u_x,P4(u)u_x,0.1396,0.0485
Nagumo,uu_x,u^5u_x,P1(u)u_x,P5(u)u_x,0.852,0.9317
Nagumo,uu_x,u^6u_x,P1(u)u_x,P6(u)u_x,0.2201,-0.1459
Nagumo,uu_x,u_xx,P1(u)u_x,P0(u)u_xx,-0.1935,-0.19
Nagumo,uu_x,uu_xx,P1(u)u_x,P1(u)u_xx,0.0866,0.1037
Nagumo,uu_x,u^2u_xx,P1(u)u_x,P2(u)u_xx,-0.0375,0.0355
Nagumo,uu_x,u^3u_xx,P1(u)u_x,P3(u)u_xx,0.0219,-0.0531
Nagumo,uu_x,u^4u_xx,P1(u)u_x,P4(u)u_xx,-0.0212,0.0093
Nagumo,uu_x,u^5u_xx,P1(u)u_x,P5(u)u_xx,0.0071,0.0122
Nagumo,uu_x,u^6u_xx,P1(u)u_x,P6(u)u_xx,-0.0122,-0.029
Nagumo,uu_x,u_xxx,P1(u)u_x,P0(u)u_xxx,0.0492,0.1051
Nagumo,uu_x,uu_xxx,P1(u)u_x,P1(u)u_xxx,-0.4556,-0.4459
Nagumo,uu_x,u^2u_xxx,P1(u)u_x,P2(u)u_xxx,0.0435,-0.0729
Nagumo,uu_x,u^3u_xxx,P1(u)u_x,P3(u)u_xxx,-0.249,0.5229
Nagumo,uu_x,u^4u_xxx,P1(u)u_x,P4(u)u_xxx,0.0126,-0.0087
Nagumo,uu_x,u^5u_xxx,P1(u)u_x,P5(u)u_xxx,-0.0969,-0.4864
Nagumo,uu_x,u^6u_xxx,P1(u)u_x,P6(u)u_xxx,0.0036,0.0597
Nagumo,uu_x,u_xxxx,P1(u)u_x,P0(u)u_xxxx,0.04,0.0395
Nagumo,uu_x,uu_xxxx,P1(u)u_x,P1(u)u_xxxx,-0.0182,-0.0204
Nagumo,uu_x,u^2u_xxxx,P1(u)u_x,P2(u)u_xxxx,0.0168,0.0087
Nagumo,uu_x,u^3u_xxxx,P1(u)u_x,P3(u)u_xxxx,-0.0048,0.0029
Nagumo,uu_x,u^4u_xxxx,P1(u)u_x,P4(u)u_xxxx,0.0116,-0.0121
Nagumo,uu_x,u^5u_xxxx,P1(u)u_x,P5(u)u_xxxx,0.0018,0.0026
Nagumo,uu_x,u^6u_xxxx,P1(u)u_x,P6(u)u_xxxx,0.0081,0.0174
Nagumo,uu_x,u_xxxxx,P1(u)u_x,P0(u)u_xxxxx,-0.0315,-0.0383
Nagumo,uu_x,uu_xxxxx,P1(u)u_x,P1(u)u_xxxxx,0.0465,0.0444
Nagumo,uu_x,u^2u_xxxxx,P1(u)u_x,P2(u)u_xxxxx,-0.0223,0.0259
Nagumo,uu_x,u^3u_xxxxx,P1(u)u_x,P3(u)u_xxxxx,0.0093,-0.0773
Nagumo,uu_x,u^4u_xxxxx,P1(u)u_x,P4(u)u_xxxxx,-0.0112,-0.0014
Nagumo,uu_x,u^5u_xxxxx,P1(u)u_x,P5(u)u_xxxxx,-0.0051,0.0756
Nagumo,uu_x,u^6u_xxxxx,P1(u)u_x,P6(u)u_xxxxx,-0.0059,0.0006
Nagumo,uu_x,u_xxxxxx,P1(u)u_x,P0(u)u_xxxxxx,-0.0031,-0.003
Nagumo,uu_x,uu_xxxxxx,P1(u)u_x,P1(u)u_xxxxxx,0.008,0.0085
Nagumo,uu_x,u^2u_xxxxxx,P1(u)u_x,P2(u)u_xxxxxx,-0.0149,-0.0132
Nagumo,uu_x,u^3u_xxxxxx,P1(u)u_x,P3(u)u_xxxxxx,0.0025,0.0014
Nagumo,uu_x,u^4u_xxxxxx,P1(u)u_x,P4(u)u_xxxxxx,-0.0114,0.0128
Nagumo,uu_x,u^5u_xxxxxx,P1(u)u_x,P5(u)u_xxxxxx,-0.0035,-0.0044
Nagumo,uu_x,u^6u_xxxxxx,P1(u)u_x,P6(u)u_xxxxxx,-0.0087,-0.0162
Nagumo,u^2u_x,u^3u_x,P2(u)u_x,P3(u)u_x,0.1587,-0.0355
Nagumo,u^2u_x,u^4u_x,P2(u)u_x,P4(u)u_x,0.9658,-0.9266
Nagumo,u^2u_x,u^5u_x,P2(u)u_x,P5(u)u_x,0.2652,0.0586
Nagumo,u^2u_x,u^6u_x,P2(u)u_x,P6(u)u_x,0.8772,0.5799
Nagumo,u^2u_x,u_xx,P2(u)u_x,P0(u)u_xx,0.0419,0.0199
Nagumo,u^2u_x,uu_xx,P2(u)u_x,P1(u)u_xx,-0.1452,0.094
Nagumo,u^2u_x,u^2u_xx,P2(u)u_x,P2(u)u_xx,0.0101,-0.0117
Nagumo,u^2u_x,u^3u_xx,P2(u)u_x,P3(u)u_xx,-0.0298,-0.0712
Nagumo,u^2u_x,u^4u_xx,P2(u)u_x,P4(u)u_xx,0.0053,0.0096
Nagumo,u^2u_x,u^5u_xx,P2(u)u_x,P5(u)u_xx,-0.0079,0.0378
Nagumo,u^2u_x,u^6u_xx,P2(u)u_x,P6(u)u_xx,0.0017,-0.0148
Nagumo,u^2u_x,u_xxx,P2(u)u_x,P0(u)u_xxx,-0.5888,0.6508
Nagumo,u^2u_x,uu_xxx,P2(u)u_x,P1(u)u_xxx,0.0009,0.0041
Nagumo,u^2u_x,u^2u_xxx,P2(u)u_x,P2(u)u_xxx,-0.379,-0.7089
Nagumo,u^2u_x,u^3u_xxx,P2(u)u_x,P3(u)u_xxx,-0.013,-0.0013
Nagumo,u^2u_x,u^4u_xxx,P2(u)u_x,P4(u)u_xxx,-0.1687,0.5732
Nagumo,u^2u_x,u^5u_xxx,P2(u)u_x,P5(u)u_xxx,-0.0123,-0.0076
Nagumo,u^2u_x,u^6u_xxx,P2(u)u_x,P6(u)u_xxx,-0.0577,-0.2669
Nagumo,u^2u_x,u_xxxx,P2(u)u_x,P0(u)u_xxxx,-0.0085,-0.0035
Nagumo,u^2u_x,uu_xxxx,P2(u)u_x,P1(u)u_xxxx,0.0189,-0.019
Nagumo,u^2u_x,u^2u_xxxx,P2(u)u_x,P2(u)u_xxxx,-0.002,0.0004
Nagumo,u^2u_x,u^3u_xxxx,P2(u)u_x,P3(u)u_xxxx,0.0012,0.0184
Nagumo,u^2u_x,u^4u_xxxx,P2(u)u_x,P4(u)u_xxxx,-0.0002,-0.0016
Nagumo,u^2u_x,u^5u_xxxx,P2(u)u_x,P5(u)u_xxxx,-0.0022,-0.0184
Nagumo,u^2u_x,u^6u_xxxx,P2(u)u_x,P6(u)u_xxxx,0.0027,0.0053
Nagumo,u^2u_x,u_xxxxx,P2(u)u_x,P0(u)u_xxxxx,0.0834,-0.0899
Nagumo,u^2u_x,uu_xxxxx,P2(u)u_x,P1(u)u_xxxxx,-0.0012,-0.0141
Nagumo,u^2u_x,u^2u_xxxxx,P2(u)u_x,P2(u)u_xxxxx,0.0161,0.1391
Nagumo,u^2u_x,u^3u_xxxxx,P2(u)u_x,P3(u)u_xxxxx,-0.0052,0.0207
Nagumo,u^2u_x,u^4u_xxxxx,P2(u)u_x,P4(u)u_xxxxx,-0.0017,-0.1211
Nagumo,u^2u_x,u^5u_xxxxx,P2(u)u_x,P5(u)u_xxxxx,-0.0048,-0.0242
Nagumo,u^2u_x,u^6u_xxxxx,P2(u)u_x,P6(u)u_xxxxx,-0.006,0.0673
Nagumo,u^2u_x,u_xxxxxx,P2(u)u_x,P0(u)u_xxxxxx,0.0006,-0.0001
Nagumo,u^2u_x,uu_xxxxxx,P2(u)u_x,P1(u)u_xxxxxx,-0.003,0.0084
Nagumo,u^2u_x,u^2u_xxxxxx,P2(u)u_x,P2(u)u_xxxxxx,0.001,0.0006
Nagumo,u^2u_x,u^3u_xxxxxx,P2(u)u_x,P3(u)u_xxxxxx,0.0006,-0.0134
Nagumo,u^2u_x,u^4u_xxxxxx,P2(u)u_x,P4(u)u_xxxxxx,-0.0006,0.0009
Nagumo,u^2u_x,u^5u_xxxxxx,P2(u)u_x,P5(u)u_xxxxxx,0.0015,0.0162
Nagumo,u^2u_x,u^6u_xxxxxx,P2(u)u_x,P6(u)u_xxxxxx,-0.0038,-0.0044
Nagumo,u^3u_x,u^4u_x,P3(u)u_x,P4(u)u_x,0.2472,-0.0268
Nagumo,u^3u_x,u^5u_x,P3(u)u_x,P5(u)u_x,0.9631,-0.9683
Nagumo,u^3u_x,u^6u_x,P3(u)u_x,P6(u)u_x,0.3419,0.1262
Nagumo,u^3u_x,u_xx,P3(u)u_x,P0(u)u_xx,-0.1912,0.1824
Nagumo,u^3u_x,uu_xx,P3(u)u_x,P1(u)u_xx,0.0833,-0.0949
Nagumo,u^3u_x,u^2u_xx,P3(u)u_x,P2(u)u_xx,-0.041,-0.0353
Nagumo,u^3u_x,u^3u_xx,P3(u)u_x,P3(u)u_xx,0.0228,0.0496
Nagumo,u^3u_x,u^4u_xx,P3(u)u_x,P4(u)u_xx,-0.0251,-0.0078
Nagumo,u^3u_x,u^5u_xx,P3(u)u_x,P5(u)u_xx,0.0082,-0.0121
Nagumo,u^3u_x,u^6u_xx,P3(u)u_x,P6(u)u_xx,-0.0158,0.0265
Nagumo,u^3u_x,u_xxx,P3(u)u_x,P0(u)u_xxx,-0.0283,-0.1184
Nagumo,u^3u_x,uu_xxx,P3(u)u_x,P1(u)u_xxx,-0.4284,0.4355
Nagumo,u^3u_x,u^2u_xxx,P3(u)u_x,P2(u)u_xxx,0.0039,0.0937
Nagumo,u^3u_x,u^3u_xxx,P3(u)u_x,P3(u)u_xxx,-0.2881,-0.5309
Nagumo,u^3u_x,u^4u_xxx,P3(u)u_x,P4(u)u_xxx,-0.006,-0.0165
Nagumo,u^3u_x,u^5u_xxx,P3(u)u_x,P5(u)u_xxx,-0.1536,0.519
Nagumo,u^3u_x,u^6u_xxx,P3(u)u_x,P6(u)u_xxx,-0.0098,-0.0461
Nagumo,u^3u_x,u_xxxx,P3(u)u_x,P0(u)u_xxxx,0.0425,-0.0357
Nagumo,u^3u_x,uu_xxxx,P3(u)u_x,P1(u)u_xxxx,-0.0164,0.0199
Nagumo,u^3u_x,u^2u_xxxx,P3(u)u_x,P2(u)u_xxxx,0.0202,-0.0081
Nagumo,u^3u_x,u^3u_xxxx,P3(u)u_x,P3(u)u_xxxx,-0.0063,-0.0038
Nagumo,u^3u_x,u^4u_xxxx,P3(u)u_x,P4(u)u_xxxx,0.0153,0.0111
Nagumo,u^3u_x,u^5u_xxxx,P3(u)u_x,P5(u)u_xxxx,0.001,-0.0016
Nagumo,u^3u_x,u^6u_xxxx,P3(u)u_x,P6(u)u_xxxx,0.0119,-0.0159
Nagumo,u^3u_x,u_xxxxx,P3(u)u_x,P0(u)u_xxxxx,-0.0166,0.0428
Nagumo,u^3u_x,uu_xxxxx,P3(u)u_x,P1(u)u_xxxxx,0.0611,-0.0333
Nagumo,u^3u_x,u^2u_xxxxx,P3(u)u_x,P2(u)u_xxxxx,-0.0229,-0.0346
Nagumo,u^3u_x,u^3u_xxxxx,P3(u)u_x,P3(u)u_xxxxx,0.0496,0.0799
Nagumo,u^3u_x,u^4u_xxxxx,P3(u)u_x,P4(u)u_xxxxx,-0.0102,0.0096
Nagumo,u^3u_x,u^5u_xxxxx,P3(u)u_x,P5(u)u_xxxxx,0.0394,-0.0918
Nagumo,u^3u_x,u^6u_xxxxx,P3(u)u_x,P6(u)u_xxxxx,-0.0,-0.0027
Nagumo,u^3u_x,u_xxxxxx,P3(u)u_x,P0(u)u_xxxxxx,-0.0067,0.0004
Nagumo,u^3u_x,uu_xxxxxx,P3(u)u_x,P1(u)u_xxxxxx,0.0064,-0.0091
Nagumo,u^3u_x,u^2u_xxxxxx,P3(u)u_x,P2(u)u_xxxxxx,-0.0183,0.0126
Nagumo,u^3u_x,u^3u_xxxxxx,P3(u)u_x,P3(u)u_xxxxxx,0.0036,-0.0001
Nagumo,u^3u_x,u^4u_xxxxxx,P3(u)u_x,P4(u)u_xxxxxx,-0.0153,-0.012
Nagumo,u^3u_x,u^5u_xxxxxx,P3(u)u_x,P5(u)u_xxxxxx,-0.0032,0.0033
Nagumo,u^3u_x,u^6u_xxxxxx,P3(u)u_x,P6(u)u_xxxxxx,-0.0128,0.0149
Nagumo,u^4u_x,u^5u_x,P4(u)u_x,P5(u)u_x,0.3681,-0.0191
Nagumo,u^4u_x,u^6u_x,P4(u)u_x,P6(u)u_x,0.9659,-0.8357
Nagumo,u^4u_x,u_xx,P4(u)u_x,P0(u)u_xx,0.0419,-0.0712
Nagumo,u^4u_x,uu_xx,P4(u)u_x,P1(u)u_xx,-0.139,-0.0297
Nagumo,u^4u_x,u^2u_xx,P4(u)u_x,P2(u)u_xx,0.0093,0.0221
Nagumo,u^4u_x,u^3u_xx,P4(u)u_x,P3(u)u_xx,-0.0353,0.0374
Nagumo,u^4u_x,u^4u_xx,P4(u)u_x,P4(u)u_xx,0.005,-0.0078
Nagumo,u^4u_x,u^5u_xx,P4(u)u_x,P5(u)u_xx,-0.0138,-0.0273
Nagumo,u^4u_x,u^6u_xx,P4(u)u_x,P6(u)u_xx,0.0016,0.0089
Nagumo,u^4u_x,u_xxx,P4(u)u_x,P0(u)u_xxx,-0.5045,-0.5643
Nagumo,u^4u_x,uu_xxx,P4(u)u_x,P1(u)u_xxx,-0.0357,-0.0719
Nagumo,u^4u_x,u^2u_xxx,P4(u)u_x,P2(u)u_xxx,-0.3794,0.6592
Nagumo,u^4u_x,u^3u_xxx,P4(u)u_x,P3(u)u_xxx,-0.0388,0.0641
Nagumo,u^4u_x,u^4u_xxx,P4(u)u_x,P4(u)u_xxx,-0.2248,-0.6361
Nagumo,u^4u_x,u^5u_xxx,P4(u)u_x,P5(u)u_xxx,-0.0369,-0.0277
Nagumo,u^4u_x,u^6u_xxx,P4(u)u_x,P6(u)u_xxx,-0.1278,0.4011
Nagumo,u^4u_x,u_xxxx,P4(u)u_x,P0(u)u_xxxx,-0.0108,0.0102
Nagumo,u^4u_x,uu_xxxx,P4(u)u_x,P1(u)u_xxxx,0.0148,0.0136
Nagumo,u^4u_x,u^2u_xxxx,P4(u)u_x,P2(u)u_xxxx,-0.0018,0.0012
Nagumo,u^4u_x,u^3u_xxxx,P4(u)u_x,P3(u)u_xxxx,0.0071,-0.0199
Nagumo,u^4u_x,u^4u_xxxx,P4(u)u_x,P4(u)u_xxxx,-0.0002,-0.0004
Nagumo,u^4u_x,u^5u_xxxx,P4(u)u_x,P5(u)u_xxxx,0.004,0.0193
Nagumo,u^4u_x,u^6u_xxxx,P4(u)u_x,P6(u)u_xxxx,0.003,-0.0034
Nagumo,u^4u_x,u_xxxxx,P4(u)u_x,P0(u)u_xxxxx,0.0723,0.0755
Nagumo,u^4u_x,uu_xxxxx,P4(u)u_x,P1(u)u_xxxxx,0.0015,0.0303
Nagumo,u^4u_x,u^2u_xxxxx,P4(u)u_x,P2(u)u_xxxxx,0.0471,-0.132
Nagumo,u^4u_x,u^3u_xxxxx,P4(u)u_x,P3(u)u_xxxxx,0.0017,-0.0354
Nagumo,u^4u_x,u^4u_xxxxx,P4(u)u_x,P4(u)u_xxxxx,0.0524,0.1432
Nagumo,u^4u_x,u^5u_xxxxx,P4(u)u_x,P5(u)u_xxxxx,0.01,0.0296
Nagumo,u^4u_x,u^6u_xxxxx,P4(u)u_x,P6(u)u_xxxxx,0.0523,-0.0984
Nagumo,u^4u_x,u_xxxxxx,P4(u)u_x,P0(u)u_xxxxxx,0.0041,0.0036
Nagumo,u^4u_x,uu_xxxxxx,P4(u)u_x,P1(u)u_xxxxxx,-0.0001,-0.0102
Nagumo,u^4u_x,u^2u_xxxxxx,P4(u)u_x,P2(u)u_xxxxxx,0.0008,-0.0033
Nagumo,u^4u_x,u^3u_xxxxxx,P4(u)u_x,P3(u)u_xxxxxx,-0.0055,0.0181
Nagumo,u^4u_x,u^4u_xxxxxx,P4(u)u_x,P4(u)u_xxxxxx,-0.0008,0.0011
Nagumo,u^4u_x,u^5u_xxxxxx,P4(u)u_x,P5(u)u_xxxxxx,-0.0052,-0.0184
Nagumo,u^4u_x,u^6u_xxxxxx,P4(u)u_x,P6(u)u_xxxxxx,-0.0044,0.0031
Nagumo,u^5u_x,u^6u_x,P5(u)u_x,P6(u)u_x,0.4767,-0.0704
Nagumo,u^5u_x,u_xx,P5(u)u_x,P0(u)u_xx,-0.1718,-0.1579
Nagumo,u^5u_x,uu_xx,P5(u)u_x,P1(u)u_xx,0.0606,0.07
Nagumo,u^5u_x,u^2u_xx,P5(u)u_x,P2(u)u_xx,-0.0413,0.0314
Nagumo,u^5u_x,u^3u_xx,P5(u)u_x,P3(u)u_xx,0.0175,-0.0373
Nagumo,u^5u_x,u^4u_xx,P5(u)u_x,P4(u)u_xx,-0.0277,0.0056
Nagumo,u^5u_x,u^5u_xx,P5(u)u_x,P5(u)u_xx,0.0054,0.0096
Nagumo,u^5u_x,u^6u_xx,P5(u)u_x,P6(u)u_xx,-0.0195,-0.0211
Nagumo,u^5u_x,u_xxx,P5(u)u_x,P0(u)u_xxx,-0.0993,0.133
Nagumo,u^5u_x,uu_xxx,P5(u)u_x,P1(u)u_xxx,-0.3756,-0.3959
Nagumo,u^5u_x,u^2u_xxx,P5(u)u_x,P2(u)u_xxx,-0.0531,-0.1256
Nagumo,u^5u_x,u^3u_xxx,P5(u)u_x,P3(u)u_xxx,-0.3134,0.5107
Nagumo,u^5u_x,u^4u_xxx,P5(u)u_x,P4(u)u_xxx,-0.0516,0.067
Nagumo,u^5u_x,u^5u_xxx,P5(u)u_x,P5(u)u_xxx,-0.2322,-0.5551
Nagumo,u^5u_x,u^6u_xxx,P5(u)u_x,P6(u)u_xxx,-0.0577,0.0094
Nagumo,u^5u_x,u_xxxx,P5(u)u_x,P0(u)u_xxxx,0.043,0.0269
Nagumo,u^5u_x,uu_xxxx,P5(u)u_x,P1(u)u_xxxx,-0.0109,-0.0183
Nagumo,u^5u_x,u^2u_xxxx,P5(u)u_x,P2(u)u_xxxx,0.0229,0.0079
Nagumo,u^5u_x,u^3u_xxxx,P5(u)u_x,P3(u)u_xxxx,-0.0053,0.0046
Nagumo,u^5u_x,u^4u_xxxx,P5(u)u_x,P4(u)u_xxxx,0.0189,-0.0101
Nagumo,u^5u_x,u^5u_xxxx,P5(u)u_x,P5(u)u_xxxx,0.0021,0.0001
Nagumo,u^5u_x,u^6u_xxxx,P5(u)u_x,P6(u)u_xxxx,0.0161,0.0133
Nagumo,u^5u_x,u_xxxxx,P5(u)u_x,P0(u)u_xxxxx,-0.0001,-0.0467
Nagumo,u^5u_x,uu_xxxxx,P5(u)u_x,P1(u)u_xxxxx,0.0711,0.0153
Nagumo,u^5u_x,u^2u_xxxxx,P5(u)u_x,P2(u)u_xxxxx,-0.0124,0.046
Nagumo,u^5u_x,u^3u_xxxxx,P5(u)u_x,P3(u)u_xxxxx,0.099,-0.0721
Nagumo,u^5u_x,u^4u_xxxxx,P5(u)u_x,P4(u)u_xxxxx,0.0101,-0.0232
Nagumo,u^5u_x,u^5u_xxxxx,P5(u)u_x,P5(u)u_xxxxx,0.1126,0.1143
Nagumo,u^5u_x,u^6u_xxxxx,P5(u)u_x,P6(u)u_xxxxx,0.0325,0.0078
Nagumo,u^5u_x,u_xxxxxx,P5(u)u_x,P0(u)u_xxxxxx,-0.0111,0.0039
Nagumo,u^5u_x,uu_xxxxxx,P5(u)u_x,P1(u)u_xxxxxx,0.0031,0.0104
Nagumo,u^5u_x,u^2u_xxxxxx,P5(u)u_x,P2(u)u_xxxxxx,-0.0212,-0.0121
Nagumo,u^5u_x,u^3u_xxxxxx,P5(u)u_x,P3(u)u_xxxxxx,0.0027,-0.0019
Nagumo,u^5u_x,u^4u_xxxxxx,P5(u)u_x,P4(u)u_xxxxxx,-0.0189,0.0111
Nagumo,u^5u_x,u^5u_xxxxxx,P5(u)u_x,P5(u)u_xxxxxx,-0.0046,-0.0014
Nagumo,u^5u_x,u^6u_xxxxxx,P5(u)u_x,P6(u)u_xxxxxx,-0.0172,-0.0129
Nagumo,u^6u_x,u_xx,P6(u)u_x,P0(u)u_xx,0.0235,0.1212
Nagumo,u^6u_x,uu_xx,P6(u)u_x,P1(u)u_xx,-0.1204,-0.0655
Nagumo,u^6u_x,u^2u_xx,P6(u)u_x,P2(u)u_xx,0.0037,-0.0308
Nagumo,u^6u_x,u^3u_xx,P6(u)u_x,P3(u)u_xx,-0.0362,0.0178
Nagumo,u^6u_x,u^4u_xx,P6(u)u_x,P4(u)u_xx,0.0007,0.0046
Nagumo,u^6u_x,u^5u_xx,P6(u)u_x,P5(u)u_xx,-0.0184,0.0058
Nagumo,u^6u_x,u^6u_xx,P6(u)u_x,P6(u)u_xx,-0.0022,-0.0009
Nagumo,u^6u_x,u_xxx,P6(u)u_x,P0(u)u_xxx,-0.4238,0.2914
Nagumo,u^6u_x,uu_xxx,P6(u)u_x,P1(u)u_xxx,-0.08,0.158
Nagumo,u^6u_x,u^2u_xxx,P6(u)u_x,P2(u)u_xxx,-0.3595,-0.4028
Nagumo,u^6u_x,u^3u_xxx,P6(u)u_x,P3(u)u_xxx,-0.0851,-0.1563
Nagumo,u^6u_x,u^4u_xxx,P6(u)u_x,P4(u)u_xxx,-0.284,0.5448
Nagumo,u^6u_x,u^5u_xxx,P6(u)u_x,P5(u)u_xxx,-0.0943,0.1026
Nagumo,u^6u_x,u^6u_xxx,P6(u)u_x,P6(u)u_xxx,-0.2324,-0.5189
Nagumo,u^6u_x,u_xxxx,P6(u)u_x,P0(u)u_xxxx,-0.0069,-0.0129
Nagumo,u^6u_x,uu_xxxx,P6(u)u_x,P1(u)u_xxxx,0.0144,-0.0016
Nagumo,u^6u_x,u^2u_xxxx,P6(u)u_x,P2(u)u_xxxx,0.0013,-0.0036
Nagumo,u^6u_x,u^3u_xxxx,P6(u)u_x,P3(u)u_xxxx,0.0118,0.0178
Nagumo,u^6u_x,u^4u_xxxx,P6(u)u_x,P4(u)u_xxxx,0.0027,0.0027
Nagumo,u^6u_x,u^5u_xxxx,P6(u)u_x,P5(u)u_xxxx,0.01,-0.0167
Nagumo,u^6u_x,u^6u_xxxx,P6(u)u_x,P6(u)u_xxxx,0.006,0.0018
Nagumo,u^6u_x,u_xxxxx,P6(u)u_x,P0(u)u_xxxxx,0.0636,-0.0344
Nagumo,u^6u_x,uu_xxxxx,P6(u)u_x,P1(u)u_xxxxx,0.0103,-0.0467
Nagumo,u^6u_x,u^2u_xxxxx,P6(u)u_x,P2(u)u_xxxxx,0.077,0.0738
Nagumo,u^6u_x,u^3u_xxxxx,P6(u)u_x,P3(u)u_xxxxx,0.0249,0.0544
Nagumo,u^6u_x,u^4u_xxxxx,P6(u)u_x,P4(u)u_xxxxx,0.1209,-0.1249
Nagumo,u^6u_x,u^5u_xxxxx,P6(u)u_x,P5(u)u_xxxxx,0.051,-0.0417
Nagumo,u^6u_x,u^6u_xxxxx,P6(u)u_x,P6(u)u_xxxxx,0.1432,0.1399
Nagumo,u^6u_x,u_xxxxxx,P6(u)u_x,P0(u)u_xxxxxx,0.0045,-0.0123
Nagumo,u^6u_x,uu_xxxxxx,P6(u)u_x,P1(u)u_xxxxxx,-0.0025,0.0087
Nagumo,u^6u_x,u^2u_xxxxxx,P6(u)u_x,P2(u)u_xxxxxx,-0.002,0.0071
Nagumo,u^6u_x,u^3u_xxxxxx,P6(u)u_x,P3(u)u_xxxxxx,-0.0107,-0.0207
Nagumo,u^6u_x,u^4u_xxxxxx,P6(u)u_x,P4(u)u_xxxxxx,-0.0037,-0.0035
Nagumo,u^6u_x,u^5u_xxxxxx,P6(u)u_x,P5(u)u_xxxxxx,-0.0114,0.018
Nagumo,u^6u_x,u^6u_xxxxxx,P6(u)u_x,P6(u)u_xxxxxx,-0.0076,-0.0023
Nagumo,u_xx,uu_xx,P0(u)u_xx,P1(u)u_xx,0.0051,-0.0415
Nagumo,u_xx,u^2u_xx,P0(u)u_xx,P2(u)u_xx,0.7665,0.558
Nagumo,u_xx,u^3u_xx,P0(u)u_xx,P3(u)u_xx,0.1278,0.0412
Nagumo,u_xx,u^4u_xx,P0(u)u_xx,P4(u)u_xx,0.7152,-0.676
Nagumo,u_xx,u^5u_xx,P0(u)u_xx,P5(u)u_xx,0.2204,0.017
Nagumo,u_xx,u^6u_xx,P0(u)u_xx,P6(u)u_xx,0.6625,0.5762
Nagumo,u_xx,u_xxx,P0(u)u_xx,P0(u)u_xxx,-0.0,-0.0
Nagumo,u_xx,uu_xxx,P0(u)u_xx,P1(u)u_xxx,-0.0553,-0.0618
Nagumo,u_xx,u^2u_xxx,P0(u)u_xx,P2(u)u_xxx,0.0273,0.0193
Nagumo,u_xx,u^3u_xxx,P0(u)u_xx,P3(u)u_xxx,-0.0676,0.0297
Nagumo,u_xx,u^4u_xxx,P0(u)u_xx,P4(u)u_xxx,0.0238,-0.0379
Nagumo,u_xx,u^5u_xxx,P0(u)u_xx,P5(u)u_xxx,-0.0397,0.0263
Nagumo,u_xx,u^6u_xxx,P0(u)u_xx,P6(u)u_xxx,0.0132,0.0148
Nagumo,u_xx,u_xxxx,P0(u)u_xx,P0(u)u_xxxx,-0.4453,-0.4453
Nagumo,u_xx,uu_xxxx,P0(u)u_xx,P1(u)u_xxxx,0.0025,0.0136
Nagumo,u_xx,u^2u_xxxx,P0(u)u_xx,P2(u)u_xxxx,-0.7405,-0.6657
Nagumo,u_xx,u^3u_xxxx,P0(u)u_xx,P3(u)u_xxxx,-0.0987,0.0032
Nagumo,u_xx,u^4u_xxxx,P0(u)u_xx,P4(u)u_xxxx,-0.7057,0.6863
Nagumo,u_xx,u^5u_xxxx,P0(u)u_xx,P5(u)u_xxxx,-0.1922,-0.0462
Nagumo,u_xx,u^6u_xxxx,P0(u)u_xx,P6(u)u_xxxx,-0.6572,-0.5208
Nagumo,u_xx,u_xxxxx,P0(u)u_xx,P0(u)u_xxxxx,-0.0,-0.0
Nagumo,u_xx,uu_xxxxx,P0(u)u_xx,P1(u)u_xxxxx,0.0218,0.0243
Nagumo,u_xx,u^2u_xxxxx,P0(u)u_xx,P2(u)u_xxxxx,-0.0127,-0.0163
Nagumo,u_xx,u^3u_xxxxx,P0(u)u_xx,P3(u)u_xxxxx,0.0122,-0.0235
Nagumo,u_xx,u^4u_xxxxx,P0(u)u_xx,P4(u)u_xxxxx,-0.0005,0.0356
Nagumo,u_xx,u^5u_xxxxx,P0(u)u_xx,P5(u)u_xxxxx,0.0026,0.0107
Nagumo,u_xx,u^6u_xxxxx,P0(u)u_xx,P6(u)u_xxxxx,0.0045,-0.0329
Nagumo,u_xx,u_xxxxxx,P0(u)u_xx,P0(u)u_xxxxxx,0.3158,0.3158
Nagumo,u_xx,uu_xxxxxx,P0(u)u_xx,P1(u)u_xxxxxx,-0.003,-0.0121
Nagumo,u_xx,u^2u_xxxxxx,P0(u)u_xx,P2(u)u_xxxxxx,0.7383,0.6708
Nagumo,u_xx,u^3u_xxxxxx,P0(u)u_xx,P3(u)u_xxxxxx,0.091,-0.0089
Nagumo,u_xx,u^4u_xxxxxx,P0(u)u_xx,P4(u)u_xxxxxx,0.7049,-0.687
Nagumo,u_xx,u^5u_xxxxxx,P0(u)u_xx,P5(u)u_xxxxxx,0.1849,0.0528
Nagumo,u_xx,u^6u_xxxxxx,P0(u)u_xx,P6(u)u_xxxxxx,0.6555,0.5125
Nagumo,uu_xx,u^2u_xx,P1(u)u_xx,P2(u)u_xx,0.2484,0.274
Nagumo,uu_xx,u^3u_xx,P1(u)u_xx,P3(u)u_xx,0.7162,-0.0158
Nagumo,uu_xx,u^4u_xx,P1(u)u_xx,P4(u)u_xx,0.2662,-0.2533
Nagumo,uu_xx,u^5u_xx,P1(u)u_xx,P5(u)u_xx,0.6316,-0.2824
Nagumo,uu_xx,u^6u_xx,P1(u)u_xx,P6(u)u_xx,0.2904,0.2754
Nagumo,uu_xx,u_xxx,P1(u)u_xx,P0(u)u_xxx,-0.0166,-0.0105
Nagumo,uu_xx,uu_xxx,P1(u)u_xx,P1(u)u_xxx,0.0059,0.0079
Nagumo,uu_xx,u^2u_xxx,P1(u)u_xx,P2(u)u_xxx,-0.0329,-0.0051
Nagumo,uu_xx,u^3u_xxx,P1(u)u_xx,P3(u)u_xxx,0.0026,-0.0004
Nagumo,uu_xx,u^4u_xxx,P1(u)u_xx,P4(u)u_xxx,-0.0263,0.0198
Nagumo,uu_xx,u^5u_xxx,P1(u)u_xx,P5(u)u_xxx,0.0073,-0.0058
Nagumo,uu_xx,u^6u_xxx,P1(u)u_xx,P6(u)u_xxx,-0.006,-0.0057
Nagumo,uu_xx,u_xxxx,P1(u)u_xx,P0(u)u_xxxx,0.074,0.0939
Nagumo,uu_xx,uu_xxxx,P1(u)u_xx,P1(u)u_xxxx,-0.7365,-0.7405
Nagumo,uu_xx,u^2u_xxxx,P1(u)u_xx,P2(u)u_xxxx,-0.2569,-0.2294
Nagumo,uu_xx,u^3u_xxxx,P1(u)u_xx,P3(u)u_xxxx,-0.6831,-0.1847
Nagumo,uu_xx,u^4u_xxxx,P1(u)u_xx,P4(u)u_xxxx,-0.2636,0.2444
Nagumo,uu_xx,u^5u_xxxx,P1(u)u_xx,P5(u)u_xxxx,-0.6177,0.3241
Nagumo,uu_xx,u^6u_xxxx,P1(u)u_xx,P6(u)u_xxxx,-0.2843,-0.2745
Nagumo,uu_xx,u_xxxxx,P1(u)u_xx,P0(u)u_xxxxx,0.0005,-0.0027
Nagumo,uu_xx,uu_xxxxx,P1(u)u_xx,P1(u)u_xxxxx,-0.0074,-0.0086
Nagumo,uu_xx,u^2u_xxxxx,P1(u)u_xx,P2(u)u_xxxxx,0.0113,0.012
Nagumo,uu_xx,u^3u_xxxxx,P1(u)u_xx,P3(u)u_xxxxx,-0.0054,-0.0017
Nagumo,uu_xx,u^4u_xxxxx,P1(u)u_xx,P4(u)u_xxxxx,0.0022,-0.0217
Nagumo,uu_xx,u^5u_xxxxx,P1(u)u_xx,P5(u)u_xxxxx,-0.004,0.0202
Nagumo,uu_xx,u^6u_xxxxx,P1(u)u_xx,P6(u)u_xxxxx,-0.0099,0.0159
Nagumo,uu_xx,u_xxxxxx,P1(u)u_xx,P0(u)u_xxxxxx,-0.0537,-0.0691
Nagumo,uu_xx,uu_xxxxxx,P1(u)u_xx,P1(u)u_xxxxxx,0.6543,0.658
Nagumo,uu_xx,u^2u_xxxxxx,P1(u)u_xx,P2(u)u_xxxxxx,0.2563,0.2237
Nagumo,uu_xx,u^3u_xxxxxx,P1(u)u_xx,P3(u)u_xxxxxx,0.6708,0.2017
Nagumo,uu_xx,u^4u_xxxxxx,P1(u)u_xx,P4(u)u_xxxxxx,0.262,-0.242
Nagumo,uu_xx,u^5u_xxxxxx,P1(u)u_xx,P5(u)u_xxxxxx,0.6122,-0.3281
Nagumo,uu_xx,u^6u_xxxxxx,P1(u)u_xx,P6(u)u_xxxxxx,0.2822,0.2727
Nagumo,u^2u_xx,u^3u_xx,P2(u)u_xx,P3(u)u_xx,0.1984,-0.2282
Nagumo,u^2u_xx,u^4u_xx,P2(u)u_xx,P4(u)u_xx,0.9823,-0.9643
Nagumo,u^2u_xx,u^5u_xx,P2(u)u_xx,P5(u)u_xx,0.2965,0.1793
Nagumo,u^2u_xx,u^6u_xx,P2(u)u_xx,P6(u)u_xx,0.9417,0.7782
Nagumo,u^2u_xx,u_xxx,P2(u)u_xx,P0(u)u_xxx,-0.0018,-0.0031
Nagumo,u^2u_xx,uu_xxx,P2(u)u_xx,P1(u)u_xxx,-0.1233,-0.1367
Nagumo,u^2u_xx,u^2u_xxx,P2(u)u_xx,P2(u)u_xxx,0.0392,0.0292
Nagumo,u^2u_xx,u^3u_xxx,P2(u)u_xx,P3(u)u_xxx,-0.1123,0.1179
Nagumo,u^2u_xx,u^4u_xxx,P2(u)u_xx,P4(u)u_xxx,0.0337,-0.0581
Nagumo,u^2u_xx,u^5u_xxx,P2(u)u_xx,P5(u)u_xxx,-0.0656,-0.0636
Nagumo,u^2u_xx,u^6u_xxx,P2(u)u_xx,P6(u)u_xxx,0.023,0.0359
Nagumo,u^2u_xx,u_xxxx,P2(u)u_xx,P0(u)u_xxxx,-0.1154,0.0488
Nagumo,u^2u_xx,uu_xxxx,P2(u)u_xx,P1(u)u_xxxx,-0.0641,-0.073
Nagumo,u^2u_xx,u^2u_xxxx,P2(u)u_xx,P2(u)u_xxxx,-0.9958,-0.9825
Nagumo,u^2u_xx,u^3u_xxxx,P2(u)u_xx,P3(u)u_xxxx,-0.1169,0.1032
Nagumo,u^2u_xx,u^4u_xxxx,P2(u)u_xx,P4(u)u_xxxx,-0.9823,0.945
Nagumo,u^2u_xx,u^5u_xxxx,P2(u)u_xx,P5(u)u_xxxx,-0.239,-0.1433
Nagumo,u^2u_xx,u^6u_xxxx,P2(u)u_xx,P6(u)u_xxxx,-0.9415,-0.711
Nagumo,u^2u_xx,u_xxxxx,P2(u)u_xx,P0(u)u_xxxxx,-0.0001,0.0013
Nagumo,u^2u_xx,uu_xxxxx,P2(u)u_xx,P1(u)u_xxxxx,0.0167,0.011
Nagumo,u^2u_xx,u^2u_xxxxx,P2(u)u_xx,P2(u)u_xxxxx,-0.0116,-0.0097
Nagumo,u^2u_xx,u^3u_xxxxx,P2(u)u_xx,P3(u)u_xxxxx,0.0093,-0.0127
Nagumo,u^2u_xx,u^4u_xxxxx,P2(u)u_xx,P4(u)u_xxxxx,-0.0082,0.0076
Nagumo,u^2u_xx,u^5u_xxxxx,P2(u)u_xx,P5(u)u_xxxxx,0.002,0.0174
Nagumo,u^2u_xx,u^6u_xxxxx,P2(u)u_xx,P6(u)u_xxxxx,-0.0089,0.0113
Nagumo,u^2u_xx,u_xxxxxx,P2(u)u_xx,P0(u)u_xxxxxx,0.0502,-0.077
Nagumo,u^2u_xx,uu_xxxxxx,P2(u)u_xx,P1(u)u_xxxxxx,0.0388,0.0433
Nagumo,u^2u_xx,u^2u_xxxxxx,P2(u)u_xx,P2(u)u_xxxxxx,0.9935,0.9769
Nagumo,u^2u_xx,u^3u_xxxxxx,P2(u)u_xx,P3(u)u_xxxxxx,0.1035,-0.0949
Nagumo,u^2u_xx,u^4u_xxxxxx,P2(u)u_xx,P4(u)u_xxxxxx,0.9808,-0.9405
Nagumo,u^2u_xx,u^5u_xxxxxx,P2(u)u_xx,P5(u)u_xxxxxx,0.2281,0.1426
Nagumo,u^2u_xx,u^6u_xxxxxx,P2(u)u_xx,P6(u)u_xxxxxx,0.9388,0.6978
Nagumo,u^3u_xx,u^4u_xx,P3(u)u_xx,P4(u)u_xx,0.2189,0.1446
Nagumo,u^3u_xx,u^5u_xx,P3(u)u_xx,P5(u)u_xx,0.967,-0.9276
Nagumo,u^3u_xx,u^6u_xx,P3(u)u_xx,P6(u)u_xx,0.2688,0.0175
Nagumo,u^3u_xx,u_xxx,P3(u)u_xx,P0(u)u_xxx,-0.1538,-0.2065
Nagumo,u^3u_xx,uu_xxx,P3(u)u_xx,P1(u)u_xxx,0.1019,0.173
Nagumo,u^3u_xx,u^2u_xxx,P3(u)u_xx,P2(u)u_xxx,-0.1531,0.1556
Nagumo,u^3u_xx,u^3u_xxx,P3(u)u_xx,P3(u)u_xxx,0.0766,-0.1528
Nagumo,u^3u_xx,u^4u_xxx,P3(u)u_xx,P4(u)u_xxx,-0.0905,-0.023
Nagumo,u^3u_xx,u^5u_xxx,P3(u)u_xx,P5(u)u_xxx,0.0515,0.0797
Nagumo,u^3u_xx,u^6u_xxx,P3(u)u_xx,P6(u)u_xxx,-0.0362,-0.0563
Nagumo,u^3u_xx,u_xxxx,P3(u)u_xx,P0(u)u_xxxx,0.014,-0.0406
Nagumo,u^3u_xx,uu_xxxx,P3(u)u_xx,P1(u)u_xxxx,-0.3195,0.2928
Nagumo,u^3u_xx,u^2u_xxxx,P3(u)u_xx,P2(u)u_xxxx,-0.1839,0.1904
Nagumo,u^3u_xx,u^3u_xxxx,P3(u)u_xx,P3(u)u_xxxx,-0.9842,-0.9466
Nagumo,u^3u_xx,u^4u_xxxx,P3(u)u_xx,P4(u)u_xxxx,-0.1985,-0.1333
Nagumo,u^3u_xx,u^5u_xxxx,P3(u)u_xx,P5(u)u_xxxx,-0.9667,0.8902
Nagumo,u^3u_xx,u^6u_xxxx,P3(u)u_xx,P6(u)u_xxxx,-0.2475,-0.0396
Nagumo,u^3u_xx,u_xxxxx,P3(u)u_xx,P0(u)u_xxxxx,0.0231,0.0328
Nagumo,u^3u_xx,uu_xxxxx,P3(u)u_xx,P1(u)u_xxxxx,-0.0174,-0.0185
Nagumo,u^3u_xx,u^2u_xxxxx,P3(u)u_xx,P2(u)u_xxxxx,0.0118,-0.0368
Nagumo,u^3u_xx,u^3u_xxxxx,P3(u)u_xx,P3(u)u_xxxxx,-0.0156,0.0131
Nagumo,u^3u_xx,u^4u_xxxxx,P3(u)u_xx,P4(u)u_xxxxx,-0.0018,0.0262
Nagumo,u^3u_xx,u^5u_xxxxx,P3(u)u_xx,P5(u)u_xxxxx,-0.0157,0.0025
Nagumo,u^3u_xx,u^6u_xxxxx,P3(u)u_xx,P6(u)u_xxxxx,-0.011,-0.0135
Nagumo,u^3u_xx,u_xxxxxx,P3(u)u_xx,P0(u)u_xxxxxx,-0.0123,0.0357
Nagumo,u^3u_xx,uu_xxxxxx,P3(u)u_xx,P1(u)u_xxxxxx,0.2725,-0.2699
Nagumo,u^3u_xx,u^2u_xxxxxx,P3(u)u_xx,P2(u)u_xxxxxx,0.1815,-0.1897
Nagumo,u^3u_xx,u^3u_xxxxxx,P3(u)u_xx,P3(u)u_xxxxxx,0.9736,0.9291
Nagumo,u^3u_xx,u^4u_xxxxxx,P3(u)u_xx,P4(u)u_xxxxxx,0.1953,0.1328
Nagumo,u^3u_xx,u^5u_xxxxxx,P3(u)u_xx,P5(u)u_xxxxxx,0.9613,-0.8813
Nagumo,u^3u_xx,u^6u_xxxxxx,P3(u)u_xx,P6(u)u_xxxxxx,0.2439,0.0419
Nagumo,u^4u_xx,u^5u_xx,P4(u)u_xx,P5(u)u_xx,0.331,-0.1118
Nagumo,u^4u_xx,u^6u_xx,P4(u)u_xx,P6(u)u_xx,0.9863,-0.8992
Nagumo,u^4u_xx,u_xxx,P4(u)u_xx,P0(u)u_xxx,0.0164,0.0387
Nagumo,u^4u_xx,uu_xxx,P4(u)u_xx,P1(u)u_xxx,-0.1344,0.0976
Nagumo,u^4u_xx,u^2u_xxx,P4(u)u_xx,P2(u)u_xxx,0.0523,-0.0566
Nagumo,u^4u_xx,u^3u_xxx,P4(u)u_xx,P3(u)u_xxx,-0.1176,-0.0771
Nagumo,u^4u_xx,u^4u_xxx,P4(u)u_xx,P4(u)u_xxx,0.0415,0.0626
Nagumo,u^4u_xx,u^5u_xxx,P4(u)u_xx,P5(u)u_xxx,-0.0669,0.0291
Nagumo,u^4u_xx,u^6u_xxx,P4(u)u_xx,P6(u)u_xxx,0.0289,-0.0271
Nagumo,u^4u_xx,u_xxxx,P4(u)u_xx,P0(u)u_xxxx,-0.0925,0.0415
Nagumo,u^4u_xx,uu_xxxx,P4(u)u_xx,P1(u)u_xxxx,-0.074,0.0624
Nagumo,u^4u_xx,u^2u_xxxx,P4(u)u_xx,P2(u)u_xxxx,-0.9742,0.9781
Nagumo,u^4u_xx,u^3u_xxxx,P4(u)u_xx,P3(u)u_xxxx,-0.1319,-0.0379
Nagumo,u^4u_xx,u^4u_xxxx,P4(u)u_xx,P4(u)u_xxxx,-0.9979,-0.9956
Nagumo,u^4u_xx,u^5u_xxxx,P4(u)u_xx,P5(u)u_xxxx,-0.2692,0.0833
Nagumo,u^4u_xx,u^6u_xxxx,P4(u)u_xx,P6(u)u_xxxx,-0.9853,0.8443
Nagumo,u^4u_xx,u_xxxxx,P4(u)u_xx,P0(u)u_xxxxx,-0.0036,-0.0066
Nagumo,u^4u_xx,uu_xxxxx,P4(u)u_xx,P1(u)u_xxxxx,0.0145,-0.0124
Nagumo,u^4u_xx,u^2u_xxxxx,P4(u)u_xx,P2(u)u_xxxxx,-0.0131,0.0161
Nagumo,u^4u_xx,u^3u_xxxxx,P4(u)u_xx,P3(u)u_xxxxx,0.0068,0.0138
Nagumo,u^4u_xx,u^4u_xxxxx,P4(u)u_xx,P4(u)u_xxxxx,-0.0107,-0.0138
Nagumo,u^4u_xx,u^5u_xxxxx,P4(u)u_xx,P5(u)u_xxxxx,-0.0003,-0.0156
Nagumo,u^4u_xx,u^6u_xxxxx,P4(u)u_xx,P6(u)u_xxxxx,-0.012,-0.0024
Nagumo,u^4u_xx,u_xxxxxx,P4(u)u_xx,P0(u)u_xxxxxx,0.0353,0.0078
Nagumo,u^4u_xx,uu_xxxxxx,P4(u)u_xx,P1(u)u_xxxxxx,0.0471,-0.0349
Nagumo,u^4u_xx,u^2u_xxxxxx,P4(u)u_xx,P2(u)u_xxxxxx,0.9714,-0.9747
Nagumo,u^4u_xx,u^3u_xxxxxx,P4(u)u_xx,P3(u)u_xxxxxx,0.1177,0.0311
Nagumo,u^4u_xx,u^4u_xxxxxx,P4(u)u_xx,P4(u)u_xxxxxx,0.9962,0.9932
Nagumo,u^4u_xx,u^5u_xxxxxx,P4(u)u_xx,P5(u)u_xxxxxx,0.2578,-0.0834
Nagumo,u^4u_xx,u^6u_xxxxxx,P4(u)u_xx,P6(u)u_xxxxxx,0.9827,-0.8327
Nagumo,u^5u_xx,u^6u_xx,P5(u)u_xx,P6(u)u_xx,0.393,-0.05
Nagumo,u^5u_xx,u_xxx,P5(u)u_xx,P0(u)u_xxx,-0.1453,0.192
Nagumo,u^5u_xx,uu_xxx,P5(u)u_xx,P1(u)u_xxx,0.0879,-0.1563
Nagumo,u^5u_xx,u^2u_xxx,P5(u)u_xx,P2(u)u_xxx,-0.1356,-0.1397
Nagumo,u^5u_xx,u^3u_xxx,P5(u)u_xx,P3(u)u_xxx,0.0624,0.1317
Nagumo,u^5u_xx,u^4u_xxx,P5(u)u_xx,P4(u)u_xxx,-0.0778,0.0093
Nagumo,u^5u_xx,u^5u_xxx,P5(u)u_xx,P5(u)u_xxx,0.0442,-0.0613
Nagumo,u^5u_xx,u^6u_xxx,P5(u)u_xx,P6(u)u_xxx,-0.0286,0.0615
Nagumo,u^5u_xx,u_xxxx,P5(u)u_xx,P0(u)u_xxxx,-0.0086,-0.0007
Nagumo,u^5u_xx,uu_xxxx,P5(u)u_xx,P1(u)u_xxxx,-0.2623,-0.0634
Nagumo,u^5u_xx,u^2u_xxxx,P5(u)u_xx,P2(u)u_xxxx,-0.2773,-0.1589
Nagumo,u^5u_xx,u^3u_xxxx,P5(u)u_xx,P3(u)u_xxxx,-0.9411,0.9507
Nagumo,u^5u_xx,u^4u_xxxx,P5(u)u_xx,P4(u)u_xxxx,-0.3082,0.1041
Nagumo,u^5u_xx,u^5u_xxxx,P5(u)u_xx,P5(u)u_xxxx,-0.9924,-0.9893
Nagumo,u^5u_xx,u^6u_xxxx,P5(u)u_xx,P6(u)u_xxxx,-0.3703,0.072
Nagumo,u^5u_xx,u_xxxxx,P5(u)u_xx,P0(u)u_xxxxx,0.0209,-0.0264
Nagumo,u^5u_xx,uu_xxxxx,P5(u)u_xx,P1(u)u_xxxxx,-0.0175,0.0201
Nagumo,u^5u_xx,u^2u_xxxxx,P5(u)u_xx,P2(u)u_xxxxx,0.0073,0.0284
Nagumo,u^5u_xx,u^3u_xxxxx,P5(u)u_xx,P3(u)u_xxxxx,-0.0159,-0.0084
Nagumo,u^5u_xx,u^4u_xxxxx,P5(u)u_xx,P4(u)u_xxxxx,-0.0047,-0.0145
Nagumo,u^5u_xx,u^5u_xxxxx,P5(u)u_xx,P5(u)u_xxxxx,-0.0175,-0.0118
Nagumo,u^5u_xx,u^6u_xxxxx,P5(u)u_xx,P6(u)u_xxxxx,-0.0132,0.0035
Nagumo,u^5u_xx,u_xxxxxx,P5(u)u_xx,P0(u)u_xxxxxx,-0.0013,-0.0073
Nagumo,u^5u_xx,uu_xxxxxx,P5(u)u_xx,P1(u)u_xxxxxx,0.2191,0.0625
Nagumo,u^5u_xx,u^2u_xxxxxx,P5(u)u_xx,P2(u)u_xxxxxx,0.2743,0.16
Nagumo,u^5u_xx,u^3u_xxxxxx,P5(u)u_xx,P3(u)u_xxxxxx,0.9289,-0.9389
Nagumo,u^5u_xx,u^4u_xxxxxx,P5(u)u_xx,P4(u)u_xxxxxx,0.3047,-0.1044
Nagumo,u^5u_xx,u^5u_xxxxxx,P5(u)u_xx,P5(u)u_xxxxxx,0.9857,0.9838
Nagumo,u^5u_xx,u^6u_xxxxxx,P5(u)u_xx,P6(u)u_xxxxxx,0.3666,-0.0739
Nagumo,u^6u_xx,u_xxx,P6(u)u_xx,P0(u)u_xxx,0.0185,-0.1195
Nagumo,u^6u_xx,uu_xxx,P6(u)u_xx,P1(u)u_xxx,-0.1242,0.0059
Nagumo,u^6u_xx,u^2u_xxx,P6(u)u_xx,P2(u)u_xxx,0.0494,0.1125
Nagumo,u^6u_xx,u^3u_xxx,P6(u)u_xx,P3(u)u_xxx,-0.1079,-0.0207
Nagumo,u^6u_xx,u^4u_xxx,P6(u)u_xx,P4(u)u_xxx,0.0399,-0.0616
Nagumo,u^6u_xx,u^5u_xxx,P6(u)u_xx,P5(u)u_xxx,-0.0597,0.035
Nagumo,u^6u_xx,u^6u_xxx,P6(u)u_xx,P6(u)u_xxx,0.0309,0.0032
Nagumo,u^6u_xx,u_xxxx,P6(u)u_xx,P0(u)u_xxxx,-0.0799,-0.0503
Nagumo,u^6u_xx,uu_xxxx,P6(u)u_xx,P1(u)u_xxxx,-0.0852,-0.0554
Nagumo,u^6u_xx,u^2u_xxxx,P6(u)u_xx,P2(u)u_xxxx,-0.9311,-0.8082
Nagumo,u^6u_xx,u^3u_xxxx,P6(u)u_xx,P3(u)u_xxxx,-0.1805,-0.1206
Nagumo,u^6u_xx,u^4u_xxxx,P6(u)u_xx,P4(u)u_xxxx,-0.982,0.9181
Nagumo,u^6u_xx,u^5u_xxxx,P6(u)u_xx,P5(u)u_xxxx,-0.3309,0.0782
Nagumo,u^6u_xx,u^6u_xxxx,P6(u)u_xx,P6(u)u_xxxx,-0.9978,-0.9892
Nagumo,u^6u_xx,u_xxxxx,P6(u)u_xx,P0(u)u_xxxxx,-0.0053,0.0173
Nagumo,u^6u_xx,uu_xxxxx,P6(u)u_xx,P1(u)u_xxxxx,0.0096,0.007
Nagumo,u^6u_xx,u^2u_xxxxx,P6(u)u_xx,P2(u)u_xxxxx,-0.0133,-0.0221
Nagumo,u^6u_xx,u^3u_xxxxx,P6(u)u_xx,P3(u)u_xxxxx,0.0027,-0.0056
Nagumo,u^6u_xx,u^4u_xxxxx,P6(u)u_xx,P4(u)u_xxxxx,-0.0122,0.0124
Nagumo,u^6u_xx,u^5u_xxxxx,P6(u)u_xx,P5(u)u_xxxxx,-0.0038,0.0077
Nagumo,u^6u_xx,u^6u_xxxxx,P6(u)u_xx,P6(u)u_xxxxx,-0.0153,-0.0025
Nagumo,u^6u_xx,u_xxxxxx,P6(u)u_xx,P0(u)u_xxxxxx,0.0292,0.0063
Nagumo,u^6u_xx,uu_xxxxxx,P6(u)u_xx,P1(u)u_xxxxxx,0.0564,0.0271
Nagumo,u^6u_xx,u^2u_xxxxxx,P6(u)u_xx,P2(u)u_xxxxxx,0.928,0.8064
Nagumo,u^6u_xx,u^3u_xxxxxx,P6(u)u_xx,P3(u)u_xxxxxx,0.166,0.1276
Nagumo,u^6u_xx,u^4u_xxxxxx,P6(u)u_xx,P4(u)u_xxxxxx,0.9802,-0.9187
Nagumo,u^6u_xx,u^5u_xxxxxx,P6(u)u_xx,P5(u)u_xxxxxx,0.3195,-0.0792
Nagumo,u^6u_xx,u^6u_xxxxxx,P6(u)u_xx,P6(u)u_xxxxxx,0.9955,0.9834
Nagumo,u_xxx,uu_xxx,P0(u)u_xxx,P1(u)u_xxx,-0.1881,-0.2313
Nagumo,u_xxx,u^2u_xxx,P0(u)u_xxx,P2(u)u_xxx,0.6954,-0.9274
Nagumo,u_xxx,u^3u_xxx,P0(u)u_xxx,P3(u)u_xxx,-0.0885,0.2445
Nagumo,u_xxx,u^4u_xxx,P0(u)u_xxx,P4(u)u_xxx,0.3702,0.5222
Nagumo,u_xxx,u^5u_xxx,P0(u)u_xxx,P5(u)u_xxx,-0.0204,-0.2028
Nagumo,u_xxx,u^6u_xxx,P0(u)u_xxx,P6(u)u_xxx,0.1821,-0.0883
Nagumo,u_xxx,u_xxxx,P0(u)u_xxx,P0(u)u_xxxx,0.0,0.0
Nagumo,u_xxx,uu_xxxx,P0(u)u_xxx,P1(u)u_xxxx,-0.0219,-0.0246
Nagumo,u_xxx,u^2u_xxxx,P0(u)u_xxx,P2(u)u_xxxx,0.0016,0.0026
Nagumo,u_xxx,u^3u_xxxx,P0(u)u_xxx,P3(u)u_xxxx,0.1628,0.1852
Nagumo,u_xxx,u^4u_xxxx,P0(u)u_xxx,P4(u)u_xxxx,-0.0204,-0.0406
Nagumo,u_xxx,u^5u_xxxx,P0(u)u_xxx,P5(u)u_xxxx,0.1504,-0.1773
Nagumo,u_xxx,u^6u_xxxx,P0(u)u_xxx,P6(u)u_xxxx,-0.0243,0.1239
Nagumo,u_xxx,u_xxxxx,P0(u)u_xxx,P0(u)u_xxxxx,-0.6272,-0.6272
Nagumo,u_xxx,uu_xxxxx,P0(u)u_xxx,P1(u)u_xxxxx,0.0541,0.0714
Nagumo,u_xxx,u^2u_xxxxx,P0(u)u_xxx,P2(u)u_xxxxx,-0.3394,0.5491
Nagumo,u_xxx,u^3u_xxxxx,P0(u)u_xxx,P3(u)u_xxxxx,0.0142,-0.0818
Nagumo,u_xxx,u^4u_xxxxx,P0(u)u_xxx,P4(u)u_xxxxx,-0.1765,-0.2159
Nagumo,u_xxx,u^5u_xxxxx,P0(u)u_xxx,P5(u)u_xxxxx,-0.0102,0.0526
Nagumo,u_xxx,u^6u_xxxxx,P0(u)u_xxx,P6(u)u_xxxxx,-0.0974,0.0211
Nagumo,u_xxx,u_xxxxxx,P0(u)u_xxx,P0(u)u_xxxxxx,-0.0,-0.0
Nagumo,u_xxx,uu_xxxxxx,P0(u)u_xxx,P1(u)u_xxxxxx,0.017,0.0192
Nagumo,u_xxx,u^2u_xxxxxx,P0(u)u_xxx,P2(u)u_xxxxxx,-0.0009,-0.0018
Nagumo,u_xxx,u^3u_xxxxxx,P0(u)u_xxx,P3(u)u_xxxxxx,-0.1622,-0.1795
Nagumo,u_xxx,u^4u_xxxxxx,P0(u)u_xxx,P4(u)u_xxxxxx,0.0216,0.0402
Nagumo,u_xxx,u^5u_xxxxxx,P0(u)u_xxx,P5(u)u_xxxxxx,-0.149,0.174
Nagumo,u_xxx,u^6u_xxxxxx,P0(u)u_xxx,P6(u)u_xxxxxx,0.026,-0.1234
Nagumo,uu_xxx,u^2u_xxx,P1(u)u_xxx,P2(u)u_xxx,-0.1835,0.1459
Nagumo,uu_xxx,u^3u_xxx,P1(u)u_xxx,P3(u)u_xxx,0.8299,-0.9175
Nagumo,uu_xxx,u^4u_xxx,P1(u)u_xxx,P4(u)u_xxx,-0.0532,0.056
Nagumo,uu_xxx,u^5u_xxx,P1(u)u_xxx,P5(u)u_xxx,0.5505,0.5898
Nagumo,uu_xxx,u^6u_xxx,P1(u)u_xxx,P6(u)u_xxx,0.0306,-0.1599
Nagumo,uu_xxx,u_xxxx,P1(u)u_xxx,P0(u)u_xxxx,0.0021,0.0059
Nagumo,uu_xxx,uu_xxxx,P1(u)u_xxx,P1(u)u_xxxx,0.0204,0.0208
Nagumo,uu_xxx,u^2u_xxxx,P1(u)u_xxx,P2(u)u_xxxx,0.125,0.1262
Nagumo,uu_xxx,u^3u_xxxx,P1(u)u_xxx,P3(u)u_xxxx,-0.1145,-0.158
Nagumo,uu_xxx,u^4u_xxxx,P1(u)u_xxx,P4(u)u_xxxx,0.1382,-0.0879
Nagumo,uu_xxx,u^5u_xxxx,P1(u)u_xxx,P5(u)u_xxxx,-0.1005,0.1455
Nagumo,uu_xxx,u^6u_xxxx,P1(u)u_xxx,P6(u)u_xxxx,0.127,-0.0263
Nagumo,uu_xxx,u_xxxxx,P1(u)u_xxx,P0(u)u_xxxxx,0.0933,0.1155
Nagumo,uu_xxx,uu_xxxxx,P1(u)u_xxx,P1(u)u_xxxxx,-0.7472,-0.7435
Nagumo,uu_xxx,u^2u_xxxxx,P1(u)u_xxx,P2(u)u_xxxxx,0.0565,-0.0552
Nagumo,uu_xxx,u^3u_xxxxx,P1(u)u_xxx,P3(u)u_xxxxx,-0.5977,0.6572
Nagumo,uu_xxx,u^4u_xxxxx,P1(u)u_xxx,P4(u)u_xxxxx,-0.0188,-0.0544
Nagumo,uu_xxx,u^5u_xxxxx,P1(u)u_xxx,P5(u)u_xxxxx,-0.4115,-0.3018
Nagumo,uu_xxx,u^6u_xxxxx,P1(u)u_xxx,P6(u)u_xxxxx,-0.0591,0.0733
Nagumo,uu_xxx,u_xxxxxx,P1(u)u_xxx,P0(u)u_xxxxxx,-0.004,-0.0063
Nagumo,uu_xxx,uu_xxxxxx,P1(u)u_xxx,P1(u)u_xxxxxx,-0.0178,-0.0177
Nagumo,uu_xxx,u^2u_xxxxxx,P1(u)u_xxx,P2(u)u_xxxxxx,-0.1261,-0.1255
Nagumo,uu_xxx,u^3u_xxxxxx,P1(u)u_xxx,P3(u)u_xxxxxx,0.1164,0.1563
Nagumo,uu_xxx,u^4u_xxxxxx,P1(u)u_xxx,P4(u)u_xxxxxx,-0.139,0.0877
Nagumo,uu_xxx,u^5u_xxxxxx,P1(u)u_xxx,P5(u)u_xxxxxx,0.1031,-0.1452
Nagumo,uu_xxx,u^6u_xxxxxx,P1(u)u_xxx,P6(u)u_xxxxxx,-0.1267,0.0274
Nagumo,u^2u_xxx,u^3u_xxx,P2(u)u_xxx,P3(u)u_xxx,-0.0807,-0.1811
Nagumo,u^2u_xxx,u^4u_xxx,P2(u)u_xxx,P4(u)u_xxx,0.8507,-0.7687
Nagumo,u^2u_xxx,u^5u_xxx,P2(u)u_xxx,P5(u)u_xxx,0.0362,0.1924
Nagumo,u^2u_xxx,u^6u_xxx,P2(u)u_xxx,P6(u)u_xxx,0.6118,0.2867
Nagumo,u^2u_xxx,u_xxxx,P2(u)u_xxx,P0(u)u_xxxx,-0.0008,-0.0077
Nagumo,u^2u_xxx,uu_xxxx,P2(u)u_xxx,P1(u)u_xxxx,-0.0199,0.0174
Nagumo,u^2u_xxx,u^2u_xxxx,P2(u)u_xxx,P2(u)u_xxxx,-0.0374,-0.027
Nagumo,u^2u_xxx,u^3u_xxxx,P2(u)u_xxx,P3(u)u_xxxx,0.163,-0.1315
Nagumo,u^2u_xxx,u^4u_xxxx,P2(u)u_xxx,P4(u)u_xxxx,-0.0546,0.0556
Nagumo,u^2u_xxx,u^5u_xxxx,P2(u)u_xxx,P5(u)u_xxxx,0.1434,0.1256
Nagumo,u^2u_xxx,u^6u_xxxx,P2(u)u_xxx,P6(u)u_xxxx,-0.0533,-0.1111
Nagumo,u^2u_xxx,u_xxxxx,P2(u)u_xxx,P0(u)u_xxxxx,-0.5271,0.5357
Nagumo,u^2u_xxx,uu_xxxxx,P2(u)u_xxx,P1(u)u_xxxxx,0.0586,-0.0243
Nagumo,u^2u_xxx,u^2u_xxxxx,P2(u)u_xxx,P2(u)u_xxxxx,-0.7895,-0.6561
Nagumo,u^2u_xxx,u^3u_xxxxx,P2(u)u_xxx,P3(u)u_xxxxx,-0.0083,0.0546
Nagumo,u^2u_xxx,u^4u_xxxxx,P2(u)u_xxx,P4(u)u_xxxxx,-0.6757,0.4617
Nagumo,u^2u_xxx,u^5u_xxxxx,P2(u)u_xxx,P5(u)u_xxxxx,-0.0758,-0.0672
Nagumo,u^2u_xxx,u^6u_xxxxx,P2(u)u_xxx,P6(u)u_xxxxx,-0.5093,-0.1714
Nagumo,u^2u_xxx,u_xxxxxx,P2(u)u_xxx,P0(u)u_xxxxxx,-0.007,0.0027
Nagumo,u^2u_xxx,uu_xxxxxx,P2(u)u_xxx,P1(u)u_xxxxxx,0.0136,-0.0134
Nagumo,u^2u_xxx,u^2u_xxxxxx,P2(u)u_xxx,P2(u)u_xxxxxx,0.0375,0.0267
Nagumo,u^2u_xxx,u^3u_xxxxxx,P2(u)u_xxx,P3(u)u_xxxxxx,-0.1649,0.1266
Nagumo,u^2u_xxx,u^4u_xxxxxx,P2(u)u_xxx,P4(u)u_xxxxxx,0.0554,-0.0554
Nagumo,u^2u_xxx,u^5u_xxxxxx,P2(u)u_xxx,P5(u)u_xxxxxx,-0.1439,-0.1221
Nagumo,u^2u_xxx,u^6u_xxxxxx,P2(u)u_xxx,P6(u)u_xxxxxx,0.0544,0.1102
Nagumo,u^3u_xxx,u^4u_xxx,P3(u)u_xxx,P4(u)u_xxx,0.0562,-0.0107
Nagumo,u^3u_xxx,u^5u_xxx,P3(u)u_xxx,P5(u)u_xxx,0.8911,-0.8213
Nagumo,u^3u_xxx,u^6u_xxx,P3(u)u_xxx,P6(u)u_xxx,0.166,0.1566
Nagumo,u^3u_xxx,u_xxxx,P3(u)u_xxx,P0(u)u_xxxx,-0.0116,-0.0141
Nagumo,u^3u_xxx,uu_xxxx,P3(u)u_xxx,P1(u)u_xxxx,0.0318,-0.0122
Nagumo,u^3u_xxx,u^2u_xxxx,P3(u)u_xxx,P2(u)u_xxxx,0.1124,-0.1017
Nagumo,u^3u_xxx,u^3u_xxxx,P3(u)u_xxx,P3(u)u_xxxx,-0.0835,0.1332
Nagumo,u^3u_xxx,u^4u_xxxx,P3(u)u_xxx,P4(u)u_xxxx,0.12,0.0669
Nagumo,u^3u_xxx,u^5u_xxxx,P3(u)u_xxx,P5(u)u_xxxx,-0.0703,-0.119
Nagumo,u^3u_xxx,u^6u_xxxx,P3(u)u_xxx,P6(u)u_xxxx,0.11,0.039
Nagumo,u^3u_xxx,u_xxxxx,P3(u)u_xxx,P0(u)u_xxxxx,0.028,-0.1387
Nagumo,u^3u_xxx,uu_xxxxx,P3(u)u_xxx,P1(u)u_xxxxx,-0.7343,0.6055
Nagumo,u^3u_xxx,u^2u_xxxxx,P3(u)u_xxx,P2(u)u_xxxxx,-0.0131,0.1038
Nagumo,u^3u_xxx,u^3u_xxxxx,P3(u)u_xxx,P3(u)u_xxxxx,-0.8683,-0.7179
Nagumo,u^3u_xxx,u^4u_xxxxx,P3(u)u_xxx,P4(u)u_xxxxx,-0.1106,0.0146
Nagumo,u^3u_xxx,u^5u_xxxxx,P3(u)u_xxx,P5(u)u_xxxxx,-0.7764,0.5254
Nagumo,u^3u_xxx,u^6u_xxxxx,P3(u)u_xxx,P6(u)u_xxxxx,-0.1818,-0.0785
Nagumo,u^3u_xxx,u_xxxxxx,P3(u)u_xxx,P0(u)u_xxxxxx,0.0159,0.022
Nagumo,u^3u_xxx,uu_xxxxxx,P3(u)u_xxx,P1(u)u_xxxxxx,-0.0295,0.0094
Nagumo,u^3u_xxx,u^2u_xxxxxx,P3(u)u_xxx,P2(u)u_xxxxxx,-0.1134,0.0995
Nagumo,u^3u_xxx,u^3u_xxxxxx,P3(u)u_xxx,P3(u)u_xxxxxx,0.0847,-0.1317
Nagumo,u^3u_xxx,u^4u_xxxxxx,P3(u)u_xxx,P4(u)u_xxxxxx,-0.1209,-0.066
Nagumo,u^3u_xxx,u^5u_xxxxxx,P3(u)u_xxx,P5(u)u_xxxxxx,0.0719,0.1181
Nagumo,u^3u_xxx,u^6u_xxxxxx,P3(u)u_xxx,P6(u)u_xxxxxx,-0.1099,-0.0404
Nagumo,u^4u_xxx,u^5u_xxx,P4(u)u_xxx,P5(u)u_xxx,0.2,-0.0771
Nagumo,u^4u_xxx,u^6u_xxx,P4(u)u_xxx,P6(u)u_xxx,0.9148,-0.7404
Nagumo,u^4u_xxx,u_xxxx,P4(u)u_xxx,P0(u)u_xxxx,0.0219,0.0434
Nagumo,u^4u_xxx,uu_xxxx,P4(u)u_xxx,P1(u)u_xxxx,-0.0117,-0.0011
Nagumo,u^4u_xxx,u^2u_xxxx,P4(u)u_xxx,P2(u)u_xxxx,-0.0304,0.0492
Nagumo,u^4u_xxx,u^3u_xxxx,P4(u)u_xxx,P3(u)u_xxxx,0.0959,0.0061
Nagumo,u^4u_xxx,u^4u_xxxx,P4(u)u_xxx,P4(u)u_xxxx,-0.0415,-0.0554
Nagumo,u^4u_xxx,u^5u_xxxx,P4(u)u_xxx,P5(u)u_xxxx,0.0829,-0.0015
Nagumo,u^4u_xxx,u^6u_xxxx,P4(u)u_xxx,P6(u)u_xxxx,-0.0411,0.0505
Nagumo,u^4u_xxx,u_xxxxx,P4(u)u_xxx,P0(u)u_xxxxx,-0.3388,-0.2411
Nagumo,u^4u_xxx,uu_xxxxx,P4(u)u_xxx,P1(u)u_xxxxx,-0.0276,-0.0776
Nagumo,u^4u_xxx,u^2u_xxxxx,P4(u)u_xxx,P2(u)u_xxxxx,-0.8053,0.5669
Nagumo,u^4u_xxx,u^3u_xxxxx,P4(u)u_xxx,P3(u)u_xxxxx,-0.119,0.0441
Nagumo,u^4u_xxx,u^4u_xxxxx,P4(u)u_xxx,P4(u)u_xxxxx,-0.9062,-0.7823
Nagumo,u^4u_xxx,u^5u_xxxxx,P4(u)u_xxx,P5(u)u_xxxxx,-0.2238,0.0309
Nagumo,u^4u_xxx,u^6u_xxxxx,P4(u)u_xxx,P6(u)u_xxxxx,-0.8324,0.5692
Nagumo,u^4u_xxx,u_xxxxxx,P4(u)u_xxx,P0(u)u_xxxxxx,-0.0301,-0.035
Nagumo,u^4u_xxx,uu_xxxxxx,P4(u)u_xxx,P1(u)u_xxxxxx,0.009,0.0029
Nagumo,u^4u_xxx,u^2u_xxxxxx,P4(u)u_xxx,P2(u)u_xxxxxx,0.03,-0.0487
Nagumo,u^4u_xxx,u^3u_xxxxxx,P4(u)u_xxx,P3(u)u_xxxxxx,-0.0974,-0.0047
Nagumo,u^4u_xxx,u^4u_xxxxxx,P4(u)u_xxx,P4(u)u_xxxxxx,0.0418,0.0547
Nagumo,u^4u_xxx,u^5u_xxxxxx,P4(u)u_xxx,P5(u)u_xxxxxx,-0.0833,-0.0006
Nagumo,u^4u_xxx,u^6u_xxxxxx,P4(u)u_xxx,P6(u)u_xxxxxx,0.0417,-0.049
Nagumo,u^5u_xxx,u^6u_xxx,P5(u)u_xxx,P6(u)u_xxx,0.344,-0.092
Nagumo,u^5u_xxx,u_xxxx,P5(u)u_xxx,P0(u)u_xxxx,-0.019,0.016
Nagumo,u^5u_xxx,uu_xxxx,P5(u)u_xxx,P1(u)u_xxxx,0.0205,-0.0061
Nagumo,u^5u_xxx,u^2u_xxxx,P5(u)u_xxx,P2(u)u_xxxx,0.0658,0.0428
Nagumo,u^5u_xxx,u^3u_xxxx,P5(u)u_xxx,P3(u)u_xxxx,-0.0533,-0.0606
Nagumo,u^5u_xxx,u^4u_xxxx,P5(u)u_xxx,P4(u)u_xxxx,0.0686,-0.0207
Nagumo,u^5u_xxx,u^5u_xxxx,P5(u)u_xxx,P5(u)u_xxxx,-0.0472,0.0502
Nagumo,u^5u_xxx,u^6u_xxxx,P5(u)u_xxx,P6(u)u_xxxx,0.0612,-0.0459
Nagumo,u^5u_xxx,u_xxxxx,P5(u)u_xxx,P0(u)u_xxxxx,-0.0224,0.1292
Nagumo,u^5u_xxx,uu_xxxxx,P5(u)u_xxx,P1(u)u_xxxxx,-0.5576,-0.2895
Nagumo,u^5u_xxx,u^2u_xxxxx,P5(u)u_xxx,P2(u)u_xxxxx,-0.1031,-0.1453
Nagumo,u^5u_xxx,u^3u_xxxxx,P5(u)u_xxx,P3(u)u_xxxxx,-0.8532,0.564
Nagumo,u^5u_xxx,u^4u_xxxxx,P5(u)u_xxx,P4(u)u_xxxxx,-0.2347,0.0612
Nagumo,u^5u_xxx,u^5u_xxxxx,P5(u)u_xxx,P5(u)u_xxxxx,-0.9286,-0.771
Nagumo,u^5u_xxx,u^6u_xxxxx,P5(u)u_xxx,P6(u)u_xxxxx,-0.3459,0.0499
Nagumo,u^5u_xxx,u_xxxxxx,P5(u)u_xxx,P0(u)u_xxxxxx,0.0231,-0.033
Nagumo,u^5u_xxx,uu_xxxxxx,P5(u)u_xxx,P1(u)u_xxxxxx,-0.0189,0.0072
Nagumo,u^5u_xxx,u^2u_xxxxxx,P5(u)u_xxx,P2(u)u_xxxxxx,-0.0665,-0.0392
Nagumo,u^5u_xxx,u^3u_xxxxxx,P5(u)u_xxx,P3(u)u_xxxxxx,0.0539,0.06
Nagumo,u^5u_xxx,u^4u_xxxxxx,P5(u)u_xxx,P4(u)u_xxxxxx,-0.0692,0.0189
Nagumo,u^5u_xxx,u^5u_xxxxxx,P5(u)u_xxx,P5(u)u_xxxxxx,0.0481,-0.0493
Nagumo,u^5u_xxx,u^6u_xxxxxx,P5(u)u_xxx,P6(u)u_xxxxxx,-0.0611,0.0477
Nagumo,u^6u_xxx,u_xxxx,P6(u)u_xxx,P0(u)u_xxxx,0.03,-0.0716
Nagumo,u^6u_xxx,uu_xxxx,P6(u)u_xxx,P1(u)u_xxxx,-0.0153,-0.011
Nagumo,u^6u_xxx,u^2u_xxxx,P6(u)u_xxx,P2(u)u_xxxx,-0.02,-0.0207
Nagumo,u^6u_xxx,u^3u_xxxx,P6(u)u_xxx,P3(u)u_xxxx,0.039,0.0574
Nagumo,u^6u_xxx,u^4u_xxxx,P6(u)u_xxx,P4(u)u_xxxx,-0.028,0.0176
Nagumo,u^6u_xxx,u^5u_xxxx,P6(u)u_xxx,P5(u)u_xxxx,0.0315,-0.0615
Nagumo,u^6u_xxx,u^6u_xxxx,P6(u)u_xxx,P6(u)u_xxxx,-0.0308,0.0081
Nagumo,u^6u_xxx,u_xxxxx,P6(u)u_xxx,P0(u)u_xxxxx,-0.2053,-0.0024
Nagumo,u^6u_xxx,uu_xxxxx,P6(u)u_xxx,P1(u)u_xxxxx,-0.0887,0.1137
Nagumo,u^6u_xxx,u^2u_xxxxx,P6(u)u_xxx,P2(u)u_xxxxx,-0.6442,-0.218
Nagumo,u^6u_xxx,u^3u_xxxxx,P6(u)u_xxx,P3(u)u_xxxxx,-0.2126,-0.1269
Nagumo,u^6u_xxx,u^4u_xxxxx,P6(u)u_xxx,P4(u)u_xxxxx,-0.878,0.6342
Nagumo,u^6u_xxx,u^5u_xxxxx,P6(u)u_xxx,P5(u)u_xxxxx,-0.3561,0.0752
Nagumo,u^6u_xxx,u^6u_xxxxx,P6(u)u_xxx,P6(u)u_xxxxx,-0.9403,-0.854
Nagumo,u^6u_xxx,u_xxxxxx,P6(u)u_xxx,P0(u)u_xxxxxx,-0.035,0.0697
Nagumo,u^6u_xxx,uu_xxxxxx,P6(u)u_xxx,P1(u)u_xxxxxx,0.0152,0.0059
Nagumo,u^6u_xxx,u^2u_xxxxxx,P6(u)u_xxx,P2(u)u_xxxxxx,0.0197,0.019
Nagumo,u^6u_xxx,u^3u_xxxxxx,P6(u)u_xxx,P3(u)u_xxxxxx,-0.0397,-0.056
Nagumo,u^6u_xxx,u^4u_xxxxxx,P6(u)u_xxx,P4(u)u_xxxxxx,0.0281,-0.016
Nagumo,u^6u_xxx,u^5u_xxxxxx,P6(u)u_xxx,P5(u)u_xxxxxx,-0.0315,0.0619
Nagumo,u^6u_xxx,u^6u_xxxxxx,P6(u)u_xxx,P6(u)u_xxxxxx,0.0314,-0.0102
Nagumo,u_xxxx,uu_xxxx,P0(u)u_xxxx,P1(u)u_xxxx,-0.0981,-0.126
Nagumo,u_xxxx,u^2u_xxxx,P0(u)u_xxxx,P2(u)u_xxxx,0.1363,-0.0516
Nagumo,u_xxxx,u^3u_xxxx,P0(u)u_xxxx,P3(u)u_xxxx,-0.0208,0.0327
Nagumo,u_xxxx,u^4u_xxxx,P0(u)u_xxxx,P4(u)u_xxxx,0.1041,-0.0383
Nagumo,u_xxxx,u^5u_xxxx,P0(u)u_xxxx,P5(u)u_xxxx,0.0059,0.0041
Nagumo,u_xxxx,u^6u_xxxx,P0(u)u_xxxx,P6(u)u_xxxx,0.0878,0.0475
Nagumo,u_xxxx,u_xxxxx,P0(u)u_xxxx,P0(u)u_xxxxx,-0.0,-0.0
Nagumo,u_xxxx,uu_xxxxx,P0(u)u_xxxx,P1(u)u_xxxxx,-0.0188,-0.0234
Nagumo,u_xxxx,u^2u_xxxxx,P0(u)u_xxxx,P2(u)u_xxxxx,-0.0065,0.0089
Nagumo,u_xxxx,u^3u_xxxxx,P0(u)u_xxxx,P3(u)u_xxxxx,0.0038,0.036
Nagumo,u_xxxx,u^4u_xxxxx,P0(u)u_xxxx,P4(u)u_xxxxx,-0.0332,-0.0483
Nagumo,u_xxxx,u^5u_xxxxx,P0(u)u_xxxx,P5(u)u_xxxxx,0.0101,-0.0295
Nagumo,u_xxxx,u^6u_xxxxx,P0(u)u_xxxx,P6(u)u_xxxxx,-0.0425,0.0761
Nagumo,u_xxxx,u_xxxxxx,P0(u)u_xxxx,P0(u)u_xxxxxx,-0.9762,-0.9762
Nagumo,u_xxxx,uu_xxxxxx,P0(u)u_xxxx,P1(u)u_xxxxxx,0.1089,0.1402
Nagumo,u_xxxx,u^2u_xxxxxx,P0(u)u_xxxx,P2(u)u_xxxxxx,-0.1463,0.0649
Nagumo,u_xxxx,u^3u_xxxxxx,P0(u)u_xxxx,P3(u)u_xxxxxx,0.0243,-0.0389
Nagumo,u_xxxx,u^4u_xxxxxx,P0(u)u_xxxx,P4(u)u_xxxxxx,-0.1096,0.0364
Nagumo,u_xxxx,u^5u_xxxxxx,P0(u)u_xxxx,P5(u)u_xxxxxx,-0.0049,-0.0029
Nagumo,u_xxxx,u^6u_xxxxxx,P0(u)u_xxxx,P6(u)u_xxxxxx,-0.0912,-0.049
Nagumo,uu_xxxx,u^2u_xxxx,P1(u)u_xxxx,P2(u)u_xxxx,0.0577,0.0663
Nagumo,uu_xxxx,u^3u_xxxx,P1(u)u_xxxx,P3(u)u_xxxx,0.3741,-0.2754
Nagumo,uu_xxxx,u^4u_xxxx,P1(u)u_xxxx,P4(u)u_xxxx,0.0704,-0.0531
Nagumo,uu_xxxx,u^5u_xxxx,P1(u)u_xxxx,P5(u)u_xxxx,0.2887,0.0763
Nagumo,uu_xxxx,u^6u_xxxx,P1(u)u_xxxx,P6(u)u_xxxx,0.0839,0.0421
Nagumo,uu_xxxx,u_xxxxx,P1(u)u_xxxx,P0(u)u_xxxxx,0.0205,0.0249
Nagumo,uu_xxxx,uu_xxxxx,P1(u)u_xxxx,P1(u)u_xxxxx,-0.0033,-0.0023
Nagumo,uu_xxxx,u^2u_xxxxx,P1(u)u_xxxx,P2(u)u_xxxxx,-0.0039,-0.0311
Nagumo,uu_xxxx,u^3u_xxxxx,P1(u)u_xxxx,P3(u)u_xxxxx,-0.0114,0.0044
Nagumo,uu_xxxx,u^4u_xxxxx,P1(u)u_xxxx,P4(u)u_xxxxx,0.001,0.0305
Nagumo,uu_xxxx,u^5u_xxxxx,P1(u)u_xxxx,P5(u)u_xxxxx,-0.012,-0.0085
Nagumo,uu_xxxx,u^6u_xxxxx,P1(u)u_xxxx,P6(u)u_xxxxx,0.0127,-0.0158
Nagumo,uu_xxxx,u_xxxxxx,P1(u)u_xxxx,P0(u)u_xxxxxx,0.103,0.132
Nagumo,uu_xxxx,uu_xxxxxx,P1(u)u_xxxx,P1(u)u_xxxxxx,-0.9829,-0.9828
Nagumo,uu_xxxx,u^2u_xxxxxx,P1(u)u_xxxx,P2(u)u_xxxxxx,-0.0558,-0.067
Nagumo,uu_xxxx,u^3u_xxxxxx,P1(u)u_xxxx,P3(u)u_xxxxxx,-0.3831,0.282
Nagumo,uu_xxxx,u^4u_xxxxxx,P1(u)u_xxxx,P4(u)u_xxxxxx,-0.07,0.0513
Nagumo,uu_xxxx,u^5u_xxxxxx,P1(u)u_xxxx,P5(u)u_xxxxxx,-0.2951,-0.0801
Nagumo,uu_xxxx,u^6u_xxxxxx,P1(u)u_xxxx,P6(u)u_xxxxxx,-0.0843,-0.039
Nagumo,u^2u_xxxx,u^3u_xxxx,P2(u)u_xxxx,P3(u)u_xxxx,0.0991,-0.0933
Nagumo,u^2u_xxxx,u^4u_xxxx,P2(u)u_xxxx,P4(u)u_xxxx,0.9793,-0.9702
Nagumo,u^2u_xxxx,u^5u_xxxx,P2(u)u_xxxx,P5(u)u_xxxx,0.2193,0.1352
Nagumo,u^2u_xxxx,u^6u_xxxx,P2(u)u_xxxx,P6(u)u_xxxx,0.9346,0.7442
Nagumo,u^2u_xxxx,u_xxxxx,P2(u)u_xxxx,P0(u)u_xxxxx,0.0009,-0.0005
Nagumo,u^2u_xxxx,uu_xxxxx,P2(u)u_xxxx,P1(u)u_xxxxx,-0.0168,-0.0115
Nagumo,u^2u_xxxx,u^2u_xxxxx,P2(u)u_xxxx,P2(u)u_xxxxx,0.0096,0.0097
Nagumo,u^2u_xxxx,u^3u_xxxxx,P2(u)u_xxxx,P3(u)u_xxxxx,-0.0091,0.0113
Nagumo,u^2u_xxxx,u^4u_xxxxx,P2(u)u_xxxx,P4(u)u_xxxxx,0.0054,-0.0069
Nagumo,u^2u_xxxx,u^5u_xxxxx,P2(u)u_xxxx,P5(u)u_xxxxx,-0.002,-0.0134
Nagumo,u^2u_xxxx,u^6u_xxxxx,P2(u)u_xxxx,P6(u)u_xxxxx,0.0065,-0.0129
Nagumo,u^2u_xxxx,u_xxxxxx,P2(u)u_xxxx,P0(u)u_xxxxxx,-0.0796,0.1048
Nagumo,u^2u_xxxx,uu_xxxxxx,P2(u)u_xxxx,P1(u)u_xxxxxx,-0.03,-0.0428
Nagumo,u^2u_xxxx,u^2u_xxxxxx,P2(u)u_xxxx,P2(u)u_xxxxxx,-0.9995,-0.9992
Nagumo,u^2u_xxxx,u^3u_xxxxxx,P2(u)u_xxxx,P3(u)u_xxxxxx,-0.0856,0.0881
Nagumo,u^2u_xxxx,u^4u_xxxxxx,P2(u)u_xxxx,P4(u)u_xxxxxx,-0.9791,0.9681
Nagumo,u^2u_xxxx,u^5u_xxxxxx,P2(u)u_xxxx,P5(u)u_xxxxxx,-0.2089,-0.1364
Nagumo,u^2u_xxxx,u^6u_xxxxxx,P2(u)u_xxxx,P6(u)u_xxxxxx,-0.933,-0.7322
Nagumo,u^3u_xxxx,u^4u_xxxx,P3(u)u_xxxx,P4(u)u_xxxx,0.1106,0.0295
Nagumo,u^3u_xxxx,u^5u_xxxx,P3(u)u_xxxx,P5(u)u_xxxx,0.9608,-0.9528
Nagumo,u^3u_xxxx,u^6u_xxxx,P3(u)u_xxxx,P6(u)u_xxxx,0.1601,0.1453
Nagumo,u^3u_xxxx,u_xxxxx,P3(u)u_xxxx,P0(u)u_xxxxx,-0.019,-0.0323
Nagumo,u^3u_xxxx,uu_xxxxx,P3(u)u_xxxx,P1(u)u_xxxxx,0.018,0.0208
Nagumo,u^3u_xxxx,u^2u_xxxxx,P3(u)u_xxxx,P2(u)u_xxxxx,-0.0121,0.0342
Nagumo,u^3u_xxxx,u^3u_xxxxx,P3(u)u_xxxx,P3(u)u_xxxxx,0.0131,-0.0121
Nagumo,u^3u_xxxx,u^4u_xxxxx,P3(u)u_xxxx,P4(u)u_xxxxx,0.0019,-0.0212
Nagumo,u^3u_xxxx,u^5u_xxxxx,P3(u)u_xxxx,P5(u)u_xxxxx,0.0128,-0.0079
Nagumo,u^3u_xxxx,u^6u_xxxxx,P3(u)u_xxxx,P6(u)u_xxxxx,0.0114,0.0076
Nagumo,u^3u_xxxx,u_xxxxxx,P3(u)u_xxxx,P0(u)u_xxxxxx,0.0205,-0.0462
Nagumo,u^3u_xxxx,uu_xxxxxx,P3(u)u_xxxx,P1(u)u_xxxxxx,-0.3449,0.2868
Nagumo,u^3u_xxxx,u^2u_xxxxxx,P3(u)u_xxxx,P2(u)u_xxxxxx,-0.0966,0.096
Nagumo,u^3u_xxxx,u^3u_xxxxxx,P3(u)u_xxxx,P3(u)u_xxxxxx,-0.9978,-0.9972
Nagumo,u^3u_xxxx,u^4u_xxxxxx,P3(u)u_xxxx,P4(u)u_xxxxxx,-0.1078,-0.0296
Nagumo,u^3u_xxxx,u^5u_xxxxxx,P3(u)u_xxxx,P5(u)u_xxxxxx,-0.9613,0.9509
Nagumo,u^3u_xxxx,u^6u_xxxxxx,P3(u)u_xxxx,P6(u)u_xxxxxx,-0.1574,-0.1478
Nagumo,u^4u_xxxx,u^5u_xxxx,P4(u)u_xxxx,P5(u)u_xxxx,0.247,-0.0778
Nagumo,u^4u_xxxx,u^6u_xxxx,P4(u)u_xxxx,P6(u)u_xxxx,0.9848,-0.8735
Nagumo,u^4u_xxxx,u_xxxxx,P4(u)u_xxxx,P0(u)u_xxxxx,0.0055,0.0063
Nagumo,u^4u_xxxx,uu_xxxxx,P4(u)u_xxxx,P1(u)u_xxxxx,-0.0146,0.0117
Nagumo,u^4u_xxxx,u^2u_xxxxx,P4(u)u_xxxx,P2(u)u_xxxxx,0.0122,-0.015
Nagumo,u^4u_xxxx,u^3u_xxxxx,P4(u)u_xxxx,P3(u)u_xxxxx,-0.0067,-0.0124
Nagumo,u^4u_xxxx,u^4u_xxxxx,P4(u)u_xxxx,P4(u)u_xxxxx,0.0091,0.0108
Nagumo,u^4u_xxxx,u^5u_xxxxx,P4(u)u_xxxx,P5(u)u_xxxxx,0.0003,0.0139
Nagumo,u^4u_xxxx,u^6u_xxxxx,P4(u)u_xxxx,P6(u)u_xxxxx,0.0108,0.0055
Nagumo,u^4u_xxxx,u_xxxxxx,P4(u)u_xxxx,P0(u)u_xxxxxx,-0.0508,-0.0148
Nagumo,u^4u_xxxx,uu_xxxxxx,P4(u)u_xxxx,P1(u)u_xxxxxx,-0.0431,0.0261
Nagumo,u^4u_xxxx,u^2u_xxxxxx,P4(u)u_xxxx,P2(u)u_xxxxxx,-0.9779,0.9687
Nagumo,u^4u_xxxx,u^3u_xxxxxx,P4(u)u_xxxx,P3(u)u_xxxxxx,-0.0969,-0.0229
Nagumo,u^4u_xxxx,u^4u_xxxxxx,P4(u)u_xxxx,P4(u)u_xxxxxx,-0.9996,-0.9995
Nagumo,u^4u_xxxx,u^5u_xxxxxx,P4(u)u_xxxx,P5(u)u_xxxxxx,-0.2363,0.0782
Nagumo,u^4u_xxxx,u^6u_xxxxxx,P4(u)u_xxxx,P6(u)u_xxxxxx,-0.9836,0.8643
Nagumo,u^5u_xxxx,u^6u_xxxx,P5(u)u_xxxx,P6(u)u_xxxx,0.3101,-0.1002
Nagumo,u^5u_xxxx,u_xxxxx,P5(u)u_xxxx,P0(u)u_xxxxx,-0.0171,0.0233
Nagumo,u^5u_xxxx,uu_xxxxx,P5(u)u_xxxx,P1(u)u_xxxxx,0.0198,-0.0198
Nagumo,u^5u_xxxx,u^2u_xxxxx,P5(u)u_xxxx,P2(u)u_xxxxx,-0.0075,-0.0251
Nagumo,u^5u_xxxx,u^3u_xxxxx,P5(u)u_xxxx,P3(u)u_xxxxx,0.0153,0.0068
Nagumo,u^5u_xxxx,u^4u_xxxxx,P5(u)u_xxxx,P4(u)u_xxxxx,0.0049,0.0118
Nagumo,u^5u_xxxx,u^5u_xxxxx,P5(u)u_xxxx,P5(u)u_xxxxx,0.0164,0.0137
Nagumo,u^5u_xxxx,u^6u_xxxxx,P5(u)u_xxxx,P6(u)u_xxxxx,0.0139,-0.0006
Nagumo,u^5u_xxxx,u_xxxxxx,P5(u)u_xxxx,P0(u)u_xxxxxx,0.003,0.0121
Nagumo,u^5u_xxxx,uu_xxxxxx,P5(u)u_xxxx,P1(u)u_xxxxxx,-0.2549,-0.0837
Nagumo,u^5u_xxxx,u^2u_xxxxxx,P5(u)u_xxxx,P2(u)u_xxxxxx,-0.2166,-0.1378
Nagumo,u^5u_xxxx,u^3u_xxxxxx,P5(u)u_xxxx,P3(u)u_xxxxxx,-0.9544,0.9469
Nagumo,u^5u_xxxx,u^4u_xxxxxx,P5(u)u_xxxx,P4(u)u_xxxxxx,-0.2442,0.0785
Nagumo,u^5u_xxxx,u^5u_xxxxxx,P5(u)u_xxxx,P5(u)u_xxxxxx,-0.9985,-0.999
Nagumo,u^5u_xxxx,u^6u_xxxxxx,P5(u)u_xxxx,P6(u)u_xxxxxx,-0.3076,0.1021
Nagumo,u^6u_xxxx,u_xxxxx,P6(u)u_xxxx,P0(u)u_xxxxx,0.0081,-0.017
Nagumo,u^6u_xxxx,uu_xxxxx,P6(u)u_xxxx,P1(u)u_xxxxx,-0.0088,-0.0061
Nagumo,u^6u_xxxx,u^2u_xxxxx,P6(u)u_xxxx,P2(u)u_xxxxx,0.013,0.0196
Nagumo,u^6u_xxxx,u^3u_xxxxx,P6(u)u_xxxx,P3(u)u_xxxxx,-0.0021,0.0038
Nagumo,u^6u_xxxx,u^4u_xxxxx,P6(u)u_xxxx,P4(u)u_xxxxx,0.0113,-0.0076
Nagumo,u^6u_xxxx,u^5u_xxxxx,P6(u)u_xxxx,P5(u)u_xxxxx,0.0044,-0.0054
Nagumo,u^6u_xxxx,u^6u_xxxxx,P6(u)u_xxxx,P6(u)u_xxxxx,0.015,-0.0012
Nagumo,u^6u_xxxx,u_xxxxxx,P6(u)u_xxxx,P0(u)u_xxxxxx,-0.0393,-0.0092
Nagumo,u^6u_xxxx,uu_xxxxxx,P6(u)u_xxxx,P1(u)u_xxxxxx,-0.0556,-0.0126
Nagumo,u^6u_xxxx,u^2u_xxxxxx,P6(u)u_xxxx,P2(u)u_xxxxxx,-0.9327,-0.7433
Nagumo,u^6u_xxxx,u^3u_xxxxxx,P6(u)u_xxxx,P3(u)u_xxxxxx,-0.1464,-0.1532
Nagumo,u^6u_xxxx,u^4u_xxxxxx,P6(u)u_xxxx,P4(u)u_xxxxxx,-0.9844,0.8764
Nagumo,u^6u_xxxx,u^5u_xxxxxx,P6(u)u_xxxx,P5(u)u_xxxxxx,-0.2998,0.1018
Nagumo,u^6u_xxxx,u^6u_xxxxxx,P6(u)u_xxxx,P6(u)u_xxxxxx,-0.9994,-0.999
Nagumo,u_xxxxx,uu_xxxxx,P0(u)u_xxxxx,P1(u)u_xxxxx,-0.102,-0.1316
Nagumo,u_xxxxx,u^2u_xxxxx,P0(u)u_xxxxx,P2(u)u_xxxxx,0.6113,-0.8217
Nagumo,u_xxxxx,u^3u_xxxxx,P0(u)u_xxxxx,P3(u)u_xxxxx,-0.0233,0.1646
Nagumo,u_xxxxx,u^4u_xxxxx,P0(u)u_xxxxx,P4(u)u_xxxxx,0.3458,0.2675
Nagumo,u_xxxxx,u^5u_xxxxx,P0(u)u_xxxxx,P5(u)u_xxxxx,0.0235,-0.1361
Nagumo,u_xxxxx,u^6u_xxxxx,P0(u)u_xxxxx,P6(u)u_xxxxx,0.2048,0.0167
Nagumo,u_xxxxx,u_xxxxxx,P0(u)u_xxxxx,P0(u)u_xxxxxx,0.0,0.0
Nagumo,u_xxxxx,uu_xxxxxx,P0(u)u_xxxxx,P1(u)u_xxxxxx,-0.0215,-0.0258
Nagumo,u_xxxxx,u^2u_xxxxxx,P0(u)u_xxxxx,P2(u)u_xxxxxx,-0.0013,-0.0
Nagumo,u_xxxxx,u^3u_xxxxxx,P0(u)u_xxxxx,P3(u)u_xxxxxx,0.017,0.0307
Nagumo,u_xxxxx,u^4u_xxxxxx,P0(u)u_xxxxx,P4(u)u_xxxxxx,-0.0061,-0.0058
Nagumo,u_xxxxx,u^5u_xxxxxx,P0(u)u_xxxxx,P5(u)u_xxxxxx,0.0149,-0.0213
Nagumo,u_xxxxx,u^6u_xxxxxx,P0(u)u_xxxxx,P6(u)u_xxxxxx,-0.0091,0.0162
Nagumo,uu_xxxxx,u^2u_xxxxx,P1(u)u_xxxxx,P2(u)u_xxxxx,-0.0684,0.0494
Nagumo,uu_xxxxx,u^3u_xxxxx,P1(u)u_xxxxx,P3(u)u_xxxxx,0.8244,-0.8558
Nagumo,uu_xxxxx,u^4u_xxxxx,P1(u)u_xxxxx,P4(u)u_xxxxx,0.0317,0.0918
Nagumo,uu_xxxxx,u^5u_xxxxx,P1(u)u_xxxxx,P5(u)u_xxxxx,0.5812,0.3629
Nagumo,uu_xxxxx,u^6u_xxxxx,P1(u)u_xxxxx,P6(u)u_xxxxx,0.0904,-0.1167
Nagumo,uu_xxxxx,u_xxxxxx,P1(u)u_xxxxx,P0(u)u_xxxxxx,0.0155,0.0193
Nagumo,uu_xxxxx,uu_xxxxxx,P1(u)u_xxxxx,P1(u)u_xxxxxx,0.0035,0.0019
Nagumo,uu_xxxxx,u^2u_xxxxxx,P1(u)u_xxxxx,P2(u)u_xxxxxx,0.0175,0.0119
Nagumo,uu_xxxxx,u^3u_xxxxxx,P1(u)u_xxxxx,P3(u)u_xxxxxx,-0.0186,-0.0212
Nagumo,uu_xxxxx,u^4u_xxxxxx,P1(u)u_xxxxx,P4(u)u_xxxxxx,0.0149,-0.0124
Nagumo,uu_xxxxx,u^5u_xxxxxx,P1(u)u_xxxxx,P5(u)u_xxxxxx,-0.0209,0.0203
Nagumo,uu_xxxxx,u^6u_xxxxxx,P1(u)u_xxxxx,P6(u)u_xxxxxx,0.0083,0.0072
Nagumo,u^2u_xxxxx,u^3u_xxxxx,P2(u)u_xxxxx,P3(u)u_xxxxx,0.0211,-0.1154
Nagumo,u^2u_xxxxx,u^4u_xxxxx,P2(u)u_xxxxx,P4(u)u_xxxxx,0.8764,-0.6937
Nagumo,u^2u_xxxxx,u^5u_xxxxx,P2(u)u_xxxxx,P5(u)u_xxxxx,0.1111,0.1587
Nagumo,u^2u_xxxxx,u^6u_xxxxx,P2(u)u_xxxxx,P6(u)u_xxxxx,0.6713,0.2363
Nagumo,u^2u_xxxxx,u_xxxxxx,P2(u)u_xxxxx,P0(u)u_xxxxxx,0.0118,-0.0033
Nagumo,u^2u_xxxxx,uu_xxxxxx,P2(u)u_xxxxx,P1(u)u_xxxxxx,0.0054,0.033
Nagumo,u^2u_xxxxx,u^2u_xxxxxx,P2(u)u_xxxxx,P2(u)u_xxxxxx,-0.0091,-0.0098
Nagumo,u^2u_xxxxx,u^3u_xxxxxx,P2(u)u_xxxxx,P3(u)u_xxxxxx,0.0134,-0.0329
Nagumo,u^2u_xxxxx,u^4u_xxxxxx,P2(u)u_xxxxx,P4(u)u_xxxxxx,-0.012,0.0146
Nagumo,u^2u_xxxxx,u^5u_xxxxxx,P2(u)u_xxxxx,P5(u)u_xxxxxx,0.0079,0.0229
Nagumo,u^2u_xxxxx,u^6u_xxxxxx,P2(u)u_xxxxx,P6(u)u_xxxxxx,-0.0131,-0.0186
Nagumo,u^3u_xxxxx,u^4u_xxxxx,P3(u)u_xxxxx,P4(u)u_xxxxx,0.1375,-0.0413
Nagumo,u^3u_xxxxx,u^5u_xxxxx,P3(u)u_xxxxx,P5(u)u_xxxxx,0.9079,-0.7171
Nagumo,u^3u_xxxxx,u^6u_xxxxx,P3(u)u_xxxxx,P6(u)u_xxxxx,0.2255,0.1292
Nagumo,u^3u_xxxxx,u_xxxxxx,P3(u)u_xxxxx,P0(u)u_xxxxxx,-0.0085,-0.0362
Nagumo,u^3u_xxxxx,uu_xxxxxx,P3(u)u_xxxxx,P1(u)u_xxxxxx,0.0116,-0.0042
Nagumo,u^3u_xxxxx,u^2u_xxxxxx,P3(u)u_xxxxx,P2(u)u_xxxxxx,0.0097,-0.0105
Nagumo,u^3u_xxxxx,u^3u_xxxxxx,P3(u)u_xxxxx,P3(u)u_xxxxxx,-0.013,0.0129
Nagumo,u^3u_xxxxx,u^4u_xxxxxx,P3(u)u_xxxxx,P4(u)u_xxxxxx,0.0071,0.0125
Nagumo,u^3u_xxxxx,u^5u_xxxxxx,P3(u)u_xxxxx,P5(u)u_xxxxxx,-0.0153,-0.0069
Nagumo,u^3u_xxxxx,u^6u_xxxxxx,P3(u)u_xxxxx,P6(u)u_xxxxxx,0.002,-0.0045
Nagumo,u^4u_xxxxx,u^5u_xxxxx,P4(u)u_xxxxx,P5(u)u_xxxxx,0.2582,-0.0681
Nagumo,u^4u_xxxxx,u^6u_xxxxx,P4(u)u_xxxxx,P6(u)u_xxxxx,0.9265,-0.7285
Nagumo,u^4u_xxxxx,u_xxxxxx,P4(u)u_xxxxx,P0(u)u_xxxxxx,0.0355,0.0382
Nagumo,u^4u_xxxxx,uu_xxxxxx,P4(u)u_xxxxx,P1(u)u_xxxxxx,-0.0012,-0.0342
Nagumo,u^4u_xxxxx,u^2u_xxxxxx,P4(u)u_xxxxx,P2(u)u_xxxxxx,-0.0049,0.0069
Nagumo,u^4u_xxxxx,u^3u_xxxxxx,P4(u)u_xxxxx,P3(u)u_xxxxxx,-0.0012,0.0214
Nagumo,u^4u_xxxxx,u^4u_xxxxxx,P4(u)u_xxxxx,P4(u)u_xxxxxx,-0.0088,-0.01
Nagumo,u^4u_xxxxx,u^5u_xxxxxx,P4(u)u_xxxxx,P5(u)u_xxxxxx,-0.0048,-0.0105
Nagumo,u^4u_xxxxx,u^6u_xxxxxx,P4(u)u_xxxxx,P6(u)u_xxxxxx,-0.0113,0.0062
Nagumo,u^5u_xxxxx,u^6u_xxxxx,P5(u)u_xxxxx,P6(u)u_xxxxx,0.3833,-0.0702
Nagumo,u^5u_xxxxx,u_xxxxxx,P5(u)u_xxxxx,P0(u)u_xxxxxx,-0.0148,0.0351
Nagumo,u^5u_xxxxx,uu_xxxxxx,P5(u)u_xxxxx,P1(u)u_xxxxxx,0.0112,0.008
Nagumo,u^5u_xxxxx,u^2u_xxxxxx,P5(u)u_xxxxx,P2(u)u_xxxxxx,0.0023,0.0115
Nagumo,u^5u_xxxxx,u^3u_xxxxxx,P5(u)u_xxxxx,P3(u)u_xxxxxx,-0.0129,0.007
Nagumo,u^5u_xxxxx,u^4u_xxxxxx,P5(u)u_xxxxx,P4(u)u_xxxxxx,-0.0001,-0.0131
Nagumo,u^5u_xxxxx,u^5u_xxxxxx,P5(u)u_xxxxx,P5(u)u_xxxxxx,-0.0166,-0.0137
Nagumo,u^5u_xxxxx,u^6u_xxxxxx,P5(u)u_xxxxx,P6(u)u_xxxxxx,-0.0048,0.005
Nagumo,u^6u_xxxxx,u_xxxxxx,P6(u)u_xxxxx,P0(u)u_xxxxxx,0.0417,-0.0677
Nagumo,u^6u_xxxxx,uu_xxxxxx,P6(u)u_xxxxx,P1(u)u_xxxxxx,-0.0144,0.0189
Nagumo,u^6u_xxxxx,u^2u_xxxxxx,P6(u)u_xxxxx,P2(u)u_xxxxxx,-0.0062,0.0138
Nagumo,u^6u_xxxxx,u^3u_xxxxxx,P6(u)u_xxxxx,P3(u)u_xxxxxx,-0.0115,-0.0082
Nagumo,u^6u_xxxxx,u^4u_xxxxxx,P6(u)u_xxxxx,P4(u)u_xxxxxx,-0.0108,-0.0069
Nagumo,u^6u_xxxxx,u^5u_xxxxxx,P6(u)u_xxxxx,P5(u)u_xxxxxx,-0.0145,0.0002
Nagumo,u^6u_xxxxx,u^6u_xxxxxx,P6(u)u_xxxxx,P6(u)u_xxxxxx,-0.0155,0.003
Nagumo,u_xxxxxx,uu_xxxxxx,P0(u)u_xxxxxx,P1(u)u_xxxxxx,-0.1183,-0.1516
Nagumo,u_xxxxxx,u^2u_xxxxxx,P0(u)u_xxxxxx,P2(u)u_xxxxxx,0.0927,-0.124
Nagumo,u_xxxxxx,u^3u_xxxxxx,P0(u)u_xxxxxx,P3(u)u_xxxxxx,-0.024,0.0552
Nagumo,u_xxxxxx,u^4u_xxxxxx,P0(u)u_xxxxxx,P4(u)u_xxxxxx,0.0579,0.0179
Nagumo,u_xxxxxx,u^5u_xxxxxx,P0(u)u_xxxxxx,P5(u)u_xxxxxx,-0.0035,-0.0151
Nagumo,u_xxxxxx,u^6u_xxxxxx,P0(u)u_xxxxxx,P6(u)u_xxxxxx,0.0438,0.0116
Nagumo,uu_xxxxxx,u^2u_xxxxxx,P1(u)u_xxxxxx,P2(u)u_xxxxxx,0.0276,0.0445
Nagumo,uu_xxxxxx,u^3u_xxxxxx,P1(u)u_xxxxxx,P3(u)u_xxxxxx,0.3637,-0.3052
Nagumo,uu_xxxxxx,u^4u_xxxxxx,P1(u)u_xxxxxx,P4(u)u_xxxxxx,0.0427,-0.024
Nagumo,uu_xxxxxx,u^5u_xxxxxx,P1(u)u_xxxxxx,P5(u)u_xxxxxx,0.2668,0.0907
Nagumo,uu_xxxxxx,u^6u_xxxxxx,P1(u)u_xxxxxx,P6(u)u_xxxxxx,0.0564,0.0089
Nagumo,u^2u_xxxxxx,u^3u_xxxxxx,P2(u)u_xxxxxx,P3(u)u_xxxxxx,0.0831,-0.0913
Nagumo,u^2u_xxxxxx,u^4u_xxxxxx,P2(u)u_xxxxxx,P4(u)u_xxxxxx,0.9784,-0.9674
Nagumo,u^2u_xxxxxx,u^5u_xxxxxx,P2(u)u_xxxxxx,P5(u)u_xxxxxx,0.2064,0.1393
Nagumo,u^2u_xxxxxx,u^6u_xxxxxx,P2(u)u_xxxxxx,P6(u)u_xxxxxx,0.9317,0.7317
Nagumo,u^3u_xxxxxx,u^4u_xxxxxx,P3(u)u_xxxxxx,P4(u)u_xxxxxx,0.0943,0.0229
Nagumo,u^3u_xxxxxx,u^5u_xxxxxx,P3(u)u_xxxxxx,P5(u)u_xxxxxx,0.9582,-0.9475
Nagumo,u^3u_xxxxxx,u^6u_xxxxxx,P3(u)u_xxxxxx,P6(u)u_xxxxxx,0.1442,0.1562
Nagumo,u^4u_xxxxxx,u^5u_xxxxxx,P4(u)u_xxxxxx,P5(u)u_xxxxxx,0.2339,-0.079
Nagumo,u^4u_xxxxxx,u^6u_xxxxxx,P4(u)u_xxxxxx,P6(u)u_xxxxxx,0.984,-0.8682
Nagumo,u^5u_xxxxxx,u^6u_xxxxxx,P5(u)u_xxxxxx,P6(u)u_xxxxxx,0.298,-0.1039
Allen_Cahn,1,u,P0(u),P1(u),,
Allen_Cahn,1,u^2,P0(u),P2(u),,
Allen_Cahn,1,u^3,P0(u),P3(u),,
Allen_Cahn,1,u^4,P0(u),P4(u),,
Allen_Cahn,1,u^5,P0(u),P5(u),,
Allen_Cahn,1,u^6,P0(u),P6(u),,
Allen_Cahn,1,u_x,P0(u),P0(u)u_x,,
Allen_Cahn,1,uu_x,P0(u),P1(u)u_x,,
Allen_Cahn,1,u^2u_x,P0(u),P2(u)u_x,,
Allen_Cahn,1,u^3u_x,P0(u),P3(u)u_x,,
Allen_Cahn,1,u^4u_x,P0(u),P4(u)u_x,,
Allen_Cahn,1,u^5u_x,P0(u),P5(u)u_x,,
Allen_Cahn,1,u^6u_x,P0(u),P6(u)u_x,,
Allen_Cahn,1,u_xx,P0(u),P0(u)u_xx,,
Allen_Cahn,1,uu_xx,P0(u),P1(u)u_xx,,
Allen_Cahn,1,u^2u_xx,P0(u),P2(u)u_xx,,
Allen_Cahn,1,u^3u_xx,P0(u),P3(u)u_xx,,
Allen_Cahn,1,u^4u_xx,P0(u),P4(u)u_xx,,
Allen_Cahn,1,u^5u_xx,P0(u),P5(u)u_xx,,
Allen_Cahn,1,u^6u_xx,P0(u),P6(u)u_xx,,
Allen_Cahn,1,u_xxx,P0(u),P0(u)u_xxx,,
Allen_Cahn,1,uu_xxx,P0(u),P1(u)u_xxx,,
Allen_Cahn,1,u^2u_xxx,P0(u),P2(u)u_xxx,,
Allen_Cahn,1,u^3u_xxx,P0(u),P3(u)u_xxx,,
Allen_Cahn,1,u^4u_xxx,P0(u),P4(u)u_xxx,,
Allen_Cahn,1,u^5u_xxx,P0(u),P5(u)u_xxx,,
Allen_Cahn,1,u^6u_xxx,P0(u),P6(u)u_xxx,,
Allen_Cahn,1,u_xxxx,P0(u),P0(u)u_xxxx,,
Allen_Cahn,1,uu_xxxx,P0(u),P1(u)u_xxxx,,
Allen_Cahn,1,u^2u_xxxx,P0(u),P2(u)u_xxxx,,
Allen_Cahn,1,u^3u_xxxx,P0(u),P3(u)u_xxxx,,
Allen_Cahn,1,u^4u_xxxx,P0(u),P4(u)u_xxxx,,
Allen_Cahn,1,u^5u_xxxx,P0(u),P5(u)u_xxxx,,
Allen_Cahn,1,u^6u_xxxx,P0(u),P6(u)u_xxxx,,
Allen_Cahn,1,u_xxxxx,P0(u),P0(u)u_xxxxx,,
Allen_Cahn,1,uu_xxxxx,P0(u),P1(u)u_xxxxx,,
Allen_Cahn,1,u^2u_xxxxx,P0(u),P2(u)u_xxxxx,,
Allen_Cahn,1,u^3u_xxxxx,P0(u),P3(u)u_xxxxx,,
Allen_Cahn,1,u^4u_xxxxx,P0(u),P4(u)u_xxxxx,,
Allen_Cahn,1,u^5u_xxxxx,P0(u),P5(u)u_xxxxx,,
Allen_Cahn,1,u^6u_xxxxx,P0(u),P6(u)u_xxxxx,,
Allen_Cahn,1,u_xxxxxx,P0(u),P0(u)u_xxxxxx,,
Allen_Cahn,1,uu_xxxxxx,P0(u),P1(u)u_xxxxxx,,
Allen_Cahn,1,u^2u_xxxxxx,P0(u),P2(u)u_xxxxxx,,
Allen_Cahn,1,u^3u_xxxxxx,P0(u),P3(u)u_xxxxxx,,
Allen_Cahn,1,u^4u_xxxxxx,P0(u),P4(u)u_xxxxxx,,
Allen_Cahn,1,u^5u_xxxxxx,P0(u),P5(u)u_xxxxxx,,
Allen_Cahn,1,u^6u_xxxxxx,P0(u),P6(u)u_xxxxxx,,
Allen_Cahn,u,u^2,P1(u),P2(u),0.0829,-0.2188
Allen_Cahn,u,u^3,P1(u),P3(u),0.9595,-0.9861
Allen_Cahn,u,u^4,P1(u),P4(u),0.0682,0.2024
Allen_Cahn,u,u^5,P1(u),P5(u),0.9022,0.8577
Allen_Cahn,u,u^6,P1(u),P6(u),0.0542,-0.1647
Allen_Cahn,u,u_x,P1(u),P0(u)u_x,-0.0,0.0007
Allen_Cahn,u,uu_x,P1(u),P1(u)u_x,0.0042,0.0135
Allen_Cahn,u,u^2u_x,P1(u),P2(u)u_x,0.0002,-0.0016
Allen_Cahn,u,u^3u_x,P1(u),P3(u)u_x,0.0024,-0.0139
Allen_Cahn,u,u^4u_x,P1(u),P4(u)u_x,0.0008,0.0034
Allen_Cahn,u,u^5u_x,P1(u),P5(u)u_x,-0.0002,0.0119
Allen_Cahn,u,u^6u_x,P1(u),P6(u)u_x,0.0024,-0.0048
Allen_Cahn,u,u_xx,P1(u),P0(u)u_xx,-0.6557,-0.6596
Allen_Cahn,u,uu_xx,P1(u),P1(u)u_xx,-0.1748,-0.0992
Allen_Cahn,u,u^2u_xx,P1(u),P2(u)u_xx,-0.9873,-0.9377
Allen_Cahn,u,u^3u_xx,P1(u),P3(u)u_xx,-0.109,0.3196
Allen_Cahn,u,u^4u_xx,P1(u),P4(u)u_xx,-0.9468,0.9682
Allen_Cahn,u,u^5u_xx,P1(u),P5(u)u_xx,-0.0836,-0.2466
Allen_Cahn,u,u^6u_xx,P1(u),P6(u)u_xx,-0.8918,-0.7506
Allen_Cahn,u,u_xxx,P1(u),P0(u)u_xxx,-0.0,-0.0002
Allen_Cahn,u,uu_xxx,P1(u),P1(u)u_xxx,0.065,0.064
Allen_Cahn,u,u^2u_xxx,P1(u),P2(u)u_xxx,-0.0392,-0.02
Allen_Cahn,u,u^3u_xxx,P1(u),P3(u)u_xxx,0.0566,-0.0533
Allen_Cahn,u,u^4u_xxx,P1(u),P4(u)u_xxx,-0.0261,0.0538
Allen_Cahn,u,u^5u_xxx,P1(u),P5(u)u_xxx,0.0431,0.0278
Allen_Cahn,u,u^6u_xxx,P1(u),P6(u)u_xxx,-0.0082,-0.0577
Allen_Cahn,u,u_xxxx,P1(u),P0(u)u_xxxx,0.0734,0.0742
Allen_Cahn,u,uu_xxxx,P1(u),P1(u)u_xxxx,0.0277,0.0213
Allen_Cahn,u,u^2u_xxxx,P1(u),P2(u)u_xxxx,0.9864,0.9791
Allen_Cahn,u,u^3u_xxxx,P1(u),P3(u)u_xxxx,0.0806,-0.2326
Allen_Cahn,u,u^4u_xxxx,P1(u),P4(u)u_xxxx,0.9482,-0.9496
Allen_Cahn,u,u^5u_xxxx,P1(u),P5(u)u_xxxx,0.0692,0.2115
Allen_Cahn,u,u^6u_xxxx,P1(u),P6(u)u_xxxx,0.8889,0.6694
Allen_Cahn,u,u_xxxxx,P1(u),P0(u)u_xxxxx,-0.0,0.0
Allen_Cahn,u,uu_xxxxx,P1(u),P1(u)u_xxxxx,-0.0056,-0.0051
Allen_Cahn,u,u^2u_xxxxx,P1(u),P2(u)u_xxxxx,0.0082,0.0072
Allen_Cahn,u,u^3u_xxxxx,P1(u),P3(u)u_xxxxx,0.002,0.0105
Allen_Cahn,u,u^4u_xxxxx,P1(u),P4(u)u_xxxxx,-0.0033,-0.0288
Allen_Cahn,u,u^5u_xxxxx,P1(u),P5(u)u_xxxxx,0.003,-0.0091
Allen_Cahn,u,u^6u_xxxxx,P1(u),P6(u)u_xxxxx,-0.0125,0.0323
Allen_Cahn,u,u_xxxxxx,P1(u),P0(u)u_xxxxxx,-0.0107,-0.0108
Allen_Cahn,u,uu_xxxxxx,P1(u),P1(u)u_xxxxxx,-0.0063,-0.0049
Allen_Cahn,u,u^2u_xxxxxx,P1(u),P2(u)u_xxxxxx,-0.9836,-0.9751
Allen_Cahn,u,u^3u_xxxxxx,P1(u),P3(u)u_xxxxxx,-0.0766,0.222
Allen_Cahn,u,u^4u_xxxxxx,P1(u),P4(u)u_xxxxxx,-0.9455,0.9443
Allen_Cahn,u,u^5u_xxxxxx,P1(u),P5(u)u_xxxxxx,-0.0679,-0.2054
Allen_Cahn,u,u^6u_xxxxxx,P1(u),P6(u)u_xxxxxx,-0.8847,-0.6557
Allen_Cahn,u^2,u^3,P2(u),P3(u),0.1295,0.2066
Allen_Cahn,u^2,u^4,P2(u),P4(u),0.9777,-0.9876
Allen_Cahn,u^2,u^5,P2(u),P5(u),0.1387,-0.1789
Allen_Cahn,u^2,u^6,P2(u),P6(u),0.9399,0.9005
Allen_Cahn,u^2,u_x,P2(u),P0(u)u_x,-0.0012,-0.013
Allen_Cahn,u^2,uu_x,P2(u),P1(u)u_x,-0.003,-0.0037
Allen_Cahn,u^2,u^2u_x,P2(u),P2(u)u_x,-0.0023,0.0135
Allen_Cahn,u^2,u^3u_x,P2(u),P3(u)u_x,-0.0005,0.0032
Allen_Cahn,u^2,u^4u_x,P2(u),P4(u)u_x,-0.0032,-0.0137
Allen_Cahn,u^2,u^5u_x,P2(u),P5(u)u_x,0.0031,-0.0024
Allen_Cahn,u^2,u^6u_x,P2(u),P6(u)u_x,-0.0047,0.01
Allen_Cahn,u^2,u_xx,P2(u),P0(u)u_xx,-0.3394,-0.1436
Allen_Cahn,u^2,uu_xx,P2(u),P1(u)u_xx,-0.6411,-0.5507
Allen_Cahn,u^2,u^2u_xx,P2(u),P2(u)u_xx,-0.1235,0.3113
Allen_Cahn,u^2,u^3u_xx,P2(u),P3(u)u_xx,-0.9769,-0.8633
Allen_Cahn,u^2,u^4u_xx,P2(u),P4(u)u_xx,-0.1453,-0.2253
Allen_Cahn,u^2,u^5u_xx,P2(u),P5(u)u_xx,-0.9598,0.9528
Allen_Cahn,u^2,u^6u_xx,P2(u),P6(u)u_xx,-0.1484,0.1669
Allen_Cahn,u^2,u_xxx,P2(u),P0(u)u_xxx,0.05,0.0532
Allen_Cahn,u^2,uu_xxx,P2(u),P1(u)u_xxx,-0.0681,-0.1084
Allen_Cahn,u^2,u^2u_xxx,P2(u),P2(u)u_xxx,0.048,-0.036
Allen_Cahn,u^2,u^3u_xxx,P2(u),P3(u)u_xxx,-0.0479,0.106
Allen_Cahn,u^2,u^4u_xxx,P2(u),P4(u)u_xxx,0.0357,0.0006
Allen_Cahn,u^2,u^5u_xxx,P2(u),P5(u)u_xxx,-0.0239,-0.0682
Allen_Cahn,u^2,u^6u_xxx,P2(u),P6(u)u_xxx,0.0327,0.0331
Allen_Cahn,u^2,u_xxxx,P2(u),P0(u)u_xxxx,0.0561,0.0338
Allen_Cahn,u^2,uu_xxxx,P2(u),P1(u)u_xxxx,0.1745,0.1467
Allen_Cahn,u^2,u^2u_xxxx,P2(u),P2(u)u_xxxx,0.0855,-0.2222
Allen_Cahn,u^2,u^3u_xxxx,P2(u),P3(u)u_xxxx,0.9607,0.912
Allen_Cahn,u^2,u^4u_xxxx,P2(u),P4(u)u_xxxx,0.129,0.1954
Allen_Cahn,u^2,u^5u_xxxx,P2(u),P5(u)u_xxxx,0.949,-0.9416
Allen_Cahn,u^2,u^6u_xxxx,P2(u),P6(u)u_xxxx,0.1387,-0.1496
Allen_Cahn,u^2,u_xxxxx,P2(u),P0(u)u_xxxxx,0.0013,0.0022
Allen_Cahn,u^2,uu_xxxxx,P2(u),P1(u)u_xxxxx,0.0205,0.025
Allen_Cahn,u^2,u^2u_xxxxx,P2(u),P2(u)u_xxxxx,0.006,-0.0002
Allen_Cahn,u^2,u^3u_xxxxx,P2(u),P3(u)u_xxxxx,0.0161,-0.0283
Allen_Cahn,u^2,u^4u_xxxxx,P2(u),P4(u)u_xxxxx,0.0055,0.002
Allen_Cahn,u^2,u^5u_xxxxx,P2(u),P5(u)u_xxxxx,0.0048,0.0126
Allen_Cahn,u^2,u^6u_xxxxx,P2(u),P6(u)u_xxxxx,-0.0,-0.0126
Allen_Cahn,u^2,u_xxxxxx,P2(u),P0(u)u_xxxxxx,-0.0051,-0.0016
Allen_Cahn,u^2,uu_xxxxxx,P2(u),P1(u)u_xxxxxx,-0.1279,-0.1146
Allen_Cahn,u^2,u^2u_xxxxxx,P2(u),P2(u)u_xxxxxx,-0.0824,0.2134
Allen_Cahn,u^2,u^3u_xxxxxx,P2(u),P3(u)u_xxxxxx,-0.9508,-0.9084
Allen_Cahn,u^2,u^4u_xxxxxx,P2(u),P4(u)u_xxxxxx,-0.1281,-0.1915
Allen_Cahn,u^2,u^5u_xxxxxx,P2(u),P5(u)u_xxxxxx,-0.9413,0.9362
Allen_Cahn,u^2,u^6u_xxxxxx,P2(u),P6(u)u_xxxxxx,-0.1385,0.1473
Allen_Cahn,u^3,u^4,P3(u),P4(u),0.1177,-0.1973
Allen_Cahn,u^3,u^5,P3(u),P5(u),0.9853,-0.9301
Allen_Cahn,u^3,u^6,P3(u),P6(u),0.104,0.1718
Allen_Cahn,u^3,u_x,P3(u),P0(u)u_x,-0.0018,-0.0004
Allen_Cahn,u^3,uu_x,P3(u),P1(u)u_x,0.0048,-0.0141
Allen_Cahn,u^3,u^2u_x,P3(u),P2(u)u_x,-0.0016,0.0012
Allen_Cahn,u^3,u^3u_x,P3(u),P3(u)u_x,0.0026,0.0144
Allen_Cahn,u^3,u^4u_x,P3(u),P4(u)u_x,-0.0004,-0.0029
Allen_Cahn,u^3,u^5u_x,P3(u),P5(u)u_x,-0.0005,-0.0124
Allen_Cahn,u^3,u^6u_x,P3(u),P6(u)u_x,0.002,0.0038
Allen_Cahn,u^3,u_xx,P3(u),P0(u)u_xx,-0.5954,0.6807
Allen_Cahn,u^3,uu_xx,P3(u),P1(u)u_xx,-0.2071,0.0935
Allen_Cahn,u^3,u^2u_xx,P3(u),P2(u)u_xx,-0.9686,0.8963
Allen_Cahn,u^3,u^3u_xx,P3(u),P3(u)u_xx,-0.1586,-0.3018
Allen_Cahn,u^3,u^4u_xx,P3(u),P4(u)u_xx,-0.9939,-0.9784
Allen_Cahn,u^3,u^5u_xx,P3(u),P5(u)u_xx,-0.1349,0.2419
Allen_Cahn,u^3,u^6u_xx,P3(u),P6(u)u_xx,-0.976,0.8392
Allen_Cahn,u^3,u_xxx,P3(u),P0(u)u_xxx,-0.0139,-0.0136
Allen_Cahn,u^3,uu_xxx,P3(u),P1(u)u_xxx,0.063,-0.0573
Allen_Cahn,u^3,u^2u_xxx,P3(u),P2(u)u_xxx,-0.0462,0.0318
Allen_Cahn,u^3,u^3u_xxx,P3(u),P3(u)u_xxx,0.0567,0.0468
Allen_Cahn,u^3,u^4u_xxx,P3(u),P4(u)u_xxx,-0.0307,-0.0607
Allen_Cahn,u^3,u^5u_xxx,P3(u),P5(u)u_xxx,0.046,-0.0219
Allen_Cahn,u^3,u^6u_xxx,P3(u),P6(u)u_xxx,-0.0107,0.0611
Allen_Cahn,u^3,u_xxxx,P3(u),P0(u)u_xxxx,0.0621,-0.0794
Allen_Cahn,u^3,uu_xxxx,P3(u),P1(u)u_xxxx,0.043,-0.0201
Allen_Cahn,u^3,u^2u_xxxx,P3(u),P2(u)u_xxxx,0.9555,-0.9593
Allen_Cahn,u^3,u^3u_xxxx,P3(u),P3(u)u_xxxx,0.1294,0.2214
Allen_Cahn,u^3,u^4u_xxxx,P3(u),P4(u)u_xxxx,0.9903,0.9768
Allen_Cahn,u^3,u^5u_xxxx,P3(u),P5(u)u_xxxx,0.1194,-0.2111
Allen_Cahn,u^3,u^6u_xxxx,P3(u),P6(u)u_xxxx,0.9708,-0.7716
Allen_Cahn,u^3,u_xxxxx,P3(u),P0(u)u_xxxxx,0.0058,0.0042
Allen_Cahn,u^3,uu_xxxxx,P3(u),P1(u)u_xxxxx,-0.0022,0.0064
Allen_Cahn,u^3,u^2u_xxxxx,P3(u),P2(u)u_xxxxx,0.0124,-0.0103
Allen_Cahn,u^3,u^3u_xxxxx,P3(u),P3(u)u_xxxxx,0.005,-0.0118
Allen_Cahn,u^3,u^4u_xxxxx,P3(u),P4(u)u_xxxxx,0.0005,0.0298
Allen_Cahn,u^3,u^5u_xxxxx,P3(u),P5(u)u_xxxxx,0.0042,0.0095
Allen_Cahn,u^3,u^6u_xxxxx,P3(u),P6(u)u_xxxxx,-0.0103,-0.0341
Allen_Cahn,u^3,u_xxxxxx,P3(u),P0(u)u_xxxxxx,-0.0108,0.0097
Allen_Cahn,u^3,uu_xxxxxx,P3(u),P1(u)u_xxxxxx,-0.0192,0.0046
Allen_Cahn,u^3,u^2u_xxxxxx,P3(u),P2(u)u_xxxxxx,-0.9517,0.9576
Allen_Cahn,u^3,u^3u_xxxxxx,P3(u),P3(u)u_xxxxxx,-0.1246,-0.2114
Allen_Cahn,u^3,u^4u_xxxxxx,P3(u),P4(u)u_xxxxxx,-0.9873,-0.9737
Allen_Cahn,u^3,u^5u_xxxxxx,P3(u),P5(u)u_xxxxxx,-0.1177,0.2055
Allen_Cahn,u^3,u^6u_xxxxxx,P3(u),P6(u)u_xxxxxx,-0.9665,0.7592
Allen_Cahn,u^4,u^5,P4(u),P5(u),0.1335,0.1846
Allen_Cahn,u^4,u^6,P4(u),P6(u),0.9898,-0.9564
Allen_Cahn,u^4,u_x,P4(u),P0(u)u_x,0.0009,0.0145
Allen_Cahn,u^4,uu_x,P4(u),P1(u)u_x,-0.0052,0.0037
Allen_Cahn,u^4,u^2u_x,P4(u),P2(u)u_x,0.0001,-0.015
Allen_Cahn,u^4,u^3u_x,P4(u),P3(u)u_x,-0.0028,-0.0031
Allen_Cahn,u^4,u^4u_x,P4(u),P4(u)u_x,-0.0005,0.0152
Allen_Cahn,u^4,u^5u_x,P4(u),P5(u)u_x,0.0007,0.0021
Allen_Cahn,u^4,u^6u_x,P4(u),P6(u)u_x,-0.0026,-0.0113
Allen_Cahn,u^4,u_xx,P4(u),P0(u)u_xx,-0.2823,0.1697
Allen_Cahn,u^4,uu_xx,P4(u),P1(u)u_xx,-0.5948,0.5543
Allen_Cahn,u^4,u^2u_xx,P4(u),P2(u)u_xx,-0.1069,-0.2991
Allen_Cahn,u^4,u^3u_xx,P4(u),P3(u)u_xx,-0.9649,0.8318
Allen_Cahn,u^4,u^4u_xx,P4(u),P4(u)u_xx,-0.1351,0.2188
Allen_Cahn,u^4,u^5u_xx,P4(u),P5(u)u_xx,-0.9864,-0.959
Allen_Cahn,u^4,u^6u_xx,P4(u),P6(u)u_xx,-0.1446,-0.1761
Allen_Cahn,u^4,u_xxx,P4(u),P0(u)u_xxx,0.0456,-0.053
Allen_Cahn,u^4,uu_xxx,P4(u),P1(u)u_xxx,-0.0563,0.109
Allen_Cahn,u^4,u^2u_xxx,P4(u),P2(u)u_xxx,0.0475,0.036
Allen_Cahn,u^4,u^3u_xxx,P4(u),P3(u)u_xxx,-0.0414,-0.1068
Allen_Cahn,u^4,u^4u_xxx,P4(u),P4(u)u_xxx,0.0373,-0.0005
Allen_Cahn,u^4,u^5u_xxx,P4(u),P5(u)u_xxx,-0.0217,0.0681
Allen_Cahn,u^4,u^6u_xxx,P4(u),P6(u)u_xxx,0.0356,-0.0347
Allen_Cahn,u^4,u_xxxx,P4(u),P0(u)u_xxxx,0.0472,-0.0366
Allen_Cahn,u^4,uu_xxxx,P4(u),P1(u)u_xxxx,0.1644,-0.1413
Allen_Cahn,u^4,u^2u_xxxx,P4(u),P2(u)u_xxxx,0.0736,0.2064
Allen_Cahn,u^4,u^3u_xxxx,P4(u),P3(u)u_xxxx,0.9473,-0.8955
Allen_Cahn,u^4,u^4u_xxxx,P4(u),P4(u)u_xxxx,0.12,-0.1907
Allen_Cahn,u^4,u^5u_xxxx,P4(u),P5(u)u_xxxx,0.975,0.9595
Allen_Cahn,u^4,u^6u_xxxx,P4(u),P6(u)u_xxxx,0.1354,0.1624
Allen_Cahn,u^4,u_xxxxx,P4(u),P0(u)u_xxxxx,0.0014,-0.0021
Allen_Cahn,u^4,uu_xxxxx,P4(u),P1(u)u_xxxxx,0.019,-0.0248
Allen_Cahn,u^4,u^2u_xxxxx,P4(u),P2(u)u_xxxxx,0.0061,0.0002
Allen_Cahn,u^4,u^3u_xxxxx,P4(u),P3(u)u_xxxxx,0.0164,0.0289
Allen_Cahn,u^4,u^4u_xxxxx,P4(u),P4(u)u_xxxxx,0.0059,-0.0021
Allen_Cahn,u^4,u^5u_xxxxx,P4(u),P5(u)u_xxxxx,0.0058,-0.0147
Allen_Cahn,u^4,u^6u_xxxxx,P4(u),P6(u)u_xxxxx,-0.0003,0.014
Allen_Cahn,u^4,u_xxxxxx,P4(u),P0(u)u_xxxxxx,-0.0047,0.0016
Allen_Cahn,u^4,uu_xxxxxx,P4(u),P1(u)u_xxxxxx,-0.1224,0.1084
Allen_Cahn,u^4,u^2u_xxxxxx,P4(u),P2(u)u_xxxxxx,-0.0707,-0.1976
Allen_Cahn,u^4,u^3u_xxxxxx,P4(u),P3(u)u_xxxxxx,-0.9374,0.8933
Allen_Cahn,u^4,u^4u_xxxxxx,P4(u),P4(u)u_xxxxxx,-0.119,0.1872
Allen_Cahn,u^4,u^5u_xxxxxx,P4(u),P5(u)u_xxxxxx,-0.9672,-0.9558
Allen_Cahn,u^4,u^6u_xxxxxx,P4(u),P6(u)u_xxxxxx,-0.1352,-0.1606
Allen_Cahn,u^5,u^6,P5(u),P6(u),0.1244,-0.1855
Allen_Cahn,u^5,u_x,P5(u),P0(u)u_x,-0.0031,-0.0006
Allen_Cahn,u^5,uu_x,P5(u),P1(u)u_x,0.0051,0.0134
Allen_Cahn,u^5,u^2u_x,P5(u),P2(u)u_x,-0.0032,-0.0002
Allen_Cahn,u^5,u^3u_x,P5(u),P3(u)u_x,0.0029,-0.0136
Allen_Cahn,u^5,u^4u_x,P5(u),P4(u)u_x,-0.0021,0.0018
Allen_Cahn,u^5,u^5u_x,P5(u),P5(u)u_x,-0.0004,0.0117
Allen_Cahn,u^5,u^6u_x,P5(u),P6(u)u_x,0.0004,-0.002
Allen_Cahn,u^5,u_xx,P5(u),P0(u)u_xx,-0.5386,-0.662
Allen_Cahn,u^5,uu_xx,P5(u),P1(u)u_xx,-0.2014,-0.0507
Allen_Cahn,u^5,u^2u_xx,P5(u),P2(u)u_xx,-0.9196,-0.7144
Allen_Cahn,u^5,u^3u_xx,P5(u),P3(u)u_xx,-0.1693,0.2416
Allen_Cahn,u^5,u^4u_xx,P5(u),P4(u)u_xx,-0.9835,0.8965
Allen_Cahn,u^5,u^5u_xx,P5(u),P5(u)u_xx,-0.1522,-0.2195
Allen_Cahn,u^5,u^6u_xx,P5(u),P6(u)u_xx,-0.9929,-0.9462
Allen_Cahn,u^5,u_xxx,P5(u),P0(u)u_xxx,-0.0173,0.046
Allen_Cahn,u^5,uu_xxx,P5(u),P1(u)u_xxx,0.0621,0.0381
Allen_Cahn,u^5,u^2u_xxx,P5(u),P2(u)u_xxx,-0.0442,-0.0569
Allen_Cahn,u^5,u^3u_xxx,P5(u),P3(u)u_xxx,0.0573,-0.0285
Allen_Cahn,u^5,u^4u_xxx,P5(u),P4(u)u_xxx,-0.03,0.0701
Allen_Cahn,u^5,u^5u_xxx,P5(u),P5(u)u_xxx,0.0482,0.0068
Allen_Cahn,u^5,u^6u_xxx,P5(u),P6(u)u_xxx,-0.0108,-0.0605
Allen_Cahn,u^5,u_xxxx,P5(u),P0(u)u_xxxx,0.0545,0.0866
Allen_Cahn,u^5,uu_xxxx,P5(u),P1(u)u_xxxx,0.0485,0.01
Allen_Cahn,u^5,u^2u_xxxx,P5(u),P2(u)u_xxxx,0.9024,0.8202
Allen_Cahn,u^5,u^3u_xxxx,P5(u),P3(u)u_xxxx,0.1421,-0.1899
Allen_Cahn,u^5,u^4u_xxxx,P5(u),P4(u)u_xxxx,0.9779,-0.9347
Allen_Cahn,u^5,u^5u_xxxx,P5(u),P5(u)u_xxxx,0.1372,0.2032
Allen_Cahn,u^5,u^6u_xxxx,P5(u),P6(u)u_xxxx,0.9871,0.921
Allen_Cahn,u^5,u_xxxxx,P5(u),P0(u)u_xxxxx,0.0077,-0.0134
Allen_Cahn,u^5,uu_xxxxx,P5(u),P1(u)u_xxxxx,-0.0012,-0.0092
Allen_Cahn,u^5,u^2u_xxxxx,P5(u),P2(u)u_xxxxx,0.0132,0.0164
Allen_Cahn,u^5,u^3u_xxxxx,P5(u),P3(u)u_xxxxx,0.0061,0.0142
Allen_Cahn,u^5,u^4u_xxxxx,P5(u),P4(u)u_xxxxx,0.0023,-0.0295
Allen_Cahn,u^5,u^5u_xxxxx,P5(u),P5(u)u_xxxxx,0.0041,-0.0101
Allen_Cahn,u^5,u^6u_xxxxx,P5(u),P6(u)u_xxxxx,-0.0087,0.0349
Allen_Cahn,u^5,u_xxxxxx,P5(u),P0(u)u_xxxxxx,-0.0111,-0.009
Allen_Cahn,u^5,uu_xxxxxx,P5(u),P1(u)u_xxxxxx,-0.0253,0.0002
Allen_Cahn,u^5,u^2u_xxxxxx,P5(u),P2(u)u_xxxxxx,-0.8986,-0.8239
Allen_Cahn,u^5,u^3u_xxxxxx,P5(u),P3(u)u_xxxxxx,-0.1372,0.183
Allen_Cahn,u^5,u^4u_xxxxxx,P5(u),P4(u)u_xxxxxx,-0.975,0.9373
Allen_Cahn,u^5,u^5u_xxxxxx,P5(u),P5(u)u_xxxxxx,-0.1353,-0.1997
Allen_Cahn,u^5,u^6u_xxxxxx,P5(u),P6(u)u_xxxxxx,-0.9829,-0.9136
Allen_Cahn,u^6,u_x,P6(u),P0(u)u_x,0.0028,-0.014
Allen_Cahn,u^6,uu_x,P6(u),P1(u)u_x,-0.0079,-0.0029
Allen_Cahn,u^6,u^2u_x,P6(u),P2(u)u_x,0.0027,0.0148
Allen_Cahn,u^6,u^3u_x,P6(u),P3(u)u_x,-0.0059,0.0022
Allen_Cahn,u^6,u^4u_x,P6(u),P4(u)u_x,0.0023,-0.0158
Allen_Cahn,u^6,u^5u_x,P6(u),P5(u)u_x,-0.0027,-0.001
Allen_Cahn,u^6,u^6u_x,P6(u),P6(u)u_x,-0.0002,0.0129
Allen_Cahn,u^6,u_xx,P6(u),P0(u)u_xx,-0.2406,-0.2024
Allen_Cahn,u^6,uu_xx,P6(u),P1(u)u_xx,-0.5432,-0.5181
Allen_Cahn,u^6,u^2u_xx,P6(u),P2(u)u_xx,-0.0906,0.262
Allen_Cahn,u^6,u^3u_xx,P6(u),P3(u)u_xx,-0.9318,-0.725
Allen_Cahn,u^6,u^4u_xx,P6(u),P4(u)u_xx,-0.1222,-0.1959
Allen_Cahn,u^6,u^5u_xx,P6(u),P5(u)u_xx,-0.9805,0.9037
Allen_Cahn,u^6,u^6u_xx,P6(u),P6(u)u_xx,-0.1367,0.1815
Allen_Cahn,u^6,u_xxx,P6(u),P0(u)u_xxx,0.0442,0.0495
Allen_Cahn,u^6,uu_xxx,P6(u),P1(u)u_xxx,-0.045,-0.0992
Allen_Cahn,u^6,u^2u_xxx,P6(u),P2(u)u_xxx,0.0495,-0.0334
Allen_Cahn,u^6,u^3u_xxx,P6(u),P3(u)u_xxx,-0.0346,0.0973
Allen_Cahn,u^6,u^4u_xxx,P6(u),P4(u)u_xxx,0.0397,-0.001
Allen_Cahn,u^6,u^5u_xxx,P6(u),P5(u)u_xxx,-0.0187,-0.0597
Allen_Cahn,u^6,u^6u_xxx,P6(u),P6(u)u_xxx,0.0383,0.0378
Allen_Cahn,u^6,u_xxxx,P6(u),P0(u)u_xxxx,0.0409,0.0387
Allen_Cahn,u^6,uu_xxxx,P6(u),P1(u)u_xxxx,0.1485,0.1194
Allen_Cahn,u^6,u^2u_xxxx,P6(u),P2(u)u_xxxx,0.0613,-0.1686
Allen_Cahn,u^6,u^3u_xxxx,P6(u),P3(u)u_xxxx,0.9155,0.8104
Allen_Cahn,u^6,u^4u_xxxx,P6(u),P4(u)u_xxxx,0.1084,0.1722
Allen_Cahn,u^6,u^5u_xxxx,P6(u),P5(u)u_xxxx,0.97,-0.9266
Allen_Cahn,u^6,u^6u_xxxx,P6(u),P6(u)u_xxxx,0.1282,-0.1743
Allen_Cahn,u^6,u_xxxxx,P6(u),P0(u)u_xxxxx,-0.0002,-0.0005
Allen_Cahn,u^6,uu_xxxxx,P6(u),P1(u)u_xxxxx,0.016,0.0209
Allen_Cahn,u^6,u^2u_xxxxx,P6(u),P2(u)u_xxxxx,0.0049,0.0016
Allen_Cahn,u^6,u^3u_xxxxx,P6(u),P3(u)u_xxxxx,0.0151,-0.0274
Allen_Cahn,u^6,u^4u_xxxxx,P6(u),P4(u)u_xxxxx,0.0054,0.0019
Allen_Cahn,u^6,u^5u_xxxxx,P6(u),P5(u)u_xxxxx,0.0058,0.0172
Allen_Cahn,u^6,u^6u_xxxxx,P6(u),P6(u)u_xxxxx,-0.001,-0.0172
Allen_Cahn,u^6,u_xxxxxx,P6(u),P0(u)u_xxxxxx,-0.0044,-0.0015
Allen_Cahn,u^6,uu_xxxxxx,P6(u),P1(u)u_xxxxxx,-0.1119,-0.0884
Allen_Cahn,u^6,u^2u_xxxxxx,P6(u),P2(u)u_xxxxxx,-0.0586,0.1604
Allen_Cahn,u^6,u^3u_xxxxxx,P6(u),P3(u)u_xxxxxx,-0.9062,-0.8107
Allen_Cahn,u^6,u^4u_xxxxxx,P6(u),P4(u)u_xxxxxx,-0.1075,-0.1697
Allen_Cahn,u^6,u^5u_xxxxxx,P6(u),P5(u)u_xxxxxx,-0.9625,0.9265
Allen_Cahn,u^6,u^6u_xxxxxx,P6(u),P6(u)u_xxxxxx,-0.1281,0.1736
Allen_Cahn,u_x,uu_x,P0(u)u_x,P1(u)u_x,0.3684,0.1544
Allen_Cahn,u_x,u^2u_x,P0(u)u_x,P2(u)u_x,0.9077,-0.9913
Allen_Cahn,u_x,u^3u_x,P0(u)u_x,P3(u)u_x,0.3276,-0.1663
Allen_Cahn,u_x,u^4u_x,P0(u)u_x,P4(u)u_x,0.8021,0.8914
Allen_Cahn,u_x,u^5u_x,P0(u)u_x,P5(u)u_x,0.2807,0.1784
Allen_Cahn,u_x,u^6u_x,P0(u)u_x,P6(u)u_x,0.7055,-0.5842
Allen_Cahn,u_x,u_xx,P0(u)u_x,P0(u)u_xx,-0.0,-0.0
Allen_Cahn,u_x,uu_xx,P0(u)u_x,P1(u)u_xx,-0.0524,-0.0505
Allen_Cahn,u_x,u^2u_xx,P0(u)u_x,P2(u)u_xx,0.0045,0.0055
Allen_Cahn,u_x,u^3u_xx,P0(u)u_x,P3(u)u_xx,-0.0111,0.0429
Allen_Cahn,u_x,u^4u_xx,P0(u)u_x,P4(u)u_xx,0.0051,-0.0087
Allen_Cahn,u_x,u^5u_xx,P0(u)u_x,P5(u)u_xx,-0.0069,-0.0292
Allen_Cahn,u_x,u^6u_xx,P0(u)u_x,P6(u)u_xx,0.0058,0.0149
Allen_Cahn,u_x,u_xxx,P0(u)u_x,P0(u)u_xxx,-0.6876,-0.6876
Allen_Cahn,u_x,uu_xxx,P0(u)u_x,P1(u)u_xxx,-0.2795,-0.159
Allen_Cahn,u_x,u^2u_xxx,P0(u)u_x,P2(u)u_xxx,-0.3277,0.7162
Allen_Cahn,u_x,u^3u_xxx,P0(u)u_x,P3(u)u_xxx,-0.1474,0.1699
Allen_Cahn,u_x,u^4u_xxx,P0(u)u_x,P4(u)u_xxx,-0.0869,-0.6014
Allen_Cahn,u_x,u^5u_xxx,P0(u)u_x,P5(u)u_xxx,-0.0569,-0.1398
Allen_Cahn,u_x,u^6u_xxx,P0(u)u_x,P6(u)u_xxx,-0.0026,0.3341
Allen_Cahn,u_x,u_xxxx,P0(u)u_x,P0(u)u_xxxx,0.0,0.0
Allen_Cahn,u_x,uu_xxxx,P0(u)u_x,P1(u)u_xxxx,0.0035,0.0025
Allen_Cahn,u_x,u^2u_xxxx,P0(u)u_x,P2(u)u_xxxx,-0.0016,-0.0005
Allen_Cahn,u_x,u^3u_xxxx,P0(u)u_x,P3(u)u_xxxx,-0.0019,-0.0157
Allen_Cahn,u_x,u^4u_xxxx,P0(u)u_x,P4(u)u_xxxx,-0.0028,0.003
Allen_Cahn,u_x,u^5u_xxxx,P0(u)u_x,P5(u)u_xxxx,-0.0006,0.0189
Allen_Cahn,u_x,u^6u_xxxx,P0(u)u_x,P6(u)u_xxxx,-0.0035,-0.0076
Allen_Cahn,u_x,u_xxxxx,P0(u)u_x,P0(u)u_xxxxx,0.1112,0.1112
Allen_Cahn,u_x,uu_xxxxx,P0(u)u_x,P1(u)u_xxxxx,0.0106,-0.0033
Allen_Cahn,u_x,u^2u_xxxxx,P0(u)u_x,P2(u)u_xxxxx,-0.0199,-0.1559
Allen_Cahn,u_x,u^3u_xxxxx,P0(u)u_x,P3(u)u_xxxxx,-0.0128,-0.0027
Allen_Cahn,u_x,u^4u_xxxxx,P0(u)u_x,P4(u)u_xxxxx,-0.0378,0.1324
Allen_Cahn,u_x,u^5u_xxxxx,P0(u)u_x,P5(u)u_xxxxx,-0.0234,0.0078
Allen_Cahn,u_x,u^6u_xxxxx,P0(u)u_x,P6(u)u_xxxxx,-0.0322,-0.0607
Allen_Cahn,u_x,u_xxxxxx,P0(u)u_x,P0(u)u_xxxxxx,-0.0,-0.0
Allen_Cahn,u_x,uu_xxxxxx,P0(u)u_x,P1(u)u_xxxxxx,0.0008,0.0015
Allen_Cahn,u_x,u^2u_xxxxxx,P0(u)u_x,P2(u)u_xxxxxx,0.0005,-0.0007
Allen_Cahn,u_x,u^3u_xxxxxx,P0(u)u_x,P3(u)u_xxxxxx,0.0023,0.0139
Allen_Cahn,u_x,u^4u_xxxxxx,P0(u)u_x,P4(u)u_xxxxxx,0.0017,-0.0017
Allen_Cahn,u_x,u^5u_xxxxxx,P0(u)u_x,P5(u)u_xxxxxx,0.0004,-0.0176
Allen_Cahn,u_x,u^6u_xxxxxx,P0(u)u_x,P6(u)u_xxxxxx,0.0022,0.0061
Allen_Cahn,uu_x,u^2u_x,P1(u)u_x,P2(u)u_x,0.4299,-0.1456
Allen_Cahn,uu_x,u^3u_x,P1(u)u_x,P3(u)u_x,0.9515,-0.9916
Allen_Cahn,uu_x,u^4u_x,P1(u)u_x,P4(u)u_x,0.3922,0.1006
Allen_Cahn,uu_x,u^5u_x,P1(u)u_x,P5(u)u_x,0.8632,0.9298
Allen_Cahn,uu_x,u^6u_x,P1(u)u_x,P6(u)u_x,0.3332,0.0067
Allen_Cahn,uu_x,u_xx,P1(u)u_x,P0(u)u_xx,-0.073,-0.0794
Allen_Cahn,uu_x,uu_xx,P1(u)u_x,P1(u)u_xx,0.0598,0.0894
Allen_Cahn,uu_x,u^2u_xx,P1(u)u_x,P2(u)u_xx,-0.0135,0.0089
Allen_Cahn,uu_x,u^3u_xx,P1(u)u_x,P3(u)u_xx,0.0187,-0.0411
Allen_Cahn,uu_x,u^4u_xx,P1(u)u_x,P4(u)u_xx,-0.0095,0.0132
Allen_Cahn,uu_x,u^5u_xx,P1(u)u_x,P5(u)u_xx,0.0144,0.0112
Allen_Cahn,uu_x,u^6u_xx,P1(u)u_x,P6(u)u_xx,-0.0086,-0.0204
Allen_Cahn,uu_x,u_xxx,P1(u)u_x,P0(u)u_xxx,-0.4009,-0.2544
Allen_Cahn,uu_x,uu_xxx,P1(u)u_x,P1(u)u_xxx,-0.427,-0.3424
Allen_Cahn,uu_x,u^2u_xxx,P1(u)u_x,P2(u)u_xxx,-0.3259,0.2157
Allen_Cahn,uu_x,u^3u_xxx,P1(u)u_x,P3(u)u_xxx,-0.2004,0.4364
Allen_Cahn,uu_x,u^4u_xxx,P1(u)u_x,P4(u)u_xxx,-0.1546,-0.1113
Allen_Cahn,uu_x,u^5u_xxx,P1(u)u_x,P5(u)u_xxx,-0.0637,-0.41
Allen_Cahn,uu_x,u^6u_xxx,P1(u)u_x,P6(u)u_xxx,-0.0635,0.0032
Allen_Cahn,uu_x,u_xxxx,P1(u)u_x,P0(u)u_xxxx,-0.0009,-0.0014
Allen_Cahn,uu_x,uu_xxxx,P1(u)u_x,P1(u)u_xxxx,-0.0253,-0.0292
Allen_Cahn,uu_x,u^2u_xxxx,P1(u)u_x,P2(u)u_xxxx,0.0027,0.013
Allen_Cahn,uu_x,u^3u_xxxx,P1(u)u_x,P3(u)u_xxxx,-0.0103,0.0061
Allen_Cahn,uu_x,u^4u_xxxx,P1(u)u_x,P4(u)u_xxxx,0.003,-0.0153
Allen_Cahn,uu_x,u^5u_xxxx,P1(u)u_x,P5(u)u_xxxx,-0.0095,0.0005
Allen_Cahn,uu_x,u^6u_xxxx,P1(u)u_x,P6(u)u_xxxx,0.0035,0.0157
Allen_Cahn,uu_x,u_xxxxx,P1(u)u_x,P0(u)u_xxxxx,0.0464,0.0204
Allen_Cahn,uu_x,uu_xxxxx,P1(u)u_x,P1(u)u_xxxxx,0.041,0.0401
Allen_Cahn,uu_x,u^2u_xxxxx,P1(u)u_x,P2(u)u_xxxxx,-0.0042,-0.0294
Allen_Cahn,uu_x,u^3u_xxxxx,P1(u)u_x,P3(u)u_xxxxx,0.0024,-0.0669
Allen_Cahn,uu_x,u^4u_xxxxx,P1(u)u_x,P4(u)u_xxxxx,-0.0181,0.0253
Allen_Cahn,uu_x,u^5u_xxxxx,P1(u)u_x,P5(u)u_xxxxx,-0.0105,0.0611
Allen_Cahn,uu_x,u^6u_xxxxx,P1(u)u_x,P6(u)u_xxxxx,-0.0204,-0.0062
Allen_Cahn,uu_x,u_xxxxxx,P1(u)u_x,P0(u)u_xxxxxx,0.0006,0.0004
Allen_Cahn,uu_x,uu_xxxxxx,P1(u)u_x,P1(u)u_xxxxxx,0.0094,0.0103
Allen_Cahn,uu_x,u^2u_xxxxxx,P1(u)u_x,P2(u)u_xxxxxx,-0.0031,-0.0125
Allen_Cahn,uu_x,u^3u_xxxxxx,P1(u)u_x,P3(u)u_xxxxxx,0.0064,0.0005
Allen_Cahn,uu_x,u^4u_xxxxxx,P1(u)u_x,P4(u)u_xxxxxx,-0.0033,0.0152
Allen_Cahn,uu_x,u^5u_xxxxxx,P1(u)u_x,P5(u)u_xxxxxx,0.007,-0.0031
Allen_Cahn,uu_x,u^6u_xxxxxx,P1(u)u_x,P6(u)u_xxxxxx,-0.0037,-0.0159
Allen_Cahn,u^2u_x,u^3u_x,P2(u)u_x,P3(u)u_x,0.4159,0.158
Allen_Cahn,u^2u_x,u^4u_x,P2(u)u_x,P4(u)u_x,0.9682,-0.9426
Allen_Cahn,u^2u_x,u^5u_x,P2(u)u_x,P5(u)u_x,0.3702,-0.1727
Allen_Cahn,u^2u_x,u^6u_x,P2(u)u_x,P6(u)u_x,0.8966,0.6781
Allen_Cahn,u^2u_x,u_xx,P2(u)u_x,P0(u)u_xx,0.0309,0.0137
Allen_Cahn,u^2u_x,uu_xx,P2(u)u_x,P1(u)u_xx,-0.0529,0.0445
Allen_Cahn,u^2u_x,u^2u_xx,P2(u)u_x,P2(u)u_xx,0.0088,-0.0085
Allen_Cahn,u^2u_x,u^3u_xx,P2(u)u_x,P3(u)u_xx,-0.0106,-0.04
Allen_Cahn,u^2u_x,u^4u_xx,P2(u)u_x,P4(u)u_xx,0.0079,0.0083
Allen_Cahn,u^2u_x,u^5u_xx,P2(u)u_x,P5(u)u_xx,-0.0069,0.0281
Allen_Cahn,u^2u_x,u^6u_xx,P2(u)u_x,P6(u)u_xx,0.0084,-0.0135
Allen_Cahn,u^2u_x,u_xxx,P2(u)u_x,P0(u)u_xxx,-0.5604,0.7036
Allen_Cahn,u^2u_x,uu_xxx,P2(u)u_x,P1(u)u_xxx,-0.3175,0.1413
Allen_Cahn,u^2u_x,u^2u_xxx,P2(u)u_x,P2(u)u_xxx,-0.3535,-0.7417
Allen_Cahn,u^2u_x,u^3u_xxx,P2(u)u_x,P3(u)u_xxx,-0.192,-0.1543
Allen_Cahn,u^2u_x,u^4u_xxx,P2(u)u_x,P4(u)u_xxx,-0.1314,0.6431
Allen_Cahn,u^2u_x,u^5u_xxx,P2(u)u_x,P5(u)u_xxx,-0.0885,0.1316
Allen_Cahn,u^2u_x,u^6u_xxx,P2(u)u_x,P6(u)u_xxx,-0.0343,-0.3787
Allen_Cahn,u^2u_x,u_xxxx,P2(u)u_x,P0(u)u_xxxx,-0.0155,-0.005
Allen_Cahn,u^2u_x,uu_xxxx,P2(u)u_x,P1(u)u_xxxx,-0.0023,-0.0035
Allen_Cahn,u^2u_x,u^2u_xxxx,P2(u)u_x,P2(u)u_xxxx,-0.0035,-0.0001
Allen_Cahn,u^2u_x,u^3u_xxxx,P2(u)u_x,P3(u)u_xxxx,-0.0049,0.016
Allen_Cahn,u^2u_x,u^4u_xxxx,P2(u)u_x,P4(u)u_xxxx,-0.0042,-0.0019
Allen_Cahn,u^2u_x,u^5u_xxxx,P2(u)u_x,P5(u)u_xxxx,-0.0022,-0.0189
Allen_Cahn,u^2u_x,u^6u_xxxx,P2(u)u_x,P6(u)u_xxxx,-0.0049,0.0062
Allen_Cahn,u^2u_x,u_xxxxx,P2(u)u_x,P0(u)u_xxxxx,0.086,-0.1134
Allen_Cahn,u^2u_x,uu_xxxxx,P2(u)u_x,P1(u)u_xxxxx,0.0105,0.0022
Allen_Cahn,u^2u_x,u^2u_xxxxx,P2(u)u_x,P2(u)u_xxxxx,0.0021,0.1653
Allen_Cahn,u^2u_x,u^3u_xxxxx,P2(u)u_x,P3(u)u_xxxxx,-0.0077,0.0038
Allen_Cahn,u^2u_x,u^4u_xxxxx,P2(u)u_x,P4(u)u_xxxxx,-0.0109,-0.1473
Allen_Cahn,u^2u_x,u^5u_xxxxx,P2(u)u_x,P5(u)u_xxxxx,-0.0174,-0.0085
Allen_Cahn,u^2u_x,u^6u_xxxxx,P2(u)u_x,P6(u)u_xxxxx,-0.0097,0.0702
Allen_Cahn,u^2u_x,u_xxxxxx,P2(u)u_x,P0(u)u_xxxxxx,0.002,0.0003
Allen_Cahn,u^2u_x,uu_xxxxxx,P2(u)u_x,P1(u)u_xxxxxx,0.0031,-0.0009
Allen_Cahn,u^2u_x,u^2u_xxxxxx,P2(u)u_x,P2(u)u_xxxxxx,0.0013,0.0019
Allen_Cahn,u^2u_x,u^3u_xxxxxx,P2(u)u_x,P3(u)u_xxxxxx,0.0044,-0.014
Allen_Cahn,u^2u_x,u^4u_xxxxxx,P2(u)u_x,P4(u)u_xxxxxx,0.0023,0.0005
Allen_Cahn,u^2u_x,u^5u_xxxxxx,P2(u)u_x,P5(u)u_xxxxxx,0.0017,0.0175
Allen_Cahn,u^2u_x,u^6u_xxxxxx,P2(u)u_x,P6(u)u_xxxxxx,0.003,-0.0048
Allen_Cahn,u^3u_x,u^4u_x,P3(u)u_x,P4(u)u_x,0.4058,-0.1128
Allen_Cahn,u^3u_x,u^5u_x,P3(u)u_x,P5(u)u_x,0.9704,-0.968
Allen_Cahn,u^3u_x,u^6u_x,P3(u)u_x,P6(u)u_x,0.364,0.0013
Allen_Cahn,u^3u_x,u_xx,P3(u)u_x,P0(u)u_xx,-0.0702,0.0769
Allen_Cahn,u^3u_x,uu_xx,P3(u)u_x,P1(u)u_xx,0.0566,-0.0839
Allen_Cahn,u^3u_x,u^2u_xx,P3(u)u_x,P2(u)u_xx,-0.0117,-0.0075
Allen_Cahn,u^3u_x,u^3u_xx,P3(u)u_x,P3(u)u_xx,0.0168,0.0392
Allen_Cahn,u^3u_x,u^4u_xx,P3(u)u_x,P4(u)u_xx,-0.0077,-0.0137
Allen_Cahn,u^3u_x,u^5u_xx,P3(u)u_x,P5(u)u_xx,0.013,-0.0112
Allen_Cahn,u^3u_x,u^6u_xx,P3(u)u_x,P6(u)u_xx,-0.007,0.0202
Allen_Cahn,u^3u_x,u_xxx,P3(u)u_x,P0(u)u_xxx,-0.3584,0.2587
Allen_Cahn,u^3u_x,uu_xxx,P3(u)u_x,P1(u)u_xxx,-0.3788,0.3442
Allen_Cahn,u^3u_x,u^2u_xxx,P3(u)u_x,P2(u)u_xxx,-0.3196,-0.2222
Allen_Cahn,u^3u_x,u^3u_xxx,P3(u)u_x,P3(u)u_xxx,-0.2338,-0.4596
Allen_Cahn,u^3u_x,u^4u_xxx,P3(u)u_x,P4(u)u_xxx,-0.1748,0.1181
Allen_Cahn,u^3u_x,u^5u_xxx,P3(u)u_x,P5(u)u_xxx,-0.1199,0.4532
Allen_Cahn,u^3u_x,u^6u_xxx,P3(u)u_x,P6(u)u_xxx,-0.0877,-0.005
Allen_Cahn,u^3u_x,u_xxxx,P3(u)u_x,P0(u)u_xxxx,-0.0022,0.0018
Allen_Cahn,u^3u_x,uu_xxxx,P3(u)u_x,P1(u)u_xxxx,-0.0233,0.0288
Allen_Cahn,u^3u_x,u^2u_xxxx,P3(u)u_x,P2(u)u_xxxx,0.0005,-0.0137
Allen_Cahn,u^3u_x,u^3u_xxxx,P3(u)u_x,P3(u)u_xxxx,-0.0076,-0.0066
Allen_Cahn,u^3u_x,u^4u_xxxx,P3(u)u_x,P4(u)u_xxxx,0.0007,0.0158
Allen_Cahn,u^3u_x,u^5u_xxxx,P3(u)u_x,P5(u)u_xxxx,-0.0072,0.0004
Allen_Cahn,u^3u_x,u^6u_xxxx,P3(u)u_x,P6(u)u_xxxx,0.0014,-0.0156
Allen_Cahn,u^3u_x,u_xxxxx,P3(u)u_x,P0(u)u_xxxxx,0.0435,-0.0201
Allen_Cahn,u^3u_x,uu_xxxxx,P3(u)u_x,P1(u)u_xxxxx,0.0485,-0.0277
Allen_Cahn,u^3u_x,u^2u_xxxxx,P3(u)u_x,P2(u)u_xxxxx,0.0005,0.0283
Allen_Cahn,u^3u_x,u^3u_xxxxx,P3(u)u_x,P3(u)u_xxxxx,0.0432,0.0723
Allen_Cahn,u^3u_x,u^4u_xxxxx,P3(u)u_x,P4(u)u_xxxxx,-0.0053,-0.0224
Allen_Cahn,u^3u_x,u^5u_xxxxx,P3(u)u_x,P5(u)u_xxxxx,0.0378,-0.0829
Allen_Cahn,u^3u_x,u^6u_xxxxx,P3(u)u_x,P6(u)u_xxxxx,-0.0059,0.0026
Allen_Cahn,u^3u_x,u_xxxxxx,P3(u)u_x,P0(u)u_xxxxxx,0.0014,-0.0009
Allen_Cahn,u^3u_x,uu_xxxxxx,P3(u)u_x,P1(u)u_xxxxxx,0.0059,-0.0119
Allen_Cahn,u^3u_x,u^2u_xxxxxx,P3(u)u_x,P2(u)u_xxxxxx,-0.0011,0.0131
Allen_Cahn,u^3u_x,u^3u_xxxxxx,P3(u)u_x,P3(u)u_xxxxxx,0.0029,0.0006
Allen_Cahn,u^3u_x,u^4u_xxxxxx,P3(u)u_x,P4(u)u_xxxxxx,-0.0012,-0.0155
Allen_Cahn,u^3u_x,u^5u_xxxxxx,P3(u)u_x,P5(u)u_xxxxxx,0.0041,0.002
Allen_Cahn,u^3u_x,u^6u_xxxxxx,P3(u)u_x,P6(u)u_xxxxxx,-0.0017,0.0155
Allen_Cahn,u^4u_x,u^5u_x,P4(u)u_x,P5(u)u_x,0.3815,0.1333
Allen_Cahn,u^4u_x,u^6u_x,P4(u)u_x,P6(u)u_x,0.9742,-0.878
Allen_Cahn,u^4u_x,u_xx,P4(u)u_x,P0(u)u_xx,0.0378,-0.0478
Allen_Cahn,u^4u_x,uu_xx,P4(u)u_x,P1(u)u_xx,-0.054,-0.0269
Allen_Cahn,u^4u_x,u^2u_xx,P4(u)u_x,P2(u)u_xx,0.009,0.0161
Allen_Cahn,u^4u_x,u^3u_xx,P4(u)u_x,P3(u)u_xx,-0.0107,0.03
Allen_Cahn,u^4u_x,u^4u_xx,P4(u)u_x,P4(u)u_xx,0.0078,-0.0071
Allen_Cahn,u^4u_x,u^5u_xx,P4(u)u_x,P5(u)u_xx,-0.007,-0.0235
Allen_Cahn,u^4u_x,u^6u_xx,P4(u)u_x,P6(u)u_xx,0.0084,0.0095
Allen_Cahn,u^4u_x,u_xxx,P4(u)u_x,P0(u)u_xxx,-0.4631,-0.6896
Allen_Cahn,u^4u_x,uu_xxx,P4(u)u_x,P1(u)u_xxx,-0.2946,-0.0805
Allen_Cahn,u^4u_x,u^2u_xxx,P4(u)u_x,P2(u)u_xxx,-0.3436,0.7442
Allen_Cahn,u^4u_x,u^3u_xxx,P4(u)u_x,P3(u)u_xxx,-0.2056,0.0945
Allen_Cahn,u^4u_x,u^4u_xxx,P4(u)u_x,P4(u)u_xxx,-0.1836,-0.7031
Allen_Cahn,u^4u_x,u^5u_xxx,P4(u)u_x,P5(u)u_xxx,-0.1175,-0.0918
Allen_Cahn,u^4u_x,u^6u_xxx,P4(u)u_x,P6(u)u_xxx,-0.1034,0.4842
Allen_Cahn,u^4u_x,u_xxxx,P4(u)u_x,P0(u)u_xxxx,-0.0184,0.0188
Allen_Cahn,u^4u_x,uu_xxxx,P4(u)u_x,P1(u)u_xxxx,-0.0021,0.0065
Allen_Cahn,u^4u_x,u^2u_xxxx,P4(u)u_x,P2(u)u_xxxx,-0.0031,0.001
Allen_Cahn,u^4u_x,u^3u_xxxx,P4(u)u_x,P3(u)u_xxxx,-0.0058,-0.0159
Allen_Cahn,u^4u_x,u^4u_xxxx,P4(u)u_x,P4(u)u_xxxx,-0.0034,-0.0006
Allen_Cahn,u^4u_x,u^5u_xxxx,P4(u)u_x,P5(u)u_xxxx,-0.003,0.0177
Allen_Cahn,u^4u_x,u^6u_xxxx,P4(u)u_x,P6(u)u_xxxx,-0.0044,-0.0031
Allen_Cahn,u^4u_x,u_xxxxx,P4(u)u_x,P0(u)u_xxxxx,0.0698,0.1132
Allen_Cahn,u^4u_x,uu_xxxxx,P4(u)u_x,P1(u)u_xxxxx,0.0113,-0.0007
Allen_Cahn,u^4u_x,u^2u_xxxxx,P4(u)u_x,P2(u)u_xxxxx,0.0288,-0.1699
Allen_Cahn,u^4u_x,u^3u_xxxxx,P4(u)u_x,P3(u)u_xxxxx,0.0068,-0.003
Allen_Cahn,u^4u_x,u^4u_xxxxx,P4(u)u_x,P4(u)u_xxxxx,0.0412,0.1746
Allen_Cahn,u^4u_x,u^5u_xxxxx,P4(u)u_x,P5(u)u_xxxxx,0.0036,0.0064
Allen_Cahn,u^4u_x,u^6u_xxxxx,P4(u)u_x,P6(u)u_xxxxx,0.0488,-0.103
Allen_Cahn,u^4u_x,u_xxxxxx,P4(u)u_x,P0(u)u_xxxxxx,0.001,-0.0028
Allen_Cahn,u^4u_x,uu_xxxxxx,P4(u)u_x,P1(u)u_xxxxxx,0.0022,-0.0011
Allen_Cahn,u^4u_x,u^2u_xxxxxx,P4(u)u_x,P2(u)u_xxxxxx,0.0005,-0.004
Allen_Cahn,u^4u_x,u^3u_xxxxxx,P4(u)u_x,P3(u)u_xxxxxx,0.0052,0.0135
Allen_Cahn,u^4u_x,u^4u_xxxxxx,P4(u)u_x,P4(u)u_xxxxxx,0.0012,0.002
Allen_Cahn,u^4u_x,u^5u_xxxxxx,P4(u)u_x,P5(u)u_xxxxxx,0.0024,-0.0163
Allen_Cahn,u^4u_x,u^6u_xxxxxx,P4(u)u_x,P6(u)u_xxxxxx,0.002,0.002
Allen_Cahn,u^5u_x,u^6u_x,P5(u)u_x,P6(u)u_x,0.3633,-0.0243
Allen_Cahn,u^5u_x,u_xx,P5(u)u_x,P0(u)u_xx,-0.0665,-0.0659
Allen_Cahn,u^5u_x,uu_xx,P5(u)u_x,P1(u)u_xx,0.0435,0.0669
Allen_Cahn,u^5u_x,u^2u_xx,P5(u)u_x,P2(u)u_xx,-0.0092,0.0062
Allen_Cahn,u^5u_x,u^3u_xx,P5(u)u_x,P3(u)u_xx,0.0113,-0.032
Allen_Cahn,u^5u_x,u^4u_xx,P5(u)u_x,P4(u)u_xx,-0.0049,0.0124
Allen_Cahn,u^5u_x,u^5u_xx,P5(u)u_x,P5(u)u_xx,0.0092,0.0099
Allen_Cahn,u^5u_x,u^6u_xx,P5(u)u_x,P6(u)u_xx,-0.004,-0.0185
Allen_Cahn,u^5u_x,u_xxx,P5(u)u_x,P0(u)u_xxx,-0.3119,-0.2525
Allen_Cahn,u^5u_x,uu_xxx,P5(u)u_x,P1(u)u_xxx,-0.3232,-0.3394
Allen_Cahn,u^5u_x,u^2u_xxx,P5(u)u_x,P2(u)u_xxx,-0.2949,0.2234
Allen_Cahn,u^5u_x,u^3u_xxx,P5(u)u_x,P3(u)u_xxx,-0.2595,0.4733
Allen_Cahn,u^5u_x,u^4u_xxx,P5(u)u_x,P4(u)u_xxx,-0.1879,-0.1291
Allen_Cahn,u^5u_x,u^5u_xxx,P5(u)u_x,P5(u)u_xxx,-0.1978,-0.5153
Allen_Cahn,u^5u_x,u^6u_xxx,P5(u)u_x,P6(u)u_xxx,-0.1181,0.0145
Allen_Cahn,u^5u_x,u_xxxx,P5(u)u_x,P0(u)u_xxxx,-0.0015,-0.003
Allen_Cahn,u^5u_x,uu_xxxx,P5(u)u_x,P1(u)u_xxxx,-0.0131,-0.0237
Allen_Cahn,u^5u_x,u^2u_xxxx,P5(u)u_x,P2(u)u_xxxx,-0.0021,0.0124
Allen_Cahn,u^5u_x,u^3u_xxxx,P5(u)u_x,P3(u)u_xxxx,-0.0019,0.0058
Allen_Cahn,u^5u_x,u^4u_xxxx,P5(u)u_x,P4(u)u_xxxx,-0.0024,-0.0143
Allen_Cahn,u^5u_x,u^5u_xxxx,P5(u)u_x,P5(u)u_xxxx,-0.0029,-0.0013
Allen_Cahn,u^5u_x,u^6u_xxxx,P5(u)u_x,P6(u)u_xxxx,-0.002,0.0144
Allen_Cahn,u^5u_x,u_xxxxx,P5(u)u_x,P0(u)u_xxxxx,0.0416,0.0183
Allen_Cahn,u^5u_x,uu_xxxxx,P5(u)u_x,P1(u)u_xxxxx,0.0478,0.0107
Allen_Cahn,u^5u_x,u^2u_xxxxx,P5(u)u_x,P2(u)u_xxxxx,0.0064,-0.0261
Allen_Cahn,u^5u_x,u^3u_xxxxx,P5(u)u_x,P3(u)u_xxxxx,0.0847,-0.0699
Allen_Cahn,u^5u_x,u^4u_xxxxx,P5(u)u_x,P4(u)u_xxxxx,0.0125,0.0203
Allen_Cahn,u^5u_x,u^5u_xxxxx,P5(u)u_x,P5(u)u_xxxxx,0.1066,0.1188
Allen_Cahn,u^5u_x,u^6u_xxxxx,P5(u)u_x,P6(u)u_xxxxx,0.0183,0.0006
Allen_Cahn,u^5u_x,u_xxxxxx,P5(u)u_x,P0(u)u_xxxxxx,0.0029,0.002
Allen_Cahn,u^5u_x,uu_xxxxxx,P5(u)u_x,P1(u)u_xxxxxx,-0.0033,0.0111
Allen_Cahn,u^5u_x,u^2u_xxxxxx,P5(u)u_x,P2(u)u_xxxxxx,0.0017,-0.0116
Allen_Cahn,u^5u_x,u^3u_xxxxxx,P5(u)u_x,P3(u)u_xxxxxx,-0.003,-0.001
Allen_Cahn,u^5u_x,u^4u_xxxxxx,P5(u)u_x,P4(u)u_xxxxxx,0.002,0.0138
Allen_Cahn,u^5u_x,u^5u_xxxxxx,P5(u)u_x,P5(u)u_xxxxxx,-0.0006,-0.0007
Allen_Cahn,u^5u_x,u^6u_xxxxxx,P5(u)u_x,P6(u)u_xxxxxx,0.0018,-0.0139
Allen_Cahn,u^6u_x,u_xx,P6(u)u_x,P0(u)u_xx,0.0358,0.0831
Allen_Cahn,u^6u_x,uu_xx,P6(u)u_x,P1(u)u_xx,-0.0556,0.0024
Allen_Cahn,u^6u_x,u^2u_xx,P6(u)u_x,P2(u)u_xx,0.0066,-0.0235
Allen_Cahn,u^6u_x,u^3u_xx,P6(u)u_x,P3(u)u_xx,-0.01,-0.0111
Allen_Cahn,u^6u_x,u^4u_xx,P6(u)u_x,P4(u)u_xx,0.0053,0.0054
Allen_Cahn,u^6u_x,u^5u_xx,P6(u)u_x,P5(u)u_xx,-0.0055,0.0121
Allen_Cahn,u^6u_x,u^6u_xx,P6(u)u_x,P6(u)u_xx,0.0064,-0.0045
Allen_Cahn,u^6u_x,u_xxx,P6(u)u_x,P0(u)u_xxx,-0.3866,0.5364
Allen_Cahn,u^6u_x,uu_xxx,P6(u)u_x,P1(u)u_xxx,-0.2592,-0.0271
Allen_Cahn,u^6u_x,u^2u_xxx,P6(u)u_x,P2(u)u_xxx,-0.3241,-0.5967
Allen_Cahn,u^6u_x,u^3u_xxx,P6(u)u_x,P3(u)u_xxx,-0.2088,0.0221
Allen_Cahn,u^6u_x,u^4u_xxx,P6(u)u_x,P4(u)u_xxx,-0.2417,0.6457
Allen_Cahn,u^6u_x,u^5u_xxx,P6(u)u_x,P5(u)u_xxx,-0.1477,-0.0019
Allen_Cahn,u^6u_x,u^6u_xxx,P6(u)u_x,P6(u)u_xxx,-0.2035,-0.5751
Allen_Cahn,u^6u_x,u_xxxx,P6(u)u_x,P0(u)u_xxxx,-0.0146,-0.0337
Allen_Cahn,u^6u_x,uu_xxxx,P6(u)u_x,P1(u)u_xxxx,0.0002,-0.0106
Allen_Cahn,u^6u_x,u^2u_xxxx,P6(u)u_x,P2(u)u_xxxx,-0.0004,-0.0014
Allen_Cahn,u^6u_x,u^3u_xxxx,P6(u)u_x,P3(u)u_xxxx,-0.007,0.0118
Allen_Cahn,u^6u_x,u^4u_xxxx,P6(u)u_x,P4(u)u_xxxx,-0.0005,0.0022
Allen_Cahn,u^6u_x,u^5u_xxxx,P6(u)u_x,P5(u)u_xxxx,-0.0052,-0.012
Allen_Cahn,u^6u_x,u^6u_xxxx,P6(u)u_x,P6(u)u_xxxx,-0.0018,0.0011
Allen_Cahn,u^6u_x,u_xxxxx,P6(u)u_x,P0(u)u_xxxxx,0.0543,-0.0994
Allen_Cahn,u^6u_x,uu_xxxxx,P6(u)u_x,P1(u)u_xxxxx,0.0108,0.0019
Allen_Cahn,u^6u_x,u^2u_xxxxx,P6(u)u_x,P2(u)u_xxxxx,0.0491,0.1369
Allen_Cahn,u^6u_x,u^3u_xxxxx,P6(u)u_x,P3(u)u_xxxxx,0.0223,-0.0049
Allen_Cahn,u^6u_x,u^4u_xxxxx,P6(u)u_x,P4(u)u_xxxxx,0.1007,-0.1684
Allen_Cahn,u^6u_x,u^5u_xxxxx,P6(u)u_x,P5(u)u_xxxxx,0.031,0.005
Allen_Cahn,u^6u_x,u^6u_xxxxx,P6(u)u_x,P6(u)u_xxxxx,0.1316,0.1535
Allen_Cahn,u^6u_x,u_xxxxxx,P6(u)u_x,P0(u)u_xxxxxx,-0.0023,0.0068
Allen_Cahn,u^6u_x,uu_xxxxxx,P6(u)u_x,P1(u)u_xxxxxx,0.0009,0.005
Allen_Cahn,u^6u_x,u^2u_xxxxxx,P6(u)u_x,P2(u)u_xxxxxx,-0.0023,0.0054
Allen_Cahn,u^6u_x,u^3u_xxxxxx,P6(u)u_x,P3(u)u_xxxxxx,0.0066,-0.0093
Allen_Cahn,u^6u_x,u^4u_xxxxxx,P6(u)u_x,P4(u)u_xxxxxx,-0.002,-0.0033
Allen_Cahn,u^6u_x,u^5u_xxxxxx,P6(u)u_x,P5(u)u_xxxxxx,0.0048,0.0105
Allen_Cahn,u^6u_x,u^6u_xxxxxx,P6(u)u_x,P6(u)u_xxxxxx,-0.0009,-0.001
Allen_Cahn,u_xx,uu_xx,P0(u)u_xx,P1(u)u_xx,0.285,0.1511
Allen_Cahn,u_xx,u^2u_xx,P0(u)u_xx,P2(u)u_xx,0.6971,0.393
Allen_Cahn,u_xx,u^3u_xx,P0(u)u_xx,P3(u)u_xx,0.3453,0.0777
Allen_Cahn,u_xx,u^4u_xx,P0(u)u_xx,P4(u)u_xx,0.6136,-0.6069
Allen_Cahn,u_xx,u^5u_xx,P0(u)u_xx,P5(u)u_xx,0.2911,-0.1596
Allen_Cahn,u_xx,u^6u_xx,P0(u)u_xx,P6(u)u_xx,0.5512,0.5873
Allen_Cahn,u_xx,u_xxx,P0(u)u_xx,P0(u)u_xxx,0.0,0.0
Allen_Cahn,u_xx,uu_xxx,P0(u)u_xx,P1(u)u_xxx,-0.0178,-0.0172
Allen_Cahn,u_xx,u^2u_xxx,P0(u)u_xx,P2(u)u_xxx,0.0189,0.0131
Allen_Cahn,u_xx,u^3u_xxx,P0(u)u_xx,P3(u)u_xxx,-0.028,0.0003
Allen_Cahn,u_xx,u^4u_xxx,P0(u)u_xx,P4(u)u_xxx,0.0155,-0.0261
Allen_Cahn,u_xx,u^5u_xxx,P0(u)u_xx,P5(u)u_xxx,-0.028,0.0134
Allen_Cahn,u_xx,u^6u_xxx,P0(u)u_xx,P6(u)u_xxx,0.0064,0.0128
Allen_Cahn,u_xx,u_xxxx,P0(u)u_xx,P0(u)u_xxxx,-0.4611,-0.4611
Allen_Cahn,u_xx,uu_xxxx,P0(u)u_xx,P1(u)u_xxxx,-0.0342,0.0049
Allen_Cahn,u_xx,u^2u_xxxx,P0(u)u_xx,P2(u)u_xxxx,-0.6677,-0.5787
Allen_Cahn,u_xx,u^3u_xxxx,P0(u)u_xx,P3(u)u_xxxx,-0.3215,-0.1345
Allen_Cahn,u_xx,u^4u_xxxx,P0(u)u_xx,P4(u)u_xxxx,-0.6008,0.6531
Allen_Cahn,u_xx,u^5u_xxxx,P0(u)u_xx,P5(u)u_xxxx,-0.2761,0.1754
Allen_Cahn,u_xx,u^6u_xxxx,P0(u)u_xx,P6(u)u_xxxx,-0.5405,-0.5672
Allen_Cahn,u_xx,u_xxxxx,P0(u)u_xx,P0(u)u_xxxxx,0.0,0.0
Allen_Cahn,u_xx,uu_xxxxx,P0(u)u_xx,P1(u)u_xxxxx,0.0133,0.0118
Allen_Cahn,u_xx,u^2u_xxxxx,P0(u)u_xx,P2(u)u_xxxxx,-0.0093,-0.0153
Allen_Cahn,u_xx,u^3u_xxxxx,P0(u)u_xx,P3(u)u_xxxxx,0.008,-0.0097
Allen_Cahn,u_xx,u^4u_xxxxx,P0(u)u_xx,P4(u)u_xxxxx,-0.0025,0.0327
Allen_Cahn,u_xx,u^5u_xxxxx,P0(u)u_xx,P5(u)u_xxxxx,0.0062,0.0041
Allen_Cahn,u_xx,u^6u_xxxxx,P0(u)u_xx,P6(u)u_xxxxx,0.0027,-0.0255
Allen_Cahn,u_xx,u_xxxxxx,P0(u)u_xx,P0(u)u_xxxxxx,0.3157,0.3157
Allen_Cahn,u_xx,uu_xxxxxx,P0(u)u_xx,P1(u)u_xxxxxx,0.0208,-0.0084
Allen_Cahn,u_xx,u^2u_xxxxxx,P0(u)u_xx,P2(u)u_xxxxxx,0.6651,0.5882
Allen_Cahn,u_xx,u^3u_xxxxxx,P0(u)u_xx,P3(u)u_xxxxxx,0.3193,0.1348
Allen_Cahn,u_xx,u^4u_xxxxxx,P0(u)u_xx,P4(u)u_xxxxxx,0.5993,-0.6563
Allen_Cahn,u_xx,u^5u_xxxxxx,P0(u)u_xx,P5(u)u_xxxxxx,0.2745,-0.176
Allen_Cahn,u_xx,u^6u_xxxxxx,P0(u)u_xx,P6(u)u_xxxxxx,0.5384,0.5623
Allen_Cahn,uu_xx,u^2u_xx,P1(u)u_xx,P2(u)u_xx,0.2164,0.0639
Allen_Cahn,uu_xx,u^3u_xx,P1(u)u_xx,P3(u)u_xx,0.7407,0.088
Allen_Cahn,uu_xx,u^4u_xx,P1(u)u_xx,P4(u)u_xx,0.2258,-0.0859
Allen_Cahn,uu_xx,u^5u_xx,P1(u)u_xx,P5(u)u_xx,0.6388,-0.3821
Allen_Cahn,uu_xx,u^6u_xx,P1(u)u_xx,P6(u)u_xx,0.2135,0.0231
Allen_Cahn,uu_xx,u_xxx,P1(u)u_xx,P0(u)u_xxx,0.0194,0.0201
Allen_Cahn,uu_xx,uu_xxx,P1(u)u_xx,P1(u)u_xxx,0.026,0.0268
Allen_Cahn,uu_xx,u^2u_xxx,P1(u)u_xx,P2(u)u_xxx,-0.0002,-0.0262
Allen_Cahn,uu_xx,u^3u_xxx,P1(u)u_xx,P3(u)u_xxx,0.0252,-0.0136
Allen_Cahn,uu_xx,u^4u_xxx,P1(u)u_xx,P4(u)u_xxx,-0.0121,0.0266
Allen_Cahn,uu_xx,u^5u_xxx,P1(u)u_xx,P5(u)u_xxx,0.0234,-0.0004
Allen_Cahn,uu_xx,u^6u_xxx,P1(u)u_xx,P6(u)u_xxx,-0.0177,-0.021
Allen_Cahn,uu_xx,u_xxxx,P1(u)u_xx,P0(u)u_xxxx,-0.0856,-0.0225
Allen_Cahn,uu_xx,uu_xxxx,P1(u)u_xx,P1(u)u_xxxx,-0.7552,-0.7828
Allen_Cahn,uu_xx,u^2u_xxxx,P1(u)u_xx,P2(u)u_xxxx,-0.1943,-0.0945
Allen_Cahn,uu_xx,u^3u_xxxx,P1(u)u_xx,P3(u)u_xxxx,-0.7381,-0.2304
Allen_Cahn,uu_xx,u^4u_xxxx,P1(u)u_xx,P4(u)u_xxxx,-0.2164,0.0873
Allen_Cahn,uu_xx,u^5u_xxxx,P1(u)u_xx,P5(u)u_xxxx,-0.6348,0.4105
Allen_Cahn,uu_xx,u^6u_xxxx,P1(u)u_xx,P6(u)u_xxxx,-0.2071,-0.0072
Allen_Cahn,uu_xx,u_xxxxx,P1(u)u_xx,P0(u)u_xxxxx,-0.0221,-0.0221
Allen_Cahn,uu_xx,uu_xxxxx,P1(u)u_xx,P1(u)u_xxxxx,-0.0219,-0.0223
Allen_Cahn,uu_xx,u^2u_xxxxx,P1(u)u_xx,P2(u)u_xxxxx,-0.0054,0.0245
Allen_Cahn,uu_xx,u^3u_xxxxx,P1(u)u_xx,P3(u)u_xxxxx,-0.0168,0.0134
Allen_Cahn,uu_xx,u^4u_xxxxx,P1(u)u_xx,P4(u)u_xxxxx,0.0016,-0.0176
Allen_Cahn,uu_xx,u^5u_xxxxx,P1(u)u_xx,P5(u)u_xxxxx,-0.0128,0.0045
Allen_Cahn,uu_xx,u^6u_xxxxx,P1(u)u_xx,P6(u)u_xxxxx,0.0067,0.011
Allen_Cahn,uu_xx,u_xxxxxx,P1(u)u_xx,P0(u)u_xxxxxx,0.0521,0.0089
Allen_Cahn,uu_xx,uu_xxxxxx,P1(u)u_xx,P1(u)u_xxxxxx,0.6774,0.7071
Allen_Cahn,uu_xx,u^2u_xxxxxx,P1(u)u_xx,P2(u)u_xxxxxx,0.1929,0.0957
Allen_Cahn,uu_xx,u^3u_xxxxxx,P1(u)u_xx,P3(u)u_xxxxxx,0.7318,0.2454
Allen_Cahn,uu_xx,u^4u_xxxxxx,P1(u)u_xx,P4(u)u_xxxxxx,0.2163,-0.0871
Allen_Cahn,uu_xx,u^5u_xxxxxx,P1(u)u_xx,P5(u)u_xxxxxx,0.6319,-0.4155
Allen_Cahn,uu_xx,u^6u_xxxxxx,P1(u)u_xx,P6(u)u_xxxxxx,0.2069,0.0043
Allen_Cahn,u^2u_xx,u^3u_xx,P2(u)u_xx,P3(u)u_xx,0.1566,-0.4079
Allen_Cahn,u^2u_xx,u^4u_xx,P2(u)u_xx,P4(u)u_xx,0.9698,-0.9297
Allen_Cahn,u^2u_xx,u^5u_xx,P2(u)u_xx,P5(u)u_xx,0.1273,0.3481
Allen_Cahn,u^2u_xx,u^6u_xx,P2(u)u_xx,P6(u)u_xx,0.9188,0.6374
Allen_Cahn,u^2u_xx,u_xxx,P2(u)u_xx,P0(u)u_xxx,0.0017,-0.0002
Allen_Cahn,u^2u_xx,uu_xxx,P2(u)u_xx,P1(u)u_xxx,-0.0611,-0.0682
Allen_Cahn,u^2u_xx,u^2u_xxx,P2(u)u_xx,P2(u)u_xxx,0.0389,0.019
Allen_Cahn,u^2u_xx,u^3u_xxx,P2(u)u_xx,P3(u)u_xxx,-0.0558,0.0616
Allen_Cahn,u^2u_xx,u^4u_xxx,P2(u)u_xx,P4(u)u_xxx,0.0274,-0.0529
Allen_Cahn,u^2u_xx,u^5u_xxx,P2(u)u_xx,P5(u)u_xxx,-0.044,-0.0369
Allen_Cahn,u^2u_xx,u^6u_xxx,P2(u)u_xx,P6(u)u_xxx,0.0105,0.0605
Allen_Cahn,u^2u_xx,u_xxxx,P2(u)u_xx,P0(u)u_xxxx,-0.1226,0.0794
Allen_Cahn,u^2u_xx,uu_xxxx,P2(u)u_xx,P1(u)u_xxxx,-0.0516,-0.0264
Allen_Cahn,u^2u_xx,u^2u_xxxx,P2(u)u_xx,P2(u)u_xxxx,-0.9942,-0.9635
Allen_Cahn,u^2u_xx,u^3u_xxxx,P2(u)u_xx,P3(u)u_xxxx,-0.1277,0.3238
Allen_Cahn,u^2u_xx,u^4u_xxxx,P2(u)u_xx,P4(u)u_xxxx,-0.9698,0.8791
Allen_Cahn,u^2u_xx,u^5u_xxxx,P2(u)u_xx,P5(u)u_xxxx,-0.1121,-0.3108
Allen_Cahn,u^2u_xx,u^6u_xxxx,P2(u)u_xx,P6(u)u_xxxx,-0.9157,-0.5377
Allen_Cahn,u^2u_xx,u_xxxxx,P2(u)u_xx,P0(u)u_xxxxx,-0.0029,-0.0016
Allen_Cahn,u^2u_xx,uu_xxxxx,P2(u)u_xx,P1(u)u_xxxxx,0.004,-0.0018
Allen_Cahn,u^2u_xx,u^2u_xxxxx,P2(u)u_xx,P2(u)u_xxxxx,-0.0108,-0.002
Allen_Cahn,u^2u_xx,u^3u_xxxxx,P2(u)u_xx,P3(u)u_xxxxx,-0.0024,-0.0059
Allen_Cahn,u^2u_xx,u^4u_xxxxx,P2(u)u_xx,P4(u)u_xxxxx,0.0008,0.0228
Allen_Cahn,u^2u_xx,u^5u_xxxxx,P2(u)u_xx,P5(u)u_xxxxx,-0.0025,0.008
Allen_Cahn,u^2u_xx,u^6u_xxxxx,P2(u)u_xx,P6(u)u_xxxxx,0.0098,-0.0293
Allen_Cahn,u^2u_xx,u_xxxxxx,P2(u)u_xx,P0(u)u_xxxxxx,0.0537,-0.0954
Allen_Cahn,u^2u_xx,uu_xxxxxx,P2(u)u_xx,P1(u)u_xxxxxx,0.0291,0.0084
Allen_Cahn,u^2u_xx,u^2u_xxxxxx,P2(u)u_xx,P2(u)u_xxxxxx,0.9914,0.9533
Allen_Cahn,u^2u_xx,u^3u_xxxxxx,P2(u)u_xx,P3(u)u_xxxxxx,0.1237,-0.3111
Allen_Cahn,u^2u_xx,u^4u_xxxxxx,P2(u)u_xx,P4(u)u_xxxxxx,0.9675,-0.8697
Allen_Cahn,u^2u_xx,u^5u_xxxxxx,P2(u)u_xx,P5(u)u_xxxxxx,0.1108,0.3034
Allen_Cahn,u^2u_xx,u^6u_xxxxxx,P2(u)u_xx,P6(u)u_xxxxxx,0.9121,0.5212
Allen_Cahn,u^3u_xx,u^4u_xx,P3(u)u_xx,P4(u)u_xx,0.1814,0.322
Allen_Cahn,u^3u_xx,u^5u_xx,P3(u)u_xx,P5(u)u_xx,0.9773,-0.9227
Allen_Cahn,u^3u_xx,u^6u_xx,P3(u)u_xx,P6(u)u_xx,0.185,-0.2189
Allen_Cahn,u^3u_xx,u_xxx,P3(u)u_xx,P0(u)u_xxx,-0.0404,-0.0738
Allen_Cahn,u^3u_xx,uu_xxx,P3(u)u_xx,P1(u)u_xxx,0.0619,0.1083
Allen_Cahn,u^3u_xx,u^2u_xxx,P3(u)u_xx,P2(u)u_xxx,-0.0446,0.0561
Allen_Cahn,u^3u_xx,u^3u_xxx,P3(u)u_xx,P3(u)u_xxx,0.0458,-0.1128
Allen_Cahn,u^3u_xx,u^4u_xxx,P3(u)u_xx,P4(u)u_xxx,-0.0363,-0.0137
Allen_Cahn,u^3u_xx,u^5u_xxx,P3(u)u_xx,P5(u)u_xxx,0.026,0.078
Allen_Cahn,u^3u_xx,u^6u_xxx,P3(u)u_xx,P6(u)u_xxx,-0.0344,-0.0292
Allen_Cahn,u^3u_xx,u_xxxx,P3(u)u_xx,P0(u)u_xxxx,-0.066,-0.0255
Allen_Cahn,u^3u_xx,uu_xxxx,P3(u)u_xx,P1(u)u_xxxx,-0.3076,0.2487
Allen_Cahn,u^3u_xx,u^2u_xxxx,P3(u)u_xx,P2(u)u_xxxx,-0.1201,0.3208
Allen_Cahn,u^3u_xx,u^3u_xxxx,P3(u)u_xx,P3(u)u_xxxx,-0.9902,-0.9655
Allen_Cahn,u^3u_xx,u^4u_xxxx,P3(u)u_xx,P4(u)u_xxxx,-0.1658,-0.2868
Allen_Cahn,u^3u_xx,u^5u_xxxx,P3(u)u_xx,P5(u)u_xxxx,-0.9712,0.8872
Allen_Cahn,u^3u_xx,u^6u_xxxx,P3(u)u_xx,P6(u)u_xxxx,-0.1758,0.1866
Allen_Cahn,u^3u_xx,u_xxxxx,P3(u)u_xx,P0(u)u_xxxxx,-0.0053,0.0085
Allen_Cahn,u^3u_xx,uu_xxxxx,P3(u)u_xx,P1(u)u_xxxxx,-0.025,-0.0162
Allen_Cahn,u^3u_xx,u^2u_xxxxx,P3(u)u_xx,P2(u)u_xxxxx,-0.0051,-0.0121
Allen_Cahn,u^3u_xx,u^3u_xxxxx,P3(u)u_xx,P3(u)u_xxxxx,-0.0188,0.0262
Allen_Cahn,u^3u_xx,u^4u_xxxxx,P3(u)u_xx,P4(u)u_xxxxx,-0.0024,0.0069
Allen_Cahn,u^3u_xx,u^5u_xxxxx,P3(u)u_xx,P5(u)u_xxxxx,-0.0079,-0.0182
Allen_Cahn,u^3u_xx,u^6u_xxxxx,P3(u)u_xx,P6(u)u_xxxxx,0.0038,0.0088
Allen_Cahn,u^3u_xx,u_xxxxxx,P3(u)u_xx,P0(u)u_xxxxxx,0.0164,-0.0042
Allen_Cahn,u^3u_xx,uu_xxxxxx,P3(u)u_xx,P1(u)u_xxxxxx,0.2566,-0.241
Allen_Cahn,u^3u_xx,u^2u_xxxxxx,P3(u)u_xx,P2(u)u_xxxxxx,0.1173,-0.311
Allen_Cahn,u^3u_xx,u^3u_xxxxxx,P3(u)u_xx,P3(u)u_xxxxxx,0.9822,0.9514
Allen_Cahn,u^3u_xx,u^4u_xxxxxx,P3(u)u_xx,P4(u)u_xxxxxx,0.1651,0.2818
Allen_Cahn,u^3u_xx,u^5u_xxxxxx,P3(u)u_xx,P5(u)u_xxxxxx,0.9656,-0.8771
Allen_Cahn,u^3u_xx,u^6u_xxxxxx,P3(u)u_xx,P6(u)u_xxxxxx,0.1758,-0.1816
Allen_Cahn,u^4u_xx,u^5u_xx,P4(u)u_xx,P5(u)u_xx,0.1582,-0.2691
Allen_Cahn,u^4u_xx,u^6u_xx,P4(u)u_xx,P6(u)u_xx,0.9859,-0.8576
Allen_Cahn,u^4u_xx,u_xxx,P4(u)u_xx,P0(u)u_xxx,0.0134,0.0256
Allen_Cahn,u^4u_xx,uu_xxx,P4(u)u_xx,P1(u)u_xxx,-0.0616,0.0514
Allen_Cahn,u^4u_xx,u^2u_xxx,P4(u)u_xx,P2(u)u_xxx,0.0453,-0.0418
Allen_Cahn,u^4u_xx,u^3u_xxx,P4(u)u_xx,P3(u)u_xxx,-0.0566,-0.0416
Allen_Cahn,u^4u_xx,u^4u_xxx,P4(u)u_xx,P4(u)u_xxx,0.0315,0.0659
Allen_Cahn,u^4u_xx,u^5u_xxx,P4(u)u_xx,P5(u)u_xxx,-0.0467,0.0175
Allen_Cahn,u^4u_xx,u^6u_xxx,P4(u)u_xx,P6(u)u_xxx,0.0125,-0.0635
Allen_Cahn,u^4u_xx,u_xxxx,P4(u)u_xx,P0(u)u_xxxx,-0.0892,0.0383
Allen_Cahn,u^4u_xx,uu_xxxx,P4(u)u_xx,P1(u)u_xxxx,-0.0579,0.023
Allen_Cahn,u^4u_xx,u^2u_xxxx,P4(u)u_xx,P2(u)u_xxxx,-0.9563,0.9694
Allen_Cahn,u^4u_xx,u^3u_xxxx,P4(u)u_xx,P3(u)u_xxxx,-0.153,-0.243
Allen_Cahn,u^4u_xx,u^4u_xxxx,P4(u)u_xx,P4(u)u_xxxx,-0.9975,-0.9896
Allen_Cahn,u^4u_xx,u^5u_xxxx,P4(u)u_xx,P5(u)u_xxxx,-0.1433,0.2381
Allen_Cahn,u^4u_xx,u^6u_xxxx,P4(u)u_xx,P6(u)u_xxxx,-0.9826,0.782
Allen_Cahn,u^4u_xx,u_xxxxx,P4(u)u_xx,P0(u)u_xxxxx,-0.0075,-0.0065
Allen_Cahn,u^4u_xx,uu_xxxxx,P4(u)u_xx,P1(u)u_xxxxx,0.0006,-0.0022
Allen_Cahn,u^4u_xx,u^2u_xxxxx,P4(u)u_xx,P2(u)u_xxxxx,-0.014,0.0113
Allen_Cahn,u^4u_xx,u^3u_xxxxx,P4(u)u_xx,P3(u)u_xxxxx,-0.0055,0.0083
Allen_Cahn,u^4u_xx,u^4u_xxxxx,P4(u)u_xx,P4(u)u_xxxxx,-0.0021,-0.0296
Allen_Cahn,u^4u_xx,u^5u_xxxxx,P4(u)u_xx,P5(u)u_xxxxx,-0.0037,-0.0067
Allen_Cahn,u^4u_xx,u^6u_xxxxx,P4(u)u_xx,P6(u)u_xxxxx,0.0084,0.0354
Allen_Cahn,u^4u_xx,u_xxxxxx,P4(u)u_xx,P0(u)u_xxxxxx,0.0352,0.0177
Allen_Cahn,u^4u_xx,uu_xxxxxx,P4(u)u_xx,P1(u)u_xxxxxx,0.0341,-0.0072
Allen_Cahn,u^4u_xx,u^2u_xxxxxx,P4(u)u_xx,P2(u)u_xxxxxx,0.9531,-0.9654
Allen_Cahn,u^4u_xx,u^3u_xxxxxx,P4(u)u_xx,P3(u)u_xxxxxx,0.1485,0.2325
Allen_Cahn,u^4u_xx,u^4u_xxxxxx,P4(u)u_xx,P4(u)u_xxxxxx,0.9953,0.985
Allen_Cahn,u^4u_xx,u^5u_xxxxxx,P4(u)u_xx,P5(u)u_xxxxxx,0.1418,-0.232
Allen_Cahn,u^4u_xx,u^6u_xxxxxx,P4(u)u_xx,P6(u)u_xxxxxx,0.9793,-0.7673
Allen_Cahn,u^5u_xx,u^6u_xx,P5(u)u_xx,P6(u)u_xx,0.1697,0.2144
Allen_Cahn,u^5u_xx,u_xxx,P5(u)u_xx,P0(u)u_xxx,-0.0434,0.0615
Allen_Cahn,u^5u_xx,uu_xxx,P5(u)u_xx,P1(u)u_xxx,0.0542,-0.1089
Allen_Cahn,u^5u_xx,u^2u_xxx,P5(u)u_xx,P2(u)u_xxx,-0.0474,-0.0433
Allen_Cahn,u^5u_xx,u^3u_xxx,P5(u)u_xx,P3(u)u_xxx,0.0408,0.1092
Allen_Cahn,u^5u_xx,u^4u_xxx,P5(u)u_xx,P4(u)u_xxx,-0.0383,0.0034
Allen_Cahn,u^5u_xx,u^5u_xxx,P5(u)u_xx,P5(u)u_xxx,0.0226,-0.0724
Allen_Cahn,u^5u_xx,u^6u_xxx,P5(u)u_xx,P6(u)u_xxx,-0.0367,0.0364
Allen_Cahn,u^5u_xx,u_xxxx,P5(u)u_xx,P0(u)u_xxxx,-0.0525,0.0374
Allen_Cahn,u^5u_xx,uu_xxxx,P5(u)u_xx,P1(u)u_xxxx,-0.2277,-0.0075
Allen_Cahn,u^5u_xx,u^2u_xxxx,P5(u)u_xx,P2(u)u_xxxx,-0.0945,-0.251
Allen_Cahn,u^5u_xx,u^3u_xxxx,P5(u)u_xx,P3(u)u_xxxx,-0.9667,0.9509
Allen_Cahn,u^5u_xx,u^4u_xxxx,P5(u)u_xx,P4(u)u_xxxx,-0.1439,0.2378
Allen_Cahn,u^5u_xx,u^5u_xxxx,P5(u)u_xx,P5(u)u_xxxx,-0.9949,-0.9903
Allen_Cahn,u^5u_xx,u^6u_xxxx,P5(u)u_xx,P6(u)u_xxxx,-0.1616,-0.1932
Allen_Cahn,u^5u_xx,u_xxxxx,P5(u)u_xx,P0(u)u_xxxxx,-0.0024,0.001
Allen_Cahn,u^5u_xx,uu_xxxxx,P5(u)u_xx,P1(u)u_xxxxx,-0.022,0.0223
Allen_Cahn,u^5u_xx,u^2u_xxxxx,P5(u)u_xx,P2(u)u_xxxxx,-0.0056,0.0008
Allen_Cahn,u^5u_xx,u^3u_xxxxx,P5(u)u_xx,P3(u)u_xxxxx,-0.0172,-0.0294
Allen_Cahn,u^5u_xx,u^4u_xxxxx,P5(u)u_xx,P4(u)u_xxxxx,-0.004,0.0014
Allen_Cahn,u^5u_xx,u^5u_xxxxx,P5(u)u_xx,P5(u)u_xxxxx,-0.0068,0.0191
Allen_Cahn,u^5u_xx,u^6u_xxxxx,P5(u)u_xx,P6(u)u_xxxxx,0.0028,-0.0142
Allen_Cahn,u^5u_xx,u_xxxxxx,P5(u)u_xx,P0(u)u_xxxxxx,0.0104,-0.0002
Allen_Cahn,u^5u_xx,uu_xxxxxx,P5(u)u_xx,P1(u)u_xxxxxx,0.186,0.0236
Allen_Cahn,u^5u_xx,u^2u_xxxxxx,P5(u)u_xx,P2(u)u_xxxxxx,0.0918,0.2412
Allen_Cahn,u^5u_xx,u^3u_xxxxxx,P5(u)u_xx,P3(u)u_xxxxxx,0.9591,-0.9437
Allen_Cahn,u^5u_xx,u^4u_xxxxxx,P5(u)u_xx,P4(u)u_xxxxxx,0.1433,-0.2336
Allen_Cahn,u^5u_xx,u^5u_xxxxxx,P5(u)u_xx,P5(u)u_xxxxxx,0.9896,0.9846
Allen_Cahn,u^5u_xx,u^6u_xxxxxx,P5(u)u_xx,P6(u)u_xxxxxx,0.1619,0.1898
Allen_Cahn,u^6u_xx,u_xxx,P6(u)u_xx,P0(u)u_xxx,0.0168,-0.0761
Allen_Cahn,u^6u_xx,uu_xxx,P6(u)u_xx,P1(u)u_xxx,-0.0613,-0.0155
Allen_Cahn,u^6u_xx,u^2u_xxx,P6(u)u_xx,P2(u)u_xxx,0.0437,0.0807
Allen_Cahn,u^6u_xx,u^3u_xxx,P6(u)u_xx,P3(u)u_xxx,-0.0569,0.0073
Allen_Cahn,u^6u_xx,u^4u_xxx,P6(u)u_xx,P4(u)u_xxx,0.0303,-0.0791
Allen_Cahn,u^6u_xx,u^5u_xxx,P6(u)u_xx,P5(u)u_xxx,-0.0481,0.0107
Allen_Cahn,u^6u_xx,u^6u_xxx,P6(u)u_xx,P6(u)u_xxx,0.0115,0.0608
Allen_Cahn,u^6u_xx,u_xxxx,P6(u)u_xx,P0(u)u_xxxx,-0.0732,-0.0706
Allen_Cahn,u^6u_xx,uu_xxxx,P6(u)u_xx,P1(u)u_xxxx,-0.0581,-0.0084
Allen_Cahn,u^6u_xx,u^2u_xxxx,P6(u)u_xx,P2(u)u_xxxx,-0.9025,-0.7401
Allen_Cahn,u^6u_xx,u^3u_xxxx,P6(u)u_xx,P3(u)u_xxxx,-0.1589,0.1832
Allen_Cahn,u^6u_xx,u^4u_xxxx,P6(u)u_xx,P4(u)u_xxxx,-0.9826,0.9034
Allen_Cahn,u^6u_xx,u^5u_xxxx,P6(u)u_xx,P5(u)u_xxxx,-0.156,-0.2043
Allen_Cahn,u^6u_xx,u^6u_xxxx,P6(u)u_xx,P6(u)u_xxxx,-0.9976,-0.9857
Allen_Cahn,u^6u_xx,u_xxxxx,P6(u)u_xx,P0(u)u_xxxxx,-0.0088,0.0209
Allen_Cahn,u^6u_xx,uu_xxxxx,P6(u)u_xx,P1(u)u_xxxxx,-0.0008,0.0043
Allen_Cahn,u^6u_xx,u^2u_xxxxx,P6(u)u_xx,P2(u)u_xxxxx,-0.0138,-0.0219
Allen_Cahn,u^6u_xx,u^3u_xxxxx,P6(u)u_xx,P3(u)u_xxxxx,-0.0069,-0.0101
Allen_Cahn,u^6u_xx,u^4u_xxxxx,P6(u)u_xx,P4(u)u_xxxxx,-0.0027,0.0302
Allen_Cahn,u^6u_xx,u^5u_xxxxx,P6(u)u_xx,P5(u)u_xxxxx,-0.0042,0.0047
Allen_Cahn,u^6u_xx,u^6u_xxxxx,P6(u)u_xx,P6(u)u_xxxxx,0.0077,-0.0364
Allen_Cahn,u^6u_xx,u_xxxxxx,P6(u)u_xx,P0(u)u_xxxxxx,0.0282,0.0005
Allen_Cahn,u^6u_xx,uu_xxxxxx,P6(u)u_xx,P1(u)u_xxxxxx,0.0351,0.0013
Allen_Cahn,u^6u_xx,u^2u_xxxxxx,P6(u)u_xx,P2(u)u_xxxxxx,0.8994,0.7437
Allen_Cahn,u^6u_xx,u^3u_xxxxxx,P6(u)u_xx,P3(u)u_xxxxxx,0.1543,-0.1776
Allen_Cahn,u^6u_xx,u^4u_xxxxxx,P6(u)u_xx,P4(u)u_xxxxxx,0.9808,-0.9065
Allen_Cahn,u^6u_xx,u^5u_xxxxxx,P6(u)u_xx,P5(u)u_xxxxxx,0.1546,0.2013
Allen_Cahn,u^6u_xx,u^6u_xxxxxx,P6(u)u_xx,P6(u)u_xxxxxx,0.9949,0.9782
Allen_Cahn,u_xxx,uu_xxx,P0(u)u_xxx,P1(u)u_xxx,0.2963,0.1147
Allen_Cahn,u_xxx,u^2u_xxx,P0(u)u_xxx,P2(u)u_xxx,0.647,-0.9479
Allen_Cahn,u_xxx,u^3u_xxx,P0(u)u_xxx,P3(u)u_xxx,0.155,-0.146
Allen_Cahn,u_xxx,u^4u_xxx,P0(u)u_xxx,P4(u)u_xxx,0.3051,0.6996
Allen_Cahn,u_xxx,u^5u_xxx,P0(u)u_xxx,P5(u)u_xxx,0.0678,0.1428
Allen_Cahn,u_xxx,u^6u_xxx,P0(u)u_xxx,P6(u)u_xxx,0.1374,-0.3733
Allen_Cahn,u_xxx,u_xxxx,P0(u)u_xxx,P0(u)u_xxxx,-0.0,-0.0
Allen_Cahn,u_xxx,uu_xxxx,P0(u)u_xxx,P1(u)u_xxxx,-0.0214,-0.0205
Allen_Cahn,u_xxx,u^2u_xxxx,P0(u)u_xxx,P2(u)u_xxxx,0.0008,0.0024
Allen_Cahn,u_xxx,u^3u_xxxx,P0(u)u_xxx,P3(u)u_xxxx,0.0459,0.0603
Allen_Cahn,u_xxx,u^4u_xxxx,P0(u)u_xxx,P4(u)u_xxxx,-0.0129,-0.0291
Allen_Cahn,u_xxx,u^5u_xxxx,P0(u)u_xxx,P5(u)u_xxxx,0.0453,-0.0548
Allen_Cahn,u_xxx,u^6u_xxxx,P0(u)u_xxx,P6(u)u_xxxx,-0.0169,0.0782
Allen_Cahn,u_xxx,u_xxxxx,P0(u)u_xxx,P0(u)u_xxxxx,-0.623,-0.623
Allen_Cahn,u_xxx,uu_xxxxx,P0(u)u_xxx,P1(u)u_xxxxx,-0.0879,-0.0155
Allen_Cahn,u_xxx,u^2u_xxxxx,P0(u)u_xxx,P2(u)u_xxxxx,-0.3082,0.5682
Allen_Cahn,u_xxx,u^3u_xxxxx,P0(u)u_xxx,P3(u)u_xxxxx,-0.0367,0.0308
Allen_Cahn,u_xxx,u^4u_xxxxx,P0(u)u_xxx,P4(u)u_xxxxx,-0.1475,-0.2774
Allen_Cahn,u_xxx,u^5u_xxxxx,P0(u)u_xxx,P5(u)u_xxxxx,-0.013,-0.0356
Allen_Cahn,u_xxx,u^6u_xxxxx,P0(u)u_xxx,P6(u)u_xxxxx,-0.0701,0.0811
Allen_Cahn,u_xxx,u_xxxxxx,P0(u)u_xxx,P0(u)u_xxxxxx,0.0,0.0
Allen_Cahn,u_xxx,uu_xxxxxx,P0(u)u_xxx,P1(u)u_xxxxxx,0.0202,0.0195
Allen_Cahn,u_xxx,u^2u_xxxxxx,P0(u)u_xxx,P2(u)u_xxxxxx,-0.0002,-0.0017
Allen_Cahn,u_xxx,u^3u_xxxxxx,P0(u)u_xxx,P3(u)u_xxxxxx,-0.0451,-0.0588
Allen_Cahn,u_xxx,u^4u_xxxxxx,P0(u)u_xxx,P4(u)u_xxxxxx,0.0136,0.0285
Allen_Cahn,u_xxx,u^5u_xxxxxx,P0(u)u_xxx,P5(u)u_xxxxxx,-0.0442,0.0531
Allen_Cahn,u_xxx,u^6u_xxxxxx,P0(u)u_xxx,P6(u)u_xxxxxx,0.0176,-0.0772
Allen_Cahn,uu_xxx,u^2u_xxx,P1(u)u_xxx,P2(u)u_xxx,0.2898,-0.1212
Allen_Cahn,uu_xxx,u^3u_xxx,P1(u)u_xxx,P3(u)u_xxx,0.8045,-0.8886
Allen_Cahn,uu_xxx,u^4u_xxx,P1(u)u_xxx,P4(u)u_xxx,0.176,0.0895
Allen_Cahn,uu_xxx,u^5u_xxx,P1(u)u_xxx,P5(u)u_xxx,0.529,0.5248
Allen_Cahn,uu_xxx,u^6u_xxx,P1(u)u_xxx,P6(u)u_xxx,0.104,-0.0145
Allen_Cahn,uu_xxx,u_xxxx,P1(u)u_xxx,P0(u)u_xxxx,0.0124,0.01
Allen_Cahn,uu_xxx,uu_xxxx,P1(u)u_xxx,P1(u)u_xxxx,0.0074,0.0129
Allen_Cahn,uu_xxx,u^2u_xxxx,P1(u)u_xxx,P2(u)u_xxxx,0.0632,0.059
Allen_Cahn,uu_xxx,u^3u_xxxx,P1(u)u_xxx,P3(u)u_xxxx,-0.063,-0.1072
Allen_Cahn,uu_xxx,u^4u_xxxx,P1(u)u_xxx,P4(u)u_xxxx,0.0611,-0.0455
Allen_Cahn,uu_xxx,u^5u_xxxx,P1(u)u_xxx,P5(u)u_xxxx,-0.0557,0.1055
Allen_Cahn,uu_xxx,u^6u_xxxx,P1(u)u_xxx,P6(u)u_xxxx,0.0586,0.009
Allen_Cahn,uu_xxx,u_xxxxx,P1(u)u_xxx,P0(u)u_xxxxx,-0.1469,-0.0388
Allen_Cahn,uu_xxx,uu_xxxxx,P1(u)u_xxx,P1(u)u_xxxxx,-0.7994,-0.8266
Allen_Cahn,uu_xxx,u^2u_xxxxx,P1(u)u_xxx,P2(u)u_xxxxx,-0.1483,0.0542
Allen_Cahn,uu_xxx,u^3u_xxxxx,P1(u)u_xxx,P3(u)u_xxxxx,-0.6365,0.7129
Allen_Cahn,uu_xxx,u^4u_xxxxx,P1(u)u_xxx,P4(u)u_xxxxx,-0.1086,-0.0382
Allen_Cahn,uu_xxx,u^5u_xxxxx,P1(u)u_xxx,P5(u)u_xxxxx,-0.4302,-0.3328
Allen_Cahn,uu_xxx,u^6u_xxxxx,P1(u)u_xxx,P6(u)u_xxxxx,-0.0797,-0.0036
Allen_Cahn,uu_xxx,u_xxxxxx,P1(u)u_xxx,P0(u)u_xxxxxx,-0.0048,-0.0021
Allen_Cahn,uu_xxx,uu_xxxxxx,P1(u)u_xxx,P1(u)u_xxxxxx,0.0008,-0.0043
Allen_Cahn,uu_xxx,u^2u_xxxxxx,P1(u)u_xxx,P2(u)u_xxxxxx,-0.0619,-0.0585
Allen_Cahn,uu_xxx,u^3u_xxxxxx,P1(u)u_xxx,P3(u)u_xxxxxx,0.066,0.1035
Allen_Cahn,uu_xxx,u^4u_xxxxxx,P1(u)u_xxx,P4(u)u_xxxxxx,-0.0596,0.0443
Allen_Cahn,uu_xxx,u^5u_xxxxxx,P1(u)u_xxx,P5(u)u_xxxxxx,0.0575,-0.1046
Allen_Cahn,uu_xxx,u^6u_xxxxxx,P1(u)u_xxx,P6(u)u_xxxxxx,-0.0566,-0.0074
Allen_Cahn,u^2u_xxx,u^3u_xxx,P2(u)u_xxx,P3(u)u_xxx,0.2385,0.1418
Allen_Cahn,u^2u_xxx,u^4u_xxx,P2(u)u_xxx,P4(u)u_xxx,0.8426,-0.8633
Allen_Cahn,u^2u_xxx,u^5u_xxx,P2(u)u_xxx,P5(u)u_xxx,0.1746,-0.1329
Allen_Cahn,u^2u_xxx,u^6u_xxx,P2(u)u_xxx,P6(u)u_xxx,0.6093,0.5045
Allen_Cahn,u^2u_xxx,u_xxxx,P2(u)u_xxx,P0(u)u_xxxx,-0.0036,-0.0094
Allen_Cahn,u^2u_xxx,uu_xxxx,P2(u)u_xxx,P1(u)u_xxxx,-0.0121,0.0186
Allen_Cahn,u^2u_xxx,u^2u_xxxx,P2(u)u_xxx,P2(u)u_xxxx,-0.0364,-0.0197
Allen_Cahn,u^2u_xxx,u^3u_xxxx,P2(u)u_xxx,P3(u)u_xxxx,0.0454,-0.0425
Allen_Cahn,u^2u_xxx,u^4u_xxxx,P2(u)u_xxx,P4(u)u_xxxx,-0.0445,0.0428
Allen_Cahn,u^2u_xxx,u^5u_xxxx,P2(u)u_xxx,P5(u)u_xxxx,0.0448,0.0369
Allen_Cahn,u^2u_xxx,u^6u_xxxx,P2(u)u_xxx,P6(u)u_xxxx,-0.0432,-0.0789
Allen_Cahn,u^2u_xxx,u_xxxxx,P2(u)u_xxx,P0(u)u_xxxxx,-0.5449,0.5258
Allen_Cahn,u^2u_xxx,uu_xxxxx,P2(u)u_xxx,P1(u)u_xxxxx,-0.1672,0.0218
Allen_Cahn,u^2u_xxx,u^2u_xxxxx,P2(u)u_xxx,P2(u)u_xxxxx,-0.8199,-0.6363
Allen_Cahn,u^2u_xxx,u^3u_xxxxx,P2(u)u_xxx,P3(u)u_xxxxx,-0.1622,-0.0282
Allen_Cahn,u^2u_xxx,u^4u_xxxxx,P2(u)u_xxx,P4(u)u_xxxxx,-0.6998,0.4706
Allen_Cahn,u^2u_xxx,u^5u_xxxxx,P2(u)u_xxx,P5(u)u_xxxxx,-0.1433,0.0278
Allen_Cahn,u^2u_xxx,u^6u_xxxxx,P2(u)u_xxx,P6(u)u_xxxxx,-0.5232,-0.1958
Allen_Cahn,u^2u_xxx,u_xxxxxx,P2(u)u_xxx,P0(u)u_xxxxxx,0.0071,0.0098
Allen_Cahn,u^2u_xxx,uu_xxxxxx,P2(u)u_xxx,P1(u)u_xxxxxx,0.0159,-0.016
Allen_Cahn,u^2u_xxx,u^2u_xxxxxx,P2(u)u_xxx,P2(u)u_xxxxxx,0.0375,0.0186
Allen_Cahn,u^2u_xxx,u^3u_xxxxxx,P2(u)u_xxx,P3(u)u_xxxxxx,-0.0432,0.0408
Allen_Cahn,u^2u_xxx,u^4u_xxxxxx,P2(u)u_xxx,P4(u)u_xxxxxx,0.0454,-0.042
Allen_Cahn,u^2u_xxx,u^5u_xxxxxx,P2(u)u_xxx,P5(u)u_xxxxxx,-0.0425,-0.0355
Allen_Cahn,u^2u_xxx,u^6u_xxxxxx,P2(u)u_xxx,P6(u)u_xxxxxx,0.044,0.0775
Allen_Cahn,u^3u_xxx,u^4u_xxx,P3(u)u_xxx,P4(u)u_xxx,0.2373,-0.0904
Allen_Cahn,u^3u_xxx,u^5u_xxx,P3(u)u_xxx,P5(u)u_xxx,0.8959,-0.8078
Allen_Cahn,u^3u_xxx,u^6u_xxx,P3(u)u_xxx,P6(u)u_xxx,0.2068,0.0028
Allen_Cahn,u^3u_xxx,u_xxxx,P3(u)u_xxx,P0(u)u_xxxx,0.0152,-0.0056
Allen_Cahn,u^3u_xxx,uu_xxxx,P3(u)u_xxx,P1(u)u_xxxx,-0.0043,-0.0275
Allen_Cahn,u^3u_xxx,u^2u_xxxx,P3(u)u_xxx,P2(u)u_xxxx,0.0552,-0.0505
Allen_Cahn,u^3u_xxx,u^3u_xxxx,P3(u)u_xxx,P3(u)u_xxxx,-0.0468,0.1108
Allen_Cahn,u^3u_xxx,u^4u_xxxx,P3(u)u_xxx,P4(u)u_xxxx,0.0544,0.0366
Allen_Cahn,u^3u_xxx,u^5u_xxxx,P3(u)u_xxx,P5(u)u_xxxx,-0.0416,-0.106
Allen_Cahn,u^3u_xxx,u^6u_xxxx,P3(u)u_xxx,P6(u)u_xxxx,0.053,-0.003
Allen_Cahn,u^3u_xxx,u_xxxxx,P3(u)u_xxx,P0(u)u_xxxxx,-0.1091,0.039
Allen_Cahn,u^3u_xxx,uu_xxxxx,P3(u)u_xxx,P1(u)u_xxxxx,-0.7456,0.6704
Allen_Cahn,u^3u_xxx,u^2u_xxxxx,P3(u)u_xxx,P2(u)u_xxxxx,-0.1886,-0.0441
Allen_Cahn,u^3u_xxx,u^3u_xxxxx,P3(u)u_xxx,P3(u)u_xxxxx,-0.8995,-0.7919
Allen_Cahn,u^3u_xxx,u^4u_xxxxx,P3(u)u_xxx,P4(u)u_xxxxx,-0.2097,0.0212
Allen_Cahn,u^3u_xxx,u^5u_xxxxx,P3(u)u_xxx,P5(u)u_xxxxx,-0.8075,0.5954
Allen_Cahn,u^3u_xxx,u^6u_xxxxx,P3(u)u_xxx,P6(u)u_xxxxx,-0.1989,0.0184
Allen_Cahn,u^3u_xxx,u_xxxxxx,P3(u)u_xxx,P0(u)u_xxxxxx,-0.0104,-0.0008
Allen_Cahn,u^3u_xxx,uu_xxxxxx,P3(u)u_xxx,P1(u)u_xxxxxx,0.0142,0.0217
Allen_Cahn,u^3u_xxx,u^2u_xxxxxx,P3(u)u_xxx,P2(u)u_xxxxxx,-0.054,0.0506
Allen_Cahn,u^3u_xxx,u^3u_xxxxxx,P3(u)u_xxx,P3(u)u_xxxxxx,0.0503,-0.1083
Allen_Cahn,u^3u_xxx,u^4u_xxxxxx,P3(u)u_xxx,P4(u)u_xxxxxx,-0.053,-0.0362
Allen_Cahn,u^3u_xxx,u^5u_xxxxxx,P3(u)u_xxx,P5(u)u_xxxxxx,0.0437,0.1055
Allen_Cahn,u^3u_xxx,u^6u_xxxxxx,P3(u)u_xxx,P6(u)u_xxxxxx,-0.0511,0.0024
Allen_Cahn,u^4u_xxx,u^5u_xxx,P4(u)u_xxx,P5(u)u_xxx,0.2518,0.085
Allen_Cahn,u^4u_xxx,u^6u_xxx,P4(u)u_xxx,P6(u)u_xxx,0.9194,-0.7914
Allen_Cahn,u^4u_xxx,u_xxxx,P4(u)u_xxx,P0(u)u_xxxx,-0.0148,0.0059
Allen_Cahn,u^4u_xxx,uu_xxxx,P4(u)u_xxx,P1(u)u_xxxx,-0.008,-0.0178
Allen_Cahn,u^4u_xxx,u^2u_xxxx,P4(u)u_xxx,P2(u)u_xxxx,-0.0269,0.0511
Allen_Cahn,u^4u_xxx,u^3u_xxxx,P4(u)u_xxx,P3(u)u_xxxx,0.0333,0.0064
Allen_Cahn,u^4u_xxx,u^4u_xxxx,P4(u)u_xxx,P4(u)u_xxxx,-0.0319,-0.0632
Allen_Cahn,u^4u_xxx,u^5u_xxxx,P4(u)u_xxx,P5(u)u_xxxx,0.0339,0.0003
Allen_Cahn,u^4u_xxx,u^6u_xxxx,P4(u)u_xxx,P6(u)u_xxxx,-0.031,0.0711
Allen_Cahn,u^4u_xxx,u_xxxxx,P4(u)u_xxx,P0(u)u_xxxxx,-0.3194,-0.2911
Allen_Cahn,u^4u_xxx,uu_xxxxx,P4(u)u_xxx,P1(u)u_xxxxx,-0.1418,-0.0193
Allen_Cahn,u^4u_xxx,u^2u_xxxxx,P4(u)u_xxx,P2(u)u_xxxxx,-0.8038,0.5628
Allen_Cahn,u^4u_xxx,u^3u_xxxxx,P4(u)u_xxx,P3(u)u_xxxxx,-0.211,0.0107
Allen_Cahn,u^4u_xxx,u^4u_xxxxx,P4(u)u_xxx,P4(u)u_xxxxx,-0.9147,-0.7311
Allen_Cahn,u^4u_xxx,u^5u_xxxxx,P4(u)u_xxx,P5(u)u_xxxxx,-0.2398,-0.0087
Allen_Cahn,u^4u_xxx,u^6u_xxxxx,P4(u)u_xxx,P6(u)u_xxxxx,-0.8439,0.5162
Allen_Cahn,u^4u_xxx,u_xxxxxx,P4(u)u_xxx,P0(u)u_xxxxxx,0.0169,-0.0069
Allen_Cahn,u^4u_xxx,uu_xxxxxx,P4(u)u_xxx,P1(u)u_xxxxxx,0.0119,0.0142
Allen_Cahn,u^4u_xxx,u^2u_xxxxxx,P4(u)u_xxx,P2(u)u_xxxxxx,0.0281,-0.0498
Allen_Cahn,u^4u_xxx,u^3u_xxxxxx,P4(u)u_xxx,P3(u)u_xxxxxx,-0.0315,-0.0052
Allen_Cahn,u^4u_xxx,u^4u_xxxxxx,P4(u)u_xxx,P4(u)u_xxxxxx,0.0331,0.0624
Allen_Cahn,u^4u_xxx,u^5u_xxxxxx,P4(u)u_xxx,P5(u)u_xxxxxx,-0.0321,-0.0012
Allen_Cahn,u^4u_xxx,u^6u_xxxxxx,P4(u)u_xxx,P6(u)u_xxxxxx,0.0323,-0.0692
Allen_Cahn,u^5u_xxx,u^6u_xxx,P5(u)u_xxx,P6(u)u_xxx,0.2733,-0.0047
Allen_Cahn,u^5u_xxx,u_xxxx,P5(u)u_xxx,P0(u)u_xxxx,0.0158,-0.0012
Allen_Cahn,u^5u_xxx,uu_xxxx,P5(u)u_xxx,P1(u)u_xxxx,-0.024,0.0269
Allen_Cahn,u^5u_xxx,u^2u_xxxx,P5(u)u_xxx,P2(u)u_xxxx,0.0422,0.0275
Allen_Cahn,u^5u_xxx,u^3u_xxxx,P5(u)u_xxx,P3(u)u_xxxx,-0.0292,-0.0754
Allen_Cahn,u^5u_xxx,u^4u_xxxx,P5(u)u_xxx,P4(u)u_xxxx,0.0441,-0.0138
Allen_Cahn,u^5u_xxx,u^5u_xxxx,P5(u)u_xxx,P5(u)u_xxxx,-0.0246,0.0701
Allen_Cahn,u^5u_xxx,u^6u_xxxx,P5(u)u_xxx,P6(u)u_xxxx,0.0443,-0.0136
Allen_Cahn,u^5u_xxx,u_xxxxx,P5(u)u_xxx,P0(u)u_xxxxx,-0.0713,-0.0256
Allen_Cahn,u^5u_xxx,uu_xxxxx,P5(u)u_xxx,P1(u)u_xxxxx,-0.5298,-0.3078
Allen_Cahn,u^5u_xxx,u^2u_xxxxx,P5(u)u_xxx,P2(u)u_xxxxx,-0.1725,0.026
Allen_Cahn,u^5u_xxx,u^3u_xxxxx,P5(u)u_xxx,P3(u)u_xxxxx,-0.8459,0.5998
Allen_Cahn,u^5u_xxx,u^4u_xxxxx,P5(u)u_xxx,P4(u)u_xxxxx,-0.2434,-0.015
Allen_Cahn,u^5u_xxx,u^5u_xxxxx,P5(u)u_xxx,P5(u)u_xxxxx,-0.9311,-0.8185
Allen_Cahn,u^5u_xxx,u^6u_xxxxx,P5(u)u_xxx,P6(u)u_xxxxx,-0.2681,-0.016
Allen_Cahn,u^5u_xxx,u_xxxxxx,P5(u)u_xxx,P0(u)u_xxxxxx,-0.0156,0.0052
Allen_Cahn,u^5u_xxx,uu_xxxxxx,P5(u)u_xxx,P1(u)u_xxxxxx,0.033,-0.0261
Allen_Cahn,u^5u_xxx,u^2u_xxxxxx,P5(u)u_xxx,P2(u)u_xxxxxx,-0.0417,-0.0285
Allen_Cahn,u^5u_xxx,u^3u_xxxxxx,P5(u)u_xxx,P3(u)u_xxxxxx,0.0328,0.0745
Allen_Cahn,u^5u_xxx,u^4u_xxxxxx,P5(u)u_xxx,P4(u)u_xxxxxx,-0.0433,0.0144
Allen_Cahn,u^5u_xxx,u^5u_xxxxxx,P5(u)u_xxx,P5(u)u_xxxxxx,0.0269,-0.0701
Allen_Cahn,u^5u_xxx,u^6u_xxxxxx,P5(u)u_xxx,P6(u)u_xxxxxx,-0.0431,0.0132
Allen_Cahn,u^6u_xxx,u_xxxx,P6(u)u_xxx,P0(u)u_xxxx,-0.0189,0.0161
Allen_Cahn,u^6u_xxx,uu_xxxx,P6(u)u_xxx,P1(u)u_xxxx,-0.0039,0.016
Allen_Cahn,u^6u_xxx,u^2u_xxxx,P6(u)u_xxx,P2(u)u_xxxx,-0.0122,-0.057
Allen_Cahn,u^6u_xxx,u^3u_xxxx,P6(u)u_xxx,P3(u)u_xxxx,0.0308,0.0291
Allen_Cahn,u^6u_xxx,u^4u_xxxx,P6(u)u_xxx,P4(u)u_xxxx,-0.0145,0.0603
Allen_Cahn,u^6u_xxx,u^5u_xxxx,P6(u)u_xxx,P5(u)u_xxxx,0.0325,-0.0378
Allen_Cahn,u^6u_xxx,u^6u_xxxx,P6(u)u_xxx,P6(u)u_xxxx,-0.0139,-0.0522
Allen_Cahn,u^6u_xxx,u_xxxxx,P6(u)u_xxx,P0(u)u_xxxxx,-0.17,0.1041
Allen_Cahn,u^6u_xxx,uu_xxxxx,P6(u)u_xxx,P1(u)u_xxxxx,-0.1023,-0.0035
Allen_Cahn,u^6u_xxx,u^2u_xxxxx,P6(u)u_xxx,P2(u)u_xxxxx,-0.621,-0.2985
Allen_Cahn,u^6u_xxx,u^3u_xxxxx,P6(u)u_xxx,P3(u)u_xxxxx,-0.1993,0.0197
Allen_Cahn,u^6u_xxx,u^4u_xxxxx,P6(u)u_xxx,P4(u)u_xxxxx,-0.8691,0.6546
Allen_Cahn,u^6u_xxx,u^5u_xxxxx,P6(u)u_xxx,P5(u)u_xxxxx,-0.2656,-0.0221
Allen_Cahn,u^6u_xxx,u^6u_xxxxx,P6(u)u_xxx,P6(u)u_xxxxx,-0.9363,-0.8309
Allen_Cahn,u^6u_xxx,u_xxxxxx,P6(u)u_xxx,P0(u)u_xxxxxx,0.0194,-0.0126
Allen_Cahn,u^6u_xxx,uu_xxxxxx,P6(u)u_xxx,P1(u)u_xxxxxx,0.0053,-0.0142
Allen_Cahn,u^6u_xxx,u^2u_xxxxxx,P6(u)u_xxx,P2(u)u_xxxxxx,0.0136,0.0561
Allen_Cahn,u^6u_xxx,u^3u_xxxxxx,P6(u)u_xxx,P3(u)u_xxxxxx,-0.0301,-0.0291
Allen_Cahn,u^6u_xxx,u^4u_xxxxxx,P6(u)u_xxx,P4(u)u_xxxxxx,0.0161,-0.06
Allen_Cahn,u^6u_xxx,u^5u_xxxxxx,P6(u)u_xxx,P5(u)u_xxxxxx,-0.0314,0.0382
Allen_Cahn,u^6u_xxx,u^6u_xxxxxx,P6(u)u_xxx,P6(u)u_xxxxxx,0.0158,0.0507
Allen_Cahn,u_xxxx,uu_xxxx,P0(u)u_xxxx,P1(u)u_xxxx,0.1034,0.0183
Allen_Cahn,u_xxxx,u^2u_xxxx,P0(u)u_xxxx,P2(u)u_xxxx,0.1475,-0.0748
Allen_Cahn,u_xxxx,u^3u_xxxx,P0(u)u_xxxx,P3(u)u_xxxx,0.0745,0.0244
Allen_Cahn,u_xxxx,u^4u_xxxx,P0(u)u_xxxx,P4(u)u_xxxx,0.102,-0.0394
Allen_Cahn,u_xxxx,u^5u_xxxx,P0(u)u_xxxx,P5(u)u_xxxx,0.0552,-0.0353
Allen_Cahn,u_xxxx,u^6u_xxxx,P0(u)u_xxxx,P6(u)u_xxxx,0.081,0.0726
Allen_Cahn,u_xxxx,u_xxxxx,P0(u)u_xxxx,P0(u)u_xxxxx,0.0,0.0
Allen_Cahn,u_xxxx,uu_xxxxx,P0(u)u_xxxx,P1(u)u_xxxxx,-0.0198,-0.0166
Allen_Cahn,u_xxxx,u^2u_xxxxx,P0(u)u_xxxx,P2(u)u_xxxxx,0.0037,0.0205
Allen_Cahn,u_xxxx,u^3u_xxxxx,P0(u)u_xxxx,P3(u)u_xxxxx,-0.022,0.008
Allen_Cahn,u_xxxx,u^4u_xxxxx,P0(u)u_xxxx,P4(u)u_xxxxx,0.008,-0.0228
Allen_Cahn,u_xxxx,u^5u_xxxxx,P0(u)u_xxxx,P5(u)u_xxxxx,-0.0241,0.0093
Allen_Cahn,u_xxxx,u^6u_xxxxx,P0(u)u_xxxx,P6(u)u_xxxxx,0.0105,0.0053
Allen_Cahn,u_xxxx,u_xxxxxx,P0(u)u_xxxx,P0(u)u_xxxxxx,-0.9729,-0.9729
Allen_Cahn,u_xxxx,uu_xxxxxx,P0(u)u_xxxx,P1(u)u_xxxxxx,-0.1122,-0.0204
Allen_Cahn,u_xxxx,u^2u_xxxxxx,P0(u)u_xxxx,P2(u)u_xxxxxx,-0.158,0.0907
Allen_Cahn,u_xxxx,u^3u_xxxxxx,P0(u)u_xxxx,P3(u)u_xxxxxx,-0.0779,-0.0233
Allen_Cahn,u_xxxx,u^4u_xxxxxx,P0(u)u_xxxx,P4(u)u_xxxxxx,-0.1075,0.0353
Allen_Cahn,u_xxxx,u^5u_xxxxxx,P0(u)u_xxxx,P5(u)u_xxxxxx,-0.0563,0.0351
Allen_Cahn,u_xxxx,u^6u_xxxxxx,P0(u)u_xxxx,P6(u)u_xxxxxx,-0.0845,-0.072
Allen_Cahn,uu_xxxx,u^2u_xxxx,P1(u)u_xxxx,P2(u)u_xxxx,0.0633,0.0199
Allen_Cahn,uu_xxxx,u^3u_xxxx,P1(u)u_xxxx,P3(u)u_xxxx,0.3694,-0.2298
Allen_Cahn,uu_xxxx,u^4u_xxxx,P1(u)u_xxxx,P4(u)u_xxxx,0.0649,-0.0226
Allen_Cahn,uu_xxxx,u^5u_xxxx,P1(u)u_xxxx,P5(u)u_xxxx,0.2582,0.0204
Allen_Cahn,uu_xxxx,u^6u_xxxx,P1(u)u_xxxx,P6(u)u_xxxx,0.0627,0.0085
Allen_Cahn,uu_xxxx,u_xxxxx,P1(u)u_xxxx,P0(u)u_xxxxx,0.0316,0.0302
Allen_Cahn,uu_xxxx,uu_xxxxx,P1(u)u_xxxx,P1(u)u_xxxxx,0.0099,0.0065
Allen_Cahn,uu_xxxx,u^2u_xxxxx,P1(u)u_xxxx,P2(u)u_xxxxx,0.0132,-0.028
Allen_Cahn,uu_xxxx,u^3u_xxxxx,P1(u)u_xxxx,P3(u)u_xxxxx,0.0098,0.0091
Allen_Cahn,uu_xxxx,u^4u_xxxxx,P1(u)u_xxxx,P4(u)u_xxxxx,0.004,0.0217
Allen_Cahn,uu_xxxx,u^5u_xxxxx,P1(u)u_xxxx,P5(u)u_xxxxx,0.0191,-0.0209
Allen_Cahn,uu_xxxx,u^6u_xxxxx,P1(u)u_xxxx,P6(u)u_xxxxx,-0.0029,-0.0123
Allen_Cahn,uu_xxxx,u_xxxxxx,P1(u)u_xxxx,P0(u)u_xxxxxx,-0.1034,-0.0197
Allen_Cahn,uu_xxxx,uu_xxxxxx,P1(u)u_xxxx,P1(u)u_xxxxxx,-0.983,-0.9833
Allen_Cahn,uu_xxxx,u^2u_xxxxxx,P1(u)u_xxxx,P2(u)u_xxxxxx,-0.0656,-0.0193
Allen_Cahn,uu_xxxx,u^3u_xxxxxx,P1(u)u_xxxx,P3(u)u_xxxxxx,-0.3817,0.233
Allen_Cahn,uu_xxxx,u^4u_xxxxxx,P1(u)u_xxxx,P4(u)u_xxxxxx,-0.0667,0.0221
Allen_Cahn,uu_xxxx,u^5u_xxxxxx,P1(u)u_xxxx,P5(u)u_xxxxxx,-0.267,-0.0218
Allen_Cahn,uu_xxxx,u^6u_xxxxxx,P1(u)u_xxxx,P6(u)u_xxxxxx,-0.0641,-0.0068
Allen_Cahn,u^2u_xxxx,u^3u_xxxx,P2(u)u_xxxx,P3(u)u_xxxx,0.096,-0.235
Allen_Cahn,u^2u_xxxx,u^4u_xxxx,P2(u)u_xxxx,P4(u)u_xxxx,0.9631,-0.9505
Allen_Cahn,u^2u_xxxx,u^5u_xxxx,P2(u)u_xxxx,P5(u)u_xxxx,0.0823,0.216
Allen_Cahn,u^2u_xxxx,u^6u_xxxx,P2(u)u_xxxx,P6(u)u_xxxx,0.9042,0.6585
Allen_Cahn,u^2u_xxxx,u_xxxxx,P2(u)u_xxxx,P0(u)u_xxxxx,0.0018,-0.0003
Allen_Cahn,u^2u_xxxx,uu_xxxxx,P2(u)u_xxxx,P1(u)u_xxxxx,-0.0031,0.002
Allen_Cahn,u^2u_xxxx,u^2u_xxxxx,P2(u)u_xxxx,P2(u)u_xxxxx,0.0086,0.0037
Allen_Cahn,u^2u_xxxx,u^3u_xxxxx,P2(u)u_xxxx,P3(u)u_xxxxx,0.0035,0.0067
Allen_Cahn,u^2u_xxxx,u^4u_xxxxx,P2(u)u_xxxx,P4(u)u_xxxxx,-0.0016,-0.0246
Allen_Cahn,u^2u_xxxx,u^5u_xxxxx,P2(u)u_xxxx,P5(u)u_xxxxx,0.0032,-0.0104
Allen_Cahn,u^2u_xxxx,u^6u_xxxxx,P2(u)u_xxxx,P6(u)u_xxxxx,-0.0088,0.0317
Allen_Cahn,u^2u_xxxx,u_xxxxxx,P2(u)u_xxxx,P0(u)u_xxxxxx,-0.0864,0.132
Allen_Cahn,u^2u_xxxx,uu_xxxxxx,P2(u)u_xxxx,P1(u)u_xxxxxx,-0.0425,-0.0032
Allen_Cahn,u^2u_xxxx,u^2u_xxxxxx,P2(u)u_xxxx,P2(u)u_xxxxxx,-0.9994,-0.9987
Allen_Cahn,u^2u_xxxx,u^3u_xxxxxx,P2(u)u_xxxx,P3(u)u_xxxxxx,-0.0929,0.2241
Allen_Cahn,u^2u_xxxx,u^4u_xxxxxx,P2(u)u_xxxx,P4(u)u_xxxxxx,-0.9624,0.9462
Allen_Cahn,u^2u_xxxx,u^5u_xxxxxx,P2(u)u_xxxx,P5(u)u_xxxxxx,-0.0817,-0.2096
Allen_Cahn,u^2u_xxxx,u^6u_xxxxxx,P2(u)u_xxxx,P6(u)u_xxxxxx,-0.9019,-0.6447
Allen_Cahn,u^3u_xxxx,u^4u_xxxx,P3(u)u_xxxx,P4(u)u_xxxx,0.1409,0.2135
Allen_Cahn,u^3u_xxxx,u^5u_xxxx,P3(u)u_xxxx,P5(u)u_xxxx,0.9735,-0.946
Allen_Cahn,u^3u_xxxx,u^6u_xxxx,P3(u)u_xxxx,P6(u)u_xxxx,0.1528,-0.1646
Allen_Cahn,u^3u_xxxx,u_xxxxx,P3(u)u_xxxx,P0(u)u_xxxxx,0.0075,-0.0071
Allen_Cahn,u^3u_xxxx,uu_xxxxx,P3(u)u_xxxx,P1(u)u_xxxxx,0.0253,0.0198
Allen_Cahn,u^3u_xxxx,u^2u_xxxxx,P3(u)u_xxxx,P2(u)u_xxxxx,0.0086,0.0089
Allen_Cahn,u^3u_xxxx,u^3u_xxxxx,P3(u)u_xxxx,P3(u)u_xxxxx,0.0184,-0.0309
Allen_Cahn,u^3u_xxxx,u^4u_xxxxx,P3(u)u_xxxx,P4(u)u_xxxxx,0.0051,-0.0058
Allen_Cahn,u^3u_xxxx,u^5u_xxxxx,P3(u)u_xxxx,P5(u)u_xxxxx,0.0096,0.0224
Allen_Cahn,u^3u_xxxx,u^6u_xxxxx,P3(u)u_xxxx,P6(u)u_xxxxx,-0.0021,-0.0084
Allen_Cahn,u^3u_xxxx,u_xxxxxx,P3(u)u_xxxx,P0(u)u_xxxxxx,-0.0275,0.0069
Allen_Cahn,u^3u_xxxx,uu_xxxxxx,P3(u)u_xxxx,P1(u)u_xxxxxx,-0.3302,0.2493
Allen_Cahn,u^3u_xxxx,u^2u_xxxxxx,P3(u)u_xxxx,P2(u)u_xxxxxx,-0.0941,0.2261
Allen_Cahn,u^3u_xxxx,u^3u_xxxxxx,P3(u)u_xxxx,P3(u)u_xxxxxx,-0.9981,-0.9975
Allen_Cahn,u^3u_xxxx,u^4u_xxxxxx,P3(u)u_xxxx,P4(u)u_xxxxxx,-0.1411,-0.2094
Allen_Cahn,u^3u_xxxx,u^5u_xxxxxx,P3(u)u_xxxx,P5(u)u_xxxxxx,-0.9724,0.9423
Allen_Cahn,u^3u_xxxx,u^6u_xxxxxx,P3(u)u_xxxx,P6(u)u_xxxxxx,-0.1537,0.1613
Allen_Cahn,u^4u_xxxx,u^5u_xxxx,P4(u)u_xxxx,P5(u)u_xxxx,0.1316,-0.2106
Allen_Cahn,u^4u_xxxx,u^6u_xxxx,P4(u)u_xxxx,P6(u)u_xxxx,0.9838,-0.8472
Allen_Cahn,u^4u_xxxx,u_xxxxx,P4(u)u_xxxx,P0(u)u_xxxxx,0.0072,0.0089
Allen_Cahn,u^4u_xxxx,uu_xxxxx,P4(u)u_xxxx,P1(u)u_xxxxx,0.0019,0.0013
Allen_Cahn,u^4u_xxxx,u^2u_xxxxx,P4(u)u_xxxx,P2(u)u_xxxxx,0.0127,-0.0122
Allen_Cahn,u^4u_xxxx,u^3u_xxxxx,P4(u)u_xxxx,P3(u)u_xxxxx,0.0078,-0.0088
Allen_Cahn,u^4u_xxxx,u^4u_xxxxx,P4(u)u_xxxx,P4(u)u_xxxxx,0.002,0.0284
Allen_Cahn,u^4u_xxxx,u^5u_xxxxx,P4(u)u_xxxx,P5(u)u_xxxxx,0.0054,0.0081
Allen_Cahn,u^4u_xxxx,u^6u_xxxxx,P4(u)u_xxxx,P6(u)u_xxxxx,-0.007,-0.0354
Allen_Cahn,u^4u_xxxx,u_xxxxxx,P4(u)u_xxxx,P0(u)u_xxxxxx,-0.0516,-0.0303
Allen_Cahn,u^4u_xxxx,uu_xxxxxx,P4(u)u_xxxx,P1(u)u_xxxxxx,-0.0423,0.0075
Allen_Cahn,u^4u_xxxx,u^2u_xxxxxx,P4(u)u_xxxx,P2(u)u_xxxxxx,-0.9615,0.9511
Allen_Cahn,u^4u_xxxx,u^3u_xxxxxx,P4(u)u_xxxx,P3(u)u_xxxxxx,-0.1372,-0.2039
Allen_Cahn,u^4u_xxxx,u^4u_xxxxxx,P4(u)u_xxxx,P4(u)u_xxxxxx,-0.9995,-0.9993
Allen_Cahn,u^4u_xxxx,u^5u_xxxxxx,P4(u)u_xxxx,P5(u)u_xxxxxx,-0.1308,0.2052
Allen_Cahn,u^4u_xxxx,u^6u_xxxxxx,P4(u)u_xxxx,P6(u)u_xxxxxx,-0.9822,0.836
Allen_Cahn,u^5u_xxxx,u^6u_xxxx,P5(u)u_xxxx,P6(u)u_xxxx,0.1506,0.1897
Allen_Cahn,u^5u_xxxx,u_xxxxx,P5(u)u_xxxx,P0(u)u_xxxxx,0.0047,-0.0017
Allen_Cahn,u^5u_xxxx,uu_xxxxx,P5(u)u_xxxx,P1(u)u_xxxxx,0.0228,-0.0218
Allen_Cahn,u^5u_xxxx,u^2u_xxxxx,P5(u)u_xxxx,P2(u)u_xxxxx,0.0096,0.0006
Allen_Cahn,u^5u_xxxx,u^3u_xxxxx,P5(u)u_xxxx,P3(u)u_xxxxx,0.017,0.0303
Allen_Cahn,u^5u_xxxx,u^4u_xxxxx,P5(u)u_xxxx,P4(u)u_xxxxx,0.0073,-0.0025
Allen_Cahn,u^5u_xxxx,u^5u_xxxxx,P5(u)u_xxxx,P5(u)u_xxxxx,0.0078,-0.022
Allen_Cahn,u^5u_xxxx,u^6u_xxxxx,P5(u)u_xxxx,P6(u)u_xxxxx,-0.0002,0.0155
Allen_Cahn,u^5u_xxxx,u_xxxxxx,P5(u)u_xxxx,P0(u)u_xxxxxx,-0.0149,-0.0012
Allen_Cahn,u^5u_xxxx,uu_xxxxxx,P5(u)u_xxxx,P1(u)u_xxxxxx,-0.2234,-0.0444
Allen_Cahn,u^5u_xxxx,u^2u_xxxxxx,P5(u)u_xxxx,P2(u)u_xxxxxx,-0.0804,-0.2068
Allen_Cahn,u^5u_xxxx,u^3u_xxxxxx,P5(u)u_xxxx,P3(u)u_xxxxxx,-0.9703,0.9443
Allen_Cahn,u^5u_xxxx,u^4u_xxxxxx,P5(u)u_xxxx,P4(u)u_xxxxxx,-0.1318,0.2069
Allen_Cahn,u^5u_xxxx,u^5u_xxxxxx,P5(u)u_xxxx,P5(u)u_xxxxxx,-0.9987,-0.9989
Allen_Cahn,u^5u_xxxx,u^6u_xxxxxx,P5(u)u_xxxx,P6(u)u_xxxxxx,-0.1518,-0.1872
Allen_Cahn,u^6u_xxxx,u_xxxxx,P6(u)u_xxxx,P0(u)u_xxxxx,0.0089,-0.0236
Allen_Cahn,u^6u_xxxx,uu_xxxxx,P6(u)u_xxxx,P1(u)u_xxxxx,0.0047,-0.0029
Allen_Cahn,u^6u_xxxx,u^2u_xxxxx,P6(u)u_xxxx,P2(u)u_xxxxx,0.0129,0.0224
Allen_Cahn,u^6u_xxxx,u^3u_xxxxx,P6(u)u_xxxx,P3(u)u_xxxxx,0.0104,0.0102
Allen_Cahn,u^6u_xxxx,u^4u_xxxxx,P6(u)u_xxxx,P4(u)u_xxxxx,0.0031,-0.0266
Allen_Cahn,u^6u_xxxx,u^5u_xxxxx,P6(u)u_xxxx,P5(u)u_xxxxx,0.007,-0.0049
Allen_Cahn,u^6u_xxxx,u^6u_xxxxx,P6(u)u_xxxx,P6(u)u_xxxxx,-0.0058,0.0332
Allen_Cahn,u^6u_xxxx,u_xxxxxx,P6(u)u_xxxx,P0(u)u_xxxxxx,-0.0386,0.0014
Allen_Cahn,u^6u_xxxx,uu_xxxxxx,P6(u)u_xxxx,P1(u)u_xxxxxx,-0.0408,-0.0028
Allen_Cahn,u^6u_xxxx,u^2u_xxxxxx,P6(u)u_xxxx,P2(u)u_xxxxxx,-0.9025,-0.6655
Allen_Cahn,u^6u_xxxx,u^3u_xxxxxx,P6(u)u_xxxx,P3(u)u_xxxxxx,-0.1491,0.1604
Allen_Cahn,u^6u_xxxx,u^4u_xxxxxx,P6(u)u_xxxx,P4(u)u_xxxxxx,-0.9837,0.8543
Allen_Cahn,u^6u_xxxx,u^5u_xxxxxx,P6(u)u_xxxx,P5(u)u_xxxxxx,-0.15,-0.1878
Allen_Cahn,u^6u_xxxx,u^6u_xxxxxx,P6(u)u_xxxx,P6(u)u_xxxxxx,-0.9993,-0.9987
Allen_Cahn,u_xxxxx,uu_xxxxx,P0(u)u_xxxxx,P1(u)u_xxxxx,0.1586,0.0438
Allen_Cahn,u_xxxxx,u^2u_xxxxx,P0(u)u_xxxxx,P2(u)u_xxxxx,0.5961,-0.8396
Allen_Cahn,u_xxxxx,u^3u_xxxxx,P0(u)u_xxxxx,P3(u)u_xxxxx,0.1081,-0.043
Allen_Cahn,u_xxxxx,u^4u_xxxxx,P0(u)u_xxxxx,P4(u)u_xxxxx,0.3206,0.3186
Allen_Cahn,u_xxxxx,u^5u_xxxxx,P0(u)u_xxxxx,P5(u)u_xxxxx,0.0688,0.025
Allen_Cahn,u_xxxxx,u^6u_xxxxx,P0(u)u_xxxxx,P6(u)u_xxxxx,0.171,-0.039
Allen_Cahn,u_xxxxx,u_xxxxxx,P0(u)u_xxxxx,P0(u)u_xxxxxx,0.0,0.0
Allen_Cahn,u_xxxxx,uu_xxxxxx,P0(u)u_xxxxx,P1(u)u_xxxxxx,-0.0335,-0.0322
Allen_Cahn,u_xxxxx,u^2u_xxxxxx,P0(u)u_xxxxx,P2(u)u_xxxxxx,-0.002,0.0002
Allen_Cahn,u_xxxxx,u^3u_xxxxxx,P0(u)u_xxxxx,P3(u)u_xxxxxx,-0.0089,0.0072
Allen_Cahn,u_xxxxx,u^4u_xxxxxx,P0(u)u_xxxxx,P4(u)u_xxxxxx,-0.0074,-0.009
Allen_Cahn,u_xxxxx,u^5u_xxxxxx,P0(u)u_xxxxx,P5(u)u_xxxxxx,-0.0063,0.0021
Allen_Cahn,u_xxxxx,u^6u_xxxxxx,P0(u)u_xxxxx,P6(u)u_xxxxxx,-0.0092,0.0241
Allen_Cahn,uu_xxxxx,u^2u_xxxxx,P1(u)u_xxxxx,P2(u)u_xxxxx,0.2101,-0.0492
Allen_Cahn,uu_xxxxx,u^3u_xxxxx,P1(u)u_xxxxx,P3(u)u_xxxxx,0.8168,-0.8542
Allen_Cahn,uu_xxxxx,u^4u_xxxxx,P1(u)u_xxxxx,P4(u)u_xxxxx,0.1617,0.0283
Allen_Cahn,uu_xxxxx,u^5u_xxxxx,P1(u)u_xxxxx,P5(u)u_xxxxx,0.5606,0.39
Allen_Cahn,uu_xxxxx,u^6u_xxxxx,P1(u)u_xxxxx,P6(u)u_xxxxx,0.1168,0.0041
Allen_Cahn,uu_xxxxx,u_xxxxxx,P1(u)u_xxxxx,P0(u)u_xxxxxx,0.0139,0.0108
Allen_Cahn,uu_xxxxx,uu_xxxxxx,P1(u)u_xxxxx,P1(u)u_xxxxxx,-0.0116,-0.0078
Allen_Cahn,uu_xxxxx,u^2u_xxxxxx,P1(u)u_xxxxx,P2(u)u_xxxxxx,0.002,-0.0023
Allen_Cahn,uu_xxxxx,u^3u_xxxxxx,P1(u)u_xxxxx,P3(u)u_xxxxxx,-0.0266,-0.0195
Allen_Cahn,uu_xxxxx,u^4u_xxxxxx,P1(u)u_xxxxx,P4(u)u_xxxxxx,-0.0035,-0.0006
Allen_Cahn,uu_xxxxx,u^5u_xxxxxx,P1(u)u_xxxxx,P5(u)u_xxxxxx,-0.0239,0.0219
Allen_Cahn,uu_xxxxx,u^6u_xxxxxx,P1(u)u_xxxxx,P6(u)u_xxxxxx,-0.0071,0.0019
Allen_Cahn,u^2u_xxxxx,u^3u_xxxxx,P2(u)u_xxxxx,P3(u)u_xxxxx,0.2284,0.0382
Allen_Cahn,u^2u_xxxxx,u^4u_xxxxx,P2(u)u_xxxxx,P4(u)u_xxxxx,0.8709,-0.7077
Allen_Cahn,u^2u_xxxxx,u^5u_xxxxx,P2(u)u_xxxxx,P5(u)u_xxxxx,0.202,-0.0194
Allen_Cahn,u^2u_xxxxx,u^6u_xxxxx,P2(u)u_xxxxx,P6(u)u_xxxxx,0.6581,0.2673
Allen_Cahn,u^2u_xxxxx,u_xxxxxx,P2(u)u_xxxxx,P0(u)u_xxxxxx,-0.0014,-0.0175
Allen_Cahn,u^2u_xxxxx,uu_xxxxxx,P2(u)u_xxxxx,P1(u)u_xxxxxx,-0.0166,0.0282
Allen_Cahn,u^2u_xxxxx,u^2u_xxxxxx,P2(u)u_xxxxx,P2(u)u_xxxxxx,-0.0084,-0.0034
Allen_Cahn,u^2u_xxxxx,u^3u_xxxxxx,P2(u)u_xxxxx,P3(u)u_xxxxxx,-0.0106,-0.0087
Allen_Cahn,u^2u_xxxxx,u^4u_xxxxxx,P2(u)u_xxxxx,P4(u)u_xxxxxx,-0.0126,0.0121
Allen_Cahn,u^2u_xxxxx,u^5u_xxxxxx,P2(u)u_xxxxx,P5(u)u_xxxxxx,-0.0117,-0.0008
Allen_Cahn,u^2u_xxxxx,u^6u_xxxxxx,P2(u)u_xxxxx,P6(u)u_xxxxxx,-0.013,-0.0225
Allen_Cahn,u^3u_xxxxx,u^4u_xxxxx,P3(u)u_xxxxx,P4(u)u_xxxxx,0.2499,-0.0113
Allen_Cahn,u^3u_xxxxx,u^5u_xxxxx,P3(u)u_xxxxx,P5(u)u_xxxxx,0.9041,-0.7407
Allen_Cahn,u^3u_xxxxx,u^6u_xxxxx,P3(u)u_xxxxx,P6(u)u_xxxxx,0.2295,-0.0212
Allen_Cahn,u^3u_xxxxx,u_xxxxxx,P3(u)u_xxxxx,P0(u)u_xxxxxx,0.0205,-0.0014
Allen_Cahn,u^3u_xxxxx,uu_xxxxxx,P3(u)u_xxxxx,P1(u)u_xxxxxx,-0.0132,-0.01
Allen_Cahn,u^3u_xxxxx,u^2u_xxxxxx,P3(u)u_xxxxx,P2(u)u_xxxxxx,-0.0042,-0.0073
Allen_Cahn,u^3u_xxxxx,u^3u_xxxxxx,P3(u)u_xxxxx,P3(u)u_xxxxxx,-0.0198,0.0317
Allen_Cahn,u^3u_xxxxx,u^4u_xxxxxx,P3(u)u_xxxxx,P4(u)u_xxxxxx,-0.009,0.0092
Allen_Cahn,u^3u_xxxxx,u^5u_xxxxxx,P3(u)u_xxxxx,P5(u)u_xxxxxx,-0.0179,-0.0311
Allen_Cahn,u^3u_xxxxx,u^6u_xxxxxx,P3(u)u_xxxxx,P6(u)u_xxxxxx,-0.0122,-0.0103
Allen_Cahn,u^4u_xxxxx,u^5u_xxxxx,P4(u)u_xxxxx,P5(u)u_xxxxx,0.2764,0.0059
Allen_Cahn,u^4u_xxxxx,u^6u_xxxxx,P4(u)u_xxxxx,P6(u)u_xxxxx,0.926,-0.7353
Allen_Cahn,u^4u_xxxxx,u_xxxxxx,P4(u)u_xxxxx,P0(u)u_xxxxxx,-0.0068,0.0154
Allen_Cahn,u^4u_xxxxx,uu_xxxxxx,P4(u)u_xxxxx,P1(u)u_xxxxxx,-0.0065,-0.0209
Allen_Cahn,u^4u_xxxxx,u^2u_xxxxxx,P4(u)u_xxxxx,P2(u)u_xxxxxx,0.0013,0.0246
Allen_Cahn,u^4u_xxxxx,u^3u_xxxxxx,P4(u)u_xxxxx,P3(u)u_xxxxxx,-0.0064,0.0061
Allen_Cahn,u^4u_xxxxx,u^4u_xxxxxx,P4(u)u_xxxxx,P4(u)u_xxxxxx,-0.0025,-0.028
Allen_Cahn,u^4u_xxxxx,u^5u_xxxxxx,P4(u)u_xxxxx,P5(u)u_xxxxxx,-0.0088,0.0024
Allen_Cahn,u^4u_xxxxx,u^6u_xxxxxx,P4(u)u_xxxxx,P6(u)u_xxxxxx,-0.0039,0.0256
Allen_Cahn,u^5u_xxxxx,u^6u_xxxxx,P5(u)u_xxxxx,P6(u)u_xxxxx,0.2961,0.0219
Allen_Cahn,u^5u_xxxxx,u_xxxxxx,P5(u)u_xxxxx,P0(u)u_xxxxxx,0.0255,-0.0159
Allen_Cahn,u^5u_xxxxx,uu_xxxxxx,P5(u)u_xxxxx,P1(u)u_xxxxxx,-0.0241,0.0231
Allen_Cahn,u^5u_xxxxx,u^2u_xxxxxx,P5(u)u_xxxxx,P2(u)u_xxxxxx,-0.0034,0.0123
Allen_Cahn,u^5u_xxxxx,u^3u_xxxxxx,P5(u)u_xxxxx,P3(u)u_xxxxxx,-0.0116,-0.0238
Allen_Cahn,u^5u_xxxxx,u^4u_xxxxxx,P5(u)u_xxxxx,P4(u)u_xxxxxx,-0.0062,-0.0094
Allen_Cahn,u^5u_xxxxx,u^5u_xxxxxx,P5(u)u_xxxxx,P5(u)u_xxxxxx,-0.0091,0.0233
Allen_Cahn,u^5u_xxxxx,u^6u_xxxxxx,P5(u)u_xxxxx,P6(u)u_xxxxxx,-0.0082,0.0057
Allen_Cahn,u^6u_xxxxx,u_xxxxxx,P6(u)u_xxxxx,P0(u)u_xxxxxx,-0.0098,0.0012
Allen_Cahn,u^6u_xxxxx,uu_xxxxxx,P6(u)u_xxxxx,P1(u)u_xxxxxx,0.0022,0.0122
Allen_Cahn,u^6u_xxxxx,u^2u_xxxxxx,P6(u)u_xxxxx,P2(u)u_xxxxxx,0.008,-0.0322
Allen_Cahn,u^6u_xxxxx,u^3u_xxxxxx,P6(u)u_xxxxx,P3(u)u_xxxxxx,0.0016,0.0077
Allen_Cahn,u^6u_xxxxx,u^4u_xxxxxx,P6(u)u_xxxxx,P4(u)u_xxxxxx,0.0059,0.0353
Allen_Cahn,u^6u_xxxxx,u^5u_xxxxxx,P6(u)u_xxxxx,P5(u)u_xxxxxx,-0.0008,-0.0154
Allen_Cahn,u^6u_xxxxx,u^6u_xxxxxx,P6(u)u_xxxxx,P6(u)u_xxxxxx,0.0042,-0.0321
Allen_Cahn,u_xxxxxx,uu_xxxxxx,P0(u)u_xxxxxx,P1(u)u_xxxxxx,0.1182,0.0229
Allen_Cahn,u_xxxxxx,u^2u_xxxxxx,P0(u)u_xxxxxx,P2(u)u_xxxxxx,0.1003,-0.1564
Allen_Cahn,u_xxxxxx,u^3u_xxxxxx,P0(u)u_xxxxxx,P3(u)u_xxxxxx,0.0322,-0.0081
Allen_Cahn,u_xxxxxx,u^4u_xxxxxx,P0(u)u_xxxxxx,P4(u)u_xxxxxx,0.0589,0.0374
Allen_Cahn,u_xxxxxx,u^5u_xxxxxx,P0(u)u_xxxxxx,P5(u)u_xxxxxx,0.0168,0.0016
Allen_Cahn,u_xxxxxx,u^6u_xxxxxx,P0(u)u_xxxxxx,P6(u)u_xxxxxx,0.0433,-0.0027
Allen_Cahn,uu_xxxxxx,u^2u_xxxxxx,P1(u)u_xxxxxx,P2(u)u_xxxxxx,0.0463,0.0027
Allen_Cahn,uu_xxxxxx,u^3u_xxxxxx,P1(u)u_xxxxxx,P3(u)u_xxxxxx,0.3512,-0.2636
Allen_Cahn,uu_xxxxxx,u^4u_xxxxxx,P1(u)u_xxxxxx,P4(u)u_xxxxxx,0.0452,-0.0071
Allen_Cahn,uu_xxxxxx,u^5u_xxxxxx,P1(u)u_xxxxxx,P5(u)u_xxxxxx,0.2371,0.0495
Allen_Cahn,uu_xxxxxx,u^6u_xxxxxx,P1(u)u_xxxxxx,P6(u)u_xxxxxx,0.0431,0.0016
Allen_Cahn,u^2u_xxxxxx,u^3u_xxxxxx,P2(u)u_xxxxxx,P3(u)u_xxxxxx,0.0916,-0.2153
Allen_Cahn,u^2u_xxxxxx,u^4u_xxxxxx,P2(u)u_xxxxxx,P4(u)u_xxxxxx,0.9618,-0.9482
Allen_Cahn,u^2u_xxxxxx,u^5u_xxxxxx,P2(u)u_xxxxxx,P5(u)u_xxxxxx,0.0801,0.2005
Allen_Cahn,u^2u_xxxxxx,u^6u_xxxxxx,P2(u)u_xxxxxx,P6(u)u_xxxxxx,0.9011,0.6527
Allen_Cahn,u^3u_xxxxxx,u^4u_xxxxxx,P3(u)u_xxxxxx,P4(u)u_xxxxxx,0.1381,0.1998
Allen_Cahn,u^3u_xxxxxx,u^5u_xxxxxx,P3(u)u_xxxxxx,P5(u)u_xxxxxx,0.9722,-0.9431
Allen_Cahn,u^3u_xxxxxx,u^6u_xxxxxx,P3(u)u_xxxxxx,P6(u)u_xxxxxx,0.1506,-0.1573
Allen_Cahn,u^4u_xxxxxx,u^5u_xxxxxx,P4(u)u_xxxxxx,P5(u)u_xxxxxx,0.1316,-0.2015
Allen_Cahn,u^4u_xxxxxx,u^6u_xxxxxx,P4(u)u_xxxxxx,P6(u)u_xxxxxx,0.9832,-0.8446
Allen_Cahn,u^5u_xxxxxx,u^6u_xxxxxx,P5(u)u_xxxxxx,P6(u)u_xxxxxx,0.1519,0.1855
KdV,1,u,P0(u),P1(u),,
KdV,1,u^2,P0(u),P2(u),,
KdV,1,u^3,P0(u),P3(u),,
KdV,1,u^4,P0(u),P4(u),,
KdV,1,u^5,P0(u),P5(u),,
KdV,1,u^6,P0(u),P6(u),,
KdV,1,u_x,P0(u),P0(u)u_x,,
KdV,1,uu_x,P0(u),P1(u)u_x,,
KdV,1,u^2u_x,P0(u),P2(u)u_x,,
KdV,1,u^3u_x,P0(u),P3(u)u_x,,
KdV,1,u^4u_x,P0(u),P4(u)u_x,,
KdV,1,u^5u_x,P0(u),P5(u)u_x,,
KdV,1,u^6u_x,P0(u),P6(u)u_x,,
KdV,1,u_xx,P0(u),P0(u)u_xx,,
KdV,1,uu_xx,P0(u),P1(u)u_xx,,
KdV,1,u^2u_xx,P0(u),P2(u)u_xx,,
KdV,1,u^3u_xx,P0(u),P3(u)u_xx,,
KdV,1,u^4u_xx,P0(u),P4(u)u_xx,,
KdV,1,u^5u_xx,P0(u),P5(u)u_xx,,
KdV,1,u^6u_xx,P0(u),P6(u)u_xx,,
KdV,1,u_xxx,P0(u),P0(u)u_xxx,,
KdV,1,uu_xxx,P0(u),P1(u)u_xxx,,
KdV,1,u^2u_xxx,P0(u),P2(u)u_xxx,,
KdV,1,u^3u_xxx,P0(u),P3(u)u_xxx,,
KdV,1,u^4u_xxx,P0(u),P4(u)u_xxx,,
KdV,1,u^5u_xxx,P0(u),P5(u)u_xxx,,
KdV,1,u^6u_xxx,P0(u),P6(u)u_xxx,,
KdV,1,u_xxxx,P0(u),P0(u)u_xxxx,,
KdV,1,uu_xxxx,P0(u),P1(u)u_xxxx,,
KdV,1,u^2u_xxxx,P0(u),P2(u)u_xxxx,,
KdV,1,u^3u_xxxx,P0(u),P3(u)u_xxxx,,
KdV,1,u^4u_xxxx,P0(u),P4(u)u_xxxx,,
KdV,1,u^5u_xxxx,P0(u),P5(u)u_xxxx,,
KdV,1,u^6u_xxxx,P0(u),P6(u)u_xxxx,,
KdV,1,u_xxxxx,P0(u),P0(u)u_xxxxx,,
KdV,1,uu_xxxxx,P0(u),P1(u)u_xxxxx,,
KdV,1,u^2u_xxxxx,P0(u),P2(u)u_xxxxx,,
KdV,1,u^3u_xxxxx,P0(u),P3(u)u_xxxxx,,
KdV,1,u^4u_xxxxx,P0(u),P4(u)u_xxxxx,,
KdV,1,u^5u_xxxxx,P0(u),P5(u)u_xxxxx,,
KdV,1,u^6u_xxxxx,P0(u),P6(u)u_xxxxx,,
KdV,1,u_xxxxxx,P0(u),P0(u)u_xxxxxx,,
KdV,1,uu_xxxxxx,P0(u),P1(u)u_xxxxxx,,
KdV,1,u^2u_xxxxxx,P0(u),P2(u)u_xxxxxx,,
KdV,1,u^3u_xxxxxx,P0(u),P3(u)u_xxxxxx,,
KdV,1,u^4u_xxxxxx,P0(u),P4(u)u_xxxxxx,,
KdV,1,u^5u_xxxxxx,P0(u),P5(u)u_xxxxxx,,
KdV,1,u^6u_xxxxxx,P0(u),P6(u)u_xxxxxx,,
KdV,u,u^2,P1(u),P2(u),-0.3753,-0.0449
KdV,u,u^3,P1(u),P3(u),0.8053,-0.9798
KdV,u,u^4,P1(u),P4(u),-0.3521,0.0419
KdV,u,u^5,P1(u),P5(u),0.6301,0.8972
KdV,u,u^6,P1(u),P6(u),-0.3425,-0.0418
KdV,u,u_x,P1(u),P0(u)u_x,0.0,0.0001
KdV,u,uu_x,P1(u),P1(u)u_x,0.0181,0.0078
KdV,u,u^2u_x,P1(u),P2(u)u_x,-0.011,-0.0026
KdV,u,u^3u_x,P1(u),P3(u)u_x,-0.0488,-0.051
KdV,u,u^4u_x,P1(u),P4(u)u_x,0.0115,0.0035
KdV,u,u^5u_x,P1(u),P5(u)u_x,-0.0769,0.0737
KdV,u,u^6u_x,P1(u),P6(u)u_x,0.0311,-0.0058
KdV,u,u_xx,P1(u),P0(u)u_xx,-0.3966,-0.3966
KdV,u,uu_xx,P1(u),P1(u)u_xx,0.018,0.0096
KdV,u,u^2u_xx,P1(u),P2(u)u_xx,-0.7208,-0.7976
KdV,u,u^3u_xx,P1(u),P3(u)u_xx,0.1973,0.0197
KdV,u,u^4u_xx,P1(u),P4(u)u_xx,-0.5782,0.9065
KdV,u,u^5u_xx,P1(u),P5(u)u_xx,0.2583,-0.0721
KdV,u,u^6u_xx,P1(u),P6(u)u_xx,-0.4832,-0.9439
KdV,u,u_xxx,P1(u),P0(u)u_xxx,0.0,0.0007
KdV,u,uu_xxx,P1(u),P1(u)u_xxx,-0.0062,-0.0046
KdV,u,u^2u_xxx,P1(u),P2(u)u_xxx,0.009,0.0045
KdV,u,u^3u_xxx,P1(u),P3(u)u_xxx,-0.0015,0.0085
KdV,u,u^4u_xxx,P1(u),P4(u)u_xxx,0.012,-0.0029
KdV,u,u^5u_xxx,P1(u),P5(u)u_xxx,-0.0025,-0.0082
KdV,u,u^6u_xxx,P1(u),P6(u)u_xxx,0.012,0.0044
KdV,u,u_xxxx,P1(u),P0(u)u_xxxx,0.078,0.0779
KdV,u,uu_xxxx,P1(u),P1(u)u_xxxx,-0.0192,-0.0169
KdV,u,u^2u_xxxx,P1(u),P2(u)u_xxxx,0.7075,0.8271
KdV,u,u^3u_xxxx,P1(u),P3(u)u_xxxx,-0.2019,-0.0132
KdV,u,u^4u_xxxx,P1(u),P4(u)u_xxxx,0.5697,-0.9142
KdV,u,u^5u_xxxx,P1(u),P5(u)u_xxxx,-0.2635,0.0665
KdV,u,u^6u_xxxx,P1(u),P6(u)u_xxxx,0.4775,0.9457
KdV,u,u_xxxxx,P1(u),P0(u)u_xxxxx,-0.0,-0.001
KdV,u,uu_xxxxx,P1(u),P1(u)u_xxxxx,0.0351,0.0343
KdV,u,u^2u_xxxxx,P1(u),P2(u)u_xxxxx,-0.0096,0.0027
KdV,u,u^3u_xxxxx,P1(u),P3(u)u_xxxxx,0.0679,-0.0015
KdV,u,u^4u_xxxxx,P1(u),P4(u)u_xxxxx,-0.0345,-0.0063
KdV,u,u^5u_xxxxx,P1(u),P5(u)u_xxxxx,0.0645,-0.0276
KdV,u,u^6u_xxxxx,P1(u),P6(u)u_xxxxx,-0.04,0.0045
KdV,u,u_xxxxxx,P1(u),P0(u)u_xxxxxx,-0.0505,-0.0505
KdV,u,uu_xxxxxx,P1(u),P1(u)u_xxxxxx,0.0237,0.0218
KdV,u,u^2u_xxxxxx,P1(u),P2(u)u_xxxxxx,-0.7027,-0.824
KdV,u,u^3u_xxxxxx,P1(u),P3(u)u_xxxxxx,0.2068,0.0092
KdV,u,u^4u_xxxxxx,P1(u),P4(u)u_xxxxxx,-0.566,0.9128
KdV,u,u^5u_xxxxxx,P1(u),P5(u)u_xxxxxx,0.2681,-0.0637
KdV,u,u^6u_xxxxxx,P1(u),P6(u)u_xxxxxx,-0.4749,-0.9435
KdV,u^2,u^3,P2(u),P3(u),-0.7201,0.1044
KdV,u^2,u^4,P2(u),P4(u),0.9577,-0.9892
KdV,u^2,u^5,P2(u),P5(u),-0.7398,-0.1871
KdV,u^2,u^6,P2(u),P6(u),0.8789,0.9535
KdV,u^2,u_x,P2(u),P0(u)u_x,-0.0249,-0.0218
KdV,u^2,uu_x,P2(u),P1(u)u_x,0.0151,0.0016
KdV,u^2,u^2u_x,P2(u),P2(u)u_x,-0.1598,-0.0168
KdV,u^2,u^3u_x,P2(u),P3(u)u_x,0.0988,-0.0273
KdV,u^2,u^4u_x,P2(u),P4(u)u_x,-0.2608,0.0473
KdV,u^2,u^5u_x,P2(u),P5(u)u_x,0.1393,0.0265
KdV,u^2,u^6u_x,P2(u),P6(u)u_x,-0.2479,-0.045
KdV,u^2,u_xx,P2(u),P0(u)u_xx,0.1185,-0.0125
KdV,u^2,uu_xx,P2(u),P1(u)u_xx,-0.9258,-0.9915
KdV,u^2,u^2u_xx,P2(u),P2(u)u_xx,0.7591,-0.0675
KdV,u^2,u^3u_xx,P2(u),P3(u)u_xx,-0.9441,0.9505
KdV,u^2,u^4u_xx,P2(u),P4(u)u_xx,0.7594,0.0502
KdV,u^2,u^5u_xx,P2(u),P5(u)u_xx,-0.8811,-0.6666
KdV,u^2,u^6u_xx,P2(u),P6(u)u_xx,0.6978,0.0162
KdV,u^2,u_xxx,P2(u),P0(u)u_xxx,0.0085,0.0076
KdV,u^2,uu_xxx,P2(u),P1(u)u_xxx,0.0036,0.0044
KdV,u^2,u^2u_xxx,P2(u),P2(u)u_xxx,0.0069,-0.0045
KdV,u^2,u^3u_xxx,P2(u),P3(u)u_xxx,0.0222,0.0188
KdV,u^2,u^4u_xxx,P2(u),P4(u)u_xxx,-0.0012,0.0045
KdV,u^2,u^5u_xxx,P2(u),P5(u)u_xxx,0.0269,-0.0177
KdV,u^2,u^6u_xxx,P2(u),P6(u)u_xxx,-0.0065,-0.0055
KdV,u^2,u_xxxx,P2(u),P0(u)u_xxxx,-0.0219,0.0023
KdV,u^2,uu_xxxx,P2(u),P1(u)u_xxxx,0.9255,0.9905
KdV,u^2,u^2u_xxxx,P2(u),P2(u)u_xxxx,-0.7707,0.0453
KdV,u^2,u^3u_xxxx,P2(u),P3(u)u_xxxx,0.9434,-0.949
KdV,u^2,u^4u_xxxx,P2(u),P4(u)u_xxxx,-0.7644,-0.034
KdV,u^2,u^5u_xxxx,P2(u),P5(u)u_xxxx,0.8788,0.6667
KdV,u^2,u^6u_xxxx,P2(u),P6(u)u_xxxx,-0.7006,-0.0244
KdV,u^2,u_xxxxx,P2(u),P0(u)u_xxxxx,-0.0008,0.0004
KdV,u^2,uu_xxxxx,P2(u),P1(u)u_xxxxx,-0.0168,-0.0052
KdV,u^2,u^2u_xxxxx,P2(u),P2(u)u_xxxxx,0.1861,0.105
KdV,u^2,u^3u_xxxxx,P2(u),P3(u)u_xxxxx,-0.0959,-0.001
KdV,u^2,u^4u_xxxxx,P2(u),P4(u)u_xxxxx,0.2008,-0.1404
KdV,u^2,u^5u_xxxxx,P2(u),P5(u)u_xxxxx,-0.1121,-0.0027
KdV,u^2,u^6u_xxxxx,P2(u),P6(u)u_xxxxx,0.1564,0.0912
KdV,u^2,u_xxxxxx,P2(u),P0(u)u_xxxxxx,0.0156,0.0004
KdV,u^2,uu_xxxxxx,P2(u),P1(u)u_xxxxxx,-0.9268,-0.9902
KdV,u^2,u^2u_xxxxxx,P2(u),P2(u)u_xxxxxx,0.7744,-0.0319
KdV,u^2,u^3u_xxxxxx,P2(u),P3(u)u_xxxxxx,-0.9434,0.9482
KdV,u^2,u^4u_xxxxxx,P2(u),P4(u)u_xxxxxx,0.7663,0.0234
KdV,u^2,u^5u_xxxxxx,P2(u),P5(u)u_xxxxxx,-0.8775,-0.6643
KdV,u^2,u^6u_xxxxxx,P2(u),P6(u)u_xxxxxx,0.7017,0.0306
KdV,u^3,u^4,P3(u),P4(u),-0.7591,-0.1039
KdV,u^3,u^5,P3(u),P5(u),0.9531,-0.9656
KdV,u^3,u^6,P3(u),P6(u),-0.7575,0.1047
KdV,u^3,u_x,P3(u),P0(u)u_x,0.0194,0.004
KdV,u^3,uu_x,P3(u),P1(u)u_x,-0.0001,-0.0071
KdV,u^3,u^2u_x,P3(u),P2(u)u_x,0.0765,-0.0038
KdV,u^3,u^3u_x,P3(u),P3(u)u_x,-0.1058,0.0401
KdV,u^3,u^4u_x,P3(u),P4(u)u_x,0.1457,0.0035
KdV,u^3,u^5u_x,P3(u),P5(u)u_x,-0.1557,-0.0616
KdV,u^3,u^6u_x,P3(u),P6(u)u_x,0.1579,0.0
KdV,u^3,u_xx,P3(u),P0(u)u_xx,-0.3074,0.3824
KdV,u^3,uu_xx,P3(u),P1(u)u_xx,0.4579,-0.0695
KdV,u^3,u^2u_xx,P3(u),P2(u)u_xx,-0.9851,0.6725
KdV,u^3,u^3u_xx,P3(u),P3(u)u_xx,0.6289,0.0435
KdV,u^3,u^4u_xx,P3(u),P4(u)u_xx,-0.9279,-0.8161
KdV,u^3,u^5u_xx,P3(u),P5(u)u_xx,0.6819,0.0209
KdV,u^3,u^6u_xx,P3(u),P6(u)u_xx,-0.8457,0.9017
KdV,u^3,u_xxx,P3(u),P0(u)u_xxx,-0.0088,-0.0025
KdV,u^3,uu_xxx,P3(u),P1(u)u_xxx,-0.0056,0.0046
KdV,u^3,u^2u_xxx,P3(u),P2(u)u_xxx,0.0019,-0.0022
KdV,u^3,u^3u_xxx,P3(u),P3(u)u_xxx,-0.012,-0.0065
KdV,u^3,u^4u_xxx,P3(u),P4(u)u_xxx,0.0125,0.0027
KdV,u^3,u^5u_xxx,P3(u),P5(u)u_xxx,-0.0159,0.0073
KdV,u^3,u^6u_xxx,P3(u),P6(u)u_xxx,0.0167,-0.005
KdV,u^3,u_xxxx,P3(u),P0(u)u_xxxx,0.0663,-0.0705
KdV,u^3,uu_xxxx,P3(u),P1(u)u_xxxx,-0.4608,0.0756
KdV,u^3,u^2u_xxxx,P3(u),P2(u)u_xxxx,0.9818,-0.7101
KdV,u^3,u^3u_xxxx,P3(u),P3(u)u_xxxx,-0.6341,-0.049
KdV,u^3,u^4u_xxxx,P3(u),P4(u)u_xxxx,0.9232,0.8278
KdV,u^3,u^5u_xxxx,P3(u),P5(u)u_xxxx,-0.6872,-0.0157
KdV,u^3,u^6u_xxxx,P3(u),P6(u)u_xxxx,0.8417,-0.9058
KdV,u^3,u_xxxxx,P3(u),P0(u)u_xxxxx,0.003,0.0016
KdV,u^3,uu_xxxxx,P3(u),P1(u)u_xxxxx,0.0399,-0.0292
KdV,u^3,u^2u_xxxxx,P3(u),P2(u)u_xxxxx,-0.0978,0.0037
KdV,u^3,u^3u_xxxxx,P3(u),P3(u)u_xxxxx,0.1152,0.0031
KdV,u^3,u^4u_xxxxx,P3(u),P4(u)u_xxxxx,-0.1324,-0.0034
KdV,u^3,u^5u_xxxxx,P3(u),P5(u)u_xxxxx,0.1236,0.0213
KdV,u^3,u^6u_xxxxx,P3(u),P6(u)u_xxxxx,-0.1189,0.002
KdV,u^3,u_xxxxxx,P3(u),P0(u)u_xxxxxx,-0.0455,0.0444
KdV,u^3,uu_xxxxxx,P3(u),P1(u)u_xxxxxx,0.4658,-0.0796
KdV,u^3,u^2u_xxxxxx,P3(u),P2(u)u_xxxxxx,-0.98,0.7085
KdV,u^3,u^3u_xxxxxx,P3(u),P3(u)u_xxxxxx,0.6391,0.0525
KdV,u^3,u^4u_xxxxxx,P3(u),P4(u)u_xxxxxx,-0.9209,-0.8273
KdV,u^3,u^5u_xxxxxx,P3(u),P5(u)u_xxxxxx,0.6916,0.0131
KdV,u^3,u^6u_xxxxxx,P3(u),P6(u)u_xxxxxx,-0.8398,0.9041
KdV,u^4,u^5,P4(u),P5(u),-0.8355,0.1928
KdV,u^4,u^6,P4(u),P6(u),0.9748,-0.9864
KdV,u^4,u_x,P4(u),P0(u)u_x,-0.0332,0.0187
KdV,u^4,uu_x,P4(u),P1(u)u_x,0.0225,-0.0
KdV,u^4,u^2u_x,P4(u),P2(u)u_x,-0.1764,0.0172
KdV,u^4,u^3u_x,P4(u),P3(u)u_x,0.1199,0.0242
KdV,u^4,u^4u_x,P4(u),P4(u)u_x,-0.2932,-0.0473
KdV,u^4,u^5u_x,P4(u),P5(u)u_x,0.1701,-0.0249
KdV,u^4,u^6u_x,P4(u),P6(u)u_x,-0.2869,0.046
KdV,u^4,u_xx,P4(u),P0(u)u_xx,0.1106,0.0138
KdV,u^4,uu_xx,P4(u),P1(u)u_xx,-0.8911,0.9775
KdV,u^4,u^2u_xx,P4(u),P2(u)u_xx,0.8107,0.0791
KdV,u^4,u^3u_xx,P4(u),P3(u)u_xx,-0.9811,-0.974
KdV,u^4,u^4u_xx,P4(u),P4(u)u_xx,0.8592,-0.0642
KdV,u^4,u^5u_xx,P4(u),P5(u)u_xx,-0.9714,0.7484
KdV,u^4,u^6u_xx,P4(u),P6(u)u_xx,0.8245,0.0005
KdV,u^4,u_xxx,P4(u),P0(u)u_xxx,0.0146,-0.0051
KdV,u^4,uu_xxx,P4(u),P1(u)u_xxx,0.002,-0.0051
KdV,u^4,u^2u_xxx,P4(u),P2(u)u_xxx,0.0105,0.0023
KdV,u^4,u^3u_xxx,P4(u),P3(u)u_xxx,0.0239,-0.0165
KdV,u^4,u^4u_xxx,P4(u),P4(u)u_xxx,-0.0008,-0.0028
KdV,u^4,u^5u_xxx,P4(u),P5(u)u_xxx,0.0306,0.0163
KdV,u^4,u^6u_xxx,P4(u),P6(u)u_xxx,-0.0078,0.0045
KdV,u^4,u_xxxx,P4(u),P0(u)u_xxxx,-0.0227,-0.0031
KdV,u^4,uu_xxxx,P4(u),P1(u)u_xxxx,0.8925,-0.976
KdV,u^4,u^2u_xxxx,P4(u),P2(u)u_xxxx,-0.8235,-0.0576
KdV,u^4,u^3u_xxxx,P4(u),P3(u)u_xxxx,0.9819,0.9718
KdV,u^4,u^4u_xxxx,P4(u),P4(u)u_xxxx,-0.865,0.0482
KdV,u^4,u^5u_xxxx,P4(u),P5(u)u_xxxx,0.9705,-0.7466
KdV,u^4,u^6u_xxxx,P4(u),P6(u)u_xxxx,-0.8279,0.0081
KdV,u^4,u_xxxxx,P4(u),P0(u)u_xxxxx,-0.0046,-0.0016
KdV,u^4,uu_xxxxx,P4(u),P1(u)u_xxxxx,-0.0208,0.0047
KdV,u^4,u^2u_xxxxx,P4(u),P2(u)u_xxxxx,0.1927,-0.0975
KdV,u^4,u^3u_xxxxx,P4(u),P3(u)u_xxxxx,-0.1116,0.0008
KdV,u^4,u^4u_xxxxx,P4(u),P4(u)u_xxxxx,0.2202,0.1354
KdV,u^4,u^5u_xxxxx,P4(u),P5(u)u_xxxxx,-0.1333,0.0027
KdV,u^4,u^6u_xxxxx,P4(u),P6(u)u_xxxxx,0.1788,-0.0908
KdV,u^4,u_xxxxxx,P4(u),P0(u)u_xxxxxx,0.0171,0.0006
KdV,u^4,uu_xxxxxx,P4(u),P1(u)u_xxxxxx,-0.8944,0.9756
KdV,u^4,u^2u_xxxxxx,P4(u),P2(u)u_xxxxxx,0.8278,0.0448
KdV,u^4,u^3u_xxxxxx,P4(u),P3(u)u_xxxxxx,-0.9828,-0.971
KdV,u^4,u^4u_xxxxxx,P4(u),P4(u)u_xxxxxx,0.8672,-0.0378
KdV,u^4,u^5u_xxxxxx,P4(u),P5(u)u_xxxxxx,-0.97,0.7439
KdV,u^4,u^6u_xxxxxx,P4(u),P6(u)u_xxxxxx,0.8294,-0.0146
KdV,u^5,u^6,P5(u),P6(u),-0.872,-0.1977
KdV,u^5,u_x,P5(u),P0(u)u_x,0.0306,-0.006
KdV,u^5,uu_x,P5(u),P1(u)u_x,-0.0156,0.0049
KdV,u^5,u^2u_x,P5(u),P2(u)u_x,0.1137,0.0093
KdV,u^5,u^3u_x,P5(u),P3(u)u_x,-0.1313,-0.0253
KdV,u^5,u^4u_x,P5(u),P4(u)u_x,0.2019,-0.0112
KdV,u^5,u^5u_x,P5(u),P5(u)u_x,-0.1906,0.0426
KdV,u^5,u^6u_x,P5(u),P6(u)u_x,0.2129,0.0073
KdV,u^5,u_xx,P5(u),P0(u)u_xx,-0.2335,-0.3435
KdV,u^5,uu_xx,P5(u),P1(u)u_xx,0.547,0.1544
KdV,u^5,u^2u_xx,P5(u),P2(u)u_xx,-0.9707,-0.4824
KdV,u^5,u^3u_xx,P5(u),P3(u)u_xx,0.7316,-0.1385
KdV,u^5,u^4u_xx,P5(u),P4(u)u_xx,-0.9939,0.6425
KdV,u^5,u^5u_xx,P5(u),P5(u)u_xx,0.809,0.0689
KdV,u^5,u^6u_xx,P5(u),P6(u)u_xx,-0.9589,-0.7762
KdV,u^5,u_xxx,P5(u),P0(u)u_xxx,-0.0182,0.0009
KdV,u^5,uu_xxx,P5(u),P1(u)u_xxx,-0.0019,-0.0039
KdV,u^5,u^2u_xxx,P5(u),P2(u)u_xxx,-0.0041,0.0028
KdV,u^5,u^3u_xxx,P5(u),P3(u)u_xxx,-0.0153,0.0036
KdV,u^5,u^4u_xxx,P5(u),P4(u)u_xxx,0.0112,-0.0046
KdV,u^5,u^5u_xxx,P5(u),P5(u)u_xxx,-0.0213,-0.0053
KdV,u^5,u^6u_xxx,P5(u),P6(u)u_xxx,0.0189,0.0067
KdV,u^5,u_xxxx,P5(u),P0(u)u_xxxx,0.0519,0.0586
KdV,u^5,uu_xxxx,P5(u),P1(u)u_xxxx,-0.5508,-0.1584
KdV,u^5,u^2u_xxxx,P5(u),P2(u)u_xxxx,0.9727,0.528
KdV,u^5,u^3u_xxxx,P5(u),P3(u)u_xxxx,-0.7373,0.1424
KdV,u^5,u^4u_xxxx,P5(u),P4(u)u_xxxx,0.992,-0.6594
KdV,u^5,u^5u_xxxx,P5(u),P5(u)u_xxxx,-0.8147,-0.0729
KdV,u^5,u^6u_xxxx,P5(u),P6(u)u_xxxx,0.9565,0.7838
KdV,u^5,u_xxxxx,P5(u),P0(u)u_xxxxx,0.0086,0.0001
KdV,u^5,uu_xxxxx,P5(u),P1(u)u_xxxxx,0.0369,0.0211
KdV,u^5,u^2u_xxxxx,P5(u),P2(u)u_xxxxx,-0.1235,-0.0146
KdV,u^5,u^3u_xxxxx,P5(u),P3(u)u_xxxxx,0.1276,-0.0037
KdV,u^5,u^4u_xxxxx,P5(u),P4(u)u_xxxxx,-0.1656,0.0188
KdV,u^5,u^5u_xxxxx,P5(u),P5(u)u_xxxxx,0.1446,-0.013
KdV,u^5,u^6u_xxxxx,P5(u),P6(u)u_xxxxx,-0.1497,-0.0128
KdV,u^5,u_xxxxxx,P5(u),P0(u)u_xxxxxx,-0.0366,-0.0357
KdV,u^5,uu_xxxxxx,P5(u),P1(u)u_xxxxxx,0.5555,0.1613
KdV,u^5,u^2u_xxxxxx,P5(u),P2(u)u_xxxxxx,-0.9728,-0.5286
KdV,u^5,u^3u_xxxxxx,P5(u),P3(u)u_xxxxxx,0.7422,-0.1451
KdV,u^5,u^4u_xxxxxx,P5(u),P4(u)u_xxxxxx,-0.9909,0.6602
KdV,u^5,u^5u_xxxxxx,P5(u),P5(u)u_xxxxxx,0.8191,0.0751
KdV,u^5,u^6u_xxxxxx,P5(u),P6(u)u_xxxxxx,-0.9551,-0.7829
KdV,u^6,u_x,P6(u),P0(u)u_x,-0.0401,-0.0136
KdV,u^6,uu_x,P6(u),P1(u)u_x,0.0303,-0.0008
KdV,u^6,u^2u_x,P6(u),P2(u)u_x,-0.1829,-0.0186
KdV,u^6,u^3u_x,P6(u),P3(u)u_x,0.1365,-0.021
KdV,u^6,u^4u_x,P6(u),P4(u)u_x,-0.3079,0.0466
KdV,u^6,u^5u_x,P6(u),P5(u)u_x,0.1939,0.0229
KdV,u^6,u^6u_x,P6(u),P6(u)u_x,-0.3104,-0.0462
KdV,u^6,u_xx,P6(u),P0(u)u_xx,0.107,-0.014
KdV,u^6,uu_xx,P6(u),P1(u)u_xx,-0.8099,-0.9373
KdV,u^6,u^2u_xx,P6(u),P2(u)u_xx,0.8114,-0.0852
KdV,u^6,u^3u_xx,P6(u),P3(u)u_xx,-0.9492,0.9714
KdV,u^6,u^4u_xx,P6(u),P4(u)u_xx,0.8974,0.0743
KdV,u^6,u^5u_xx,P6(u),P5(u)u_xx,-0.9911,-0.8226
KdV,u^6,u^6u_xx,P6(u),P6(u)u_xx,0.8963,-0.0166
KdV,u^6,u_xxx,P6(u),P0(u)u_xxx,0.0218,0.0014
KdV,u^6,uu_xxx,P6(u),P1(u)u_xxx,-0.0002,0.0046
KdV,u^6,u^2u_xxx,P6(u),P2(u)u_xxx,0.0149,0.0004
KdV,u^6,u^3u_xxx,P6(u),P3(u)u_xxx,0.0232,0.0145
KdV,u^6,u^4u_xxx,P6(u),P4(u)u_xxx,0.0007,0.0011
KdV,u^6,u^5u_xxx,P6(u),P5(u)u_xxx,0.032,-0.0146
KdV,u^6,u^6u_xxx,P6(u),P6(u)u_xxx,-0.009,-0.0034
KdV,u^6,u_xxxx,P6(u),P0(u)u_xxxx,-0.0226,0.0037
KdV,u^6,uu_xxxx,P6(u),P1(u)u_xxxx,0.8123,0.9354
KdV,u^6,u^2u_xxxx,P6(u),P2(u)u_xxxx,-0.824,0.0649
KdV,u^6,u^3u_xxxx,P6(u),P3(u)u_xxxx,0.9514,-0.9686
KdV,u^6,u^4u_xxxx,P6(u),P4(u)u_xxxx,-0.9035,-0.0588
KdV,u^6,u^5u_xxxx,P6(u),P5(u)u_xxxx,0.9917,0.8185
KdV,u^6,u^6u_xxxx,P6(u),P6(u)u_xxxx,-0.9002,0.0077
KdV,u^6,u_xxxxx,P6(u),P0(u)u_xxxxx,-0.01,0.003
KdV,u^6,uu_xxxxx,P6(u),P1(u)u_xxxxx,-0.0228,-0.0036
KdV,u^6,u^2u_xxxxx,P6(u),P2(u)u_xxxxx,0.1842,0.0878
KdV,u^6,u^3u_xxxxx,P6(u),P3(u)u_xxxxx,-0.1192,-0.0007
KdV,u^6,u^4u_xxxxx,P6(u),P4(u)u_xxxxx,0.2228,-0.1265
KdV,u^6,u^5u_xxxxx,P6(u),P5(u)u_xxxxx,-0.1461,-0.0029
KdV,u^6,u^6u_xxxxx,P6(u),P6(u)u_xxxxx,0.19,0.0876
KdV,u^6,u_xxxxxx,P6(u),P0(u)u_xxxxxx,0.0173,-0.0014
KdV,u^6,uu_xxxxxx,P6(u),P1(u)u_xxxxxx,-0.8147,-0.9349
KdV,u^6,u^2u_xxxxxx,P6(u),P2(u)u_xxxxxx,0.8283,-0.053
KdV,u^6,u^3u_xxxxxx,P6(u),P3(u)u_xxxxxx,-0.953,0.9678
KdV,u^6,u^4u_xxxxxx,P6(u),P4(u)u_xxxxxx,0.906,0.049
KdV,u^6,u^5u_xxxxxx,P6(u),P5(u)u_xxxxxx,-0.992,-0.8155
KdV,u^6,u^6u_xxxxxx,P6(u),P6(u)u_xxxxxx,0.902,-0.0012
KdV,u_x,uu_x,P0(u)u_x,P1(u)u_x,-0.7001,0.1387
KdV,u_x,u^2u_x,P0(u)u_x,P2(u)u_x,0.8217,-0.9904
KdV,u_x,u^3u_x,P0(u)u_x,P3(u)u_x,-0.4787,-0.1379
KdV,u_x,u^4u_x,P0(u)u_x,P4(u)u_x,0.5315,0.9296
KdV,u_x,u^5u_x,P0(u)u_x,P5(u)u_x,-0.272,0.117
KdV,u_x,u^6u_x,P0(u)u_x,P6(u)u_x,0.297,-0.7947
KdV,u_x,u_xx,P0(u)u_x,P0(u)u_xx,0.0,0.0
KdV,u_x,uu_xx,P0(u)u_x,P1(u)u_xx,0.0188,0.0183
KdV,u_x,u^2u_xx,P0(u)u_x,P2(u)u_xx,-0.0192,-0.012
KdV,u_x,u^3u_xx,P0(u)u_x,P3(u)u_xx,0.0291,-0.0111
KdV,u_x,u^4u_xx,P0(u)u_x,P4(u)u_xx,-0.0301,0.0006
KdV,u_x,u^5u_xx,P0(u)u_x,P5(u)u_xx,0.0368,-0.0093
KdV,u_x,u^6u_xx,P0(u)u_x,P6(u)u_xx,-0.0354,0.0106
KdV,u_x,u_xxx,P0(u)u_x,P0(u)u_xxx,-0.5386,-0.5386
KdV,u_x,uu_xxx,P0(u)u_x,P1(u)u_xxx,0.0224,-0.1437
KdV,u_x,u^2u_xxx,P0(u)u_x,P2(u)u_xxx,-0.2067,0.5177
KdV,u_x,u^3u_xxx,P0(u)u_x,P3(u)u_xxx,-0.0079,0.1352
KdV,u_x,u^4u_xxx,P0(u)u_x,P4(u)u_xxx,-0.0634,-0.3697
KdV,u_x,u^5u_xxx,P0(u)u_x,P5(u)u_xxx,-0.0103,-0.1001
KdV,u_x,u^6u_xxx,P0(u)u_x,P6(u)u_xxx,-0.0191,0.2114
KdV,u_x,u_xxxx,P0(u)u_x,P0(u)u_xxxx,-0.0,-0.0
KdV,u_x,uu_xxxx,P0(u)u_x,P1(u)u_xxxx,-0.0182,-0.0177
KdV,u_x,u^2u_xxxx,P0(u)u_x,P2(u)u_xxxx,0.0186,0.01
KdV,u_x,u^3u_xxxx,P0(u)u_x,P3(u)u_xxxx,-0.0286,0.01
KdV,u_x,u^4u_xxxx,P0(u)u_x,P4(u)u_xxxx,0.0296,0.0012
KdV,u_x,u^5u_xxxx,P0(u)u_x,P5(u)u_xxxx,-0.0362,0.0113
KdV,u_x,u^6u_xxxx,P0(u)u_x,P6(u)u_xxxx,0.0349,-0.0125
KdV,u_x,u_xxxxx,P0(u)u_x,P0(u)u_xxxxx,0.196,0.196
KdV,u_x,uu_xxxxx,P0(u)u_x,P1(u)u_xxxxx,0.0527,0.101
KdV,u_x,u^2u_xxxxx,P0(u)u_x,P2(u)u_xxxxx,0.0544,-0.1825
KdV,u_x,u^3u_xxxxx,P0(u)u_x,P3(u)u_xxxxx,0.0446,-0.091
KdV,u_x,u^4u_xxxxx,P0(u)u_x,P4(u)u_xxxxx,0.0004,0.1134
KdV,u_x,u^5u_xxxxx,P0(u)u_x,P5(u)u_xxxxx,0.0311,0.0598
KdV,u_x,u^6u_xxxxx,P0(u)u_x,P6(u)u_xxxxx,-0.0138,-0.0557
KdV,u_x,u_xxxxxx,P0(u)u_x,P0(u)u_xxxxxx,-0.0,-0.0
KdV,u_x,uu_xxxxxx,P0(u)u_x,P1(u)u_xxxxxx,0.0165,0.0161
KdV,u_x,u^2u_xxxxxx,P0(u)u_x,P2(u)u_xxxxxx,-0.017,-0.009
KdV,u_x,u^3u_xxxxxx,P0(u)u_x,P3(u)u_xxxxxx,0.0274,-0.0077
KdV,u_x,u^4u_xxxxxx,P0(u)u_x,P4(u)u_xxxxxx,-0.0283,-0.0024
KdV,u_x,u^5u_xxxxxx,P0(u)u_x,P5(u)u_xxxxxx,0.035,-0.0148
KdV,u_x,u^6u_xxxxxx,P0(u)u_x,P6(u)u_xxxxxx,-0.0337,0.0136
KdV,uu_x,u^2u_x,P1(u)u_x,P2(u)u_x,-0.7066,-0.1313
KdV,uu_x,u^3u_x,P1(u)u_x,P3(u)u_x,0.7861,-0.9324
KdV,uu_x,u^4u_x,P1(u)u_x,P4(u)u_x,-0.545,0.1076
KdV,uu_x,u^5u_x,P1(u)u_x,P5(u)u_x,0.4942,0.7452
KdV,uu_x,u^6u_x,P1(u)u_x,P6(u)u_x,-0.3602,-0.0752
KdV,uu_x,u_xx,P1(u)u_x,P0(u)u_xx,-0.0134,-0.0054
KdV,uu_x,uu_xx,P1(u)u_x,P1(u)u_xx,-0.0161,-0.002
KdV,uu_x,u^2u_xx,P1(u)u_x,P2(u)u_xx,-0.0004,-0.0061
KdV,uu_x,u^3u_xx,P1(u)u_x,P3(u)u_xx,-0.0219,-0.0004
KdV,uu_x,u^4u_xx,P1(u)u_x,P4(u)u_xx,0.0155,0.0088
KdV,uu_x,u^5u_xx,P1(u)u_x,P5(u)u_xx,-0.0288,0.0012
KdV,uu_x,u^6u_xx,P1(u)u_x,P6(u)u_xx,0.0268,-0.0099
KdV,uu_x,u_xxx,P1(u)u_x,P0(u)u_xxx,0.2947,-0.1667
KdV,uu_x,uu_xxx,P1(u)u_x,P1(u)u_xxx,-0.4752,-0.712
KdV,uu_x,u^2u_xxx,P1(u)u_x,P2(u)u_xxx,0.2422,0.1305
KdV,uu_x,u^3u_xxx,P1(u)u_x,P3(u)u_xxx,-0.331,0.6507
KdV,uu_x,u^4u_xxx,P1(u)u_x,P4(u)u_xxx,0.1664,-0.0467
KdV,uu_x,u^5u_xxx,P1(u)u_x,P5(u)u_xxx,-0.197,-0.4492
KdV,uu_x,u^6u_xxx,P1(u)u_x,P6(u)u_xxx,0.1135,-0.0008
KdV,uu_x,u_xxxx,P1(u)u_x,P0(u)u_xxxx,-0.0125,-0.0246
KdV,uu_x,uu_xxxx,P1(u)u_x,P1(u)u_xxxx,0.0157,0.0017
KdV,uu_x,u^2u_xxxx,P1(u)u_x,P2(u)u_xxxx,-0.0014,0.0105
KdV,uu_x,u^3u_xxxx,P1(u)u_x,P3(u)u_xxxx,0.0218,0.0005
KdV,uu_x,u^4u_xxxx,P1(u)u_x,P4(u)u_xxxx,-0.0161,-0.0092
KdV,uu_x,u^5u_xxxx,P1(u)u_x,P5(u)u_xxxx,0.0285,-0.001
KdV,uu_x,u^6u_xxxx,P1(u)u_x,P6(u)u_xxxx,-0.0266,0.0092
KdV,uu_x,u_xxxxx,P1(u)u_x,P0(u)u_xxxxx,-0.1196,0.0277
KdV,uu_x,uu_xxxxx,P1(u)u_x,P1(u)u_xxxxx,0.3556,0.5883
KdV,uu_x,u^2u_xxxxx,P1(u)u_x,P2(u)u_xxxxx,-0.1411,0.0054
KdV,uu_x,u^3u_xxxxx,P1(u)u_x,P3(u)u_xxxxx,0.2603,-0.5313
KdV,uu_x,u^4u_xxxxx,P1(u)u_x,P4(u)u_xxxxx,-0.1105,-0.0475
KdV,uu_x,u^5u_xxxxx,P1(u)u_x,P5(u)u_xxxxx,0.1573,0.354
KdV,uu_x,u^6u_xxxxx,P1(u)u_x,P6(u)u_xxxxx,-0.0801,0.0474
KdV,uu_x,u_xxxxxx,P1(u)u_x,P0(u)u_xxxxxx,0.0131,0.0272
KdV,uu_x,uu_xxxxxx,P1(u)u_x,P1(u)u_xxxxxx,-0.0142,-0.0015
KdV,uu_x,u^2u_xxxxxx,P1(u)u_x,P2(u)u_xxxxxx,0.0002,-0.0111
KdV,uu_x,u^3u_xxxxxx,P1(u)u_x,P3(u)u_xxxxxx,-0.0205,-0.0004
KdV,uu_x,u^4u_xxxxxx,P1(u)u_x,P4(u)u_xxxxxx,0.0148,0.0092
KdV,uu_x,u^5u_xxxxxx,P1(u)u_x,P5(u)u_xxxxxx,-0.027,0.0004
KdV,uu_x,u^6u_xxxxxx,P1(u)u_x,P6(u)u_xxxxxx,0.0249,-0.009
KdV,u^2u_x,u^3u_x,P2(u)u_x,P3(u)u_x,-0.6781,0.1378
KdV,u^2u_x,u^4u_x,P2(u)u_x,P4(u)u_x,0.8631,-0.9683
KdV,u^2u_x,u^5u_x,P2(u)u_x,P5(u)u_x,-0.4867,-0.1234
KdV,u^2u_x,u^6u_x,P2(u)u_x,P6(u)u_x,0.5971,0.8536
KdV,u^2u_x,u_xx,P2(u)u_x,P0(u)u_xx,0.0106,0.0017
KdV,u^2u_x,uu_xx,P2(u)u_x,P1(u)u_xx,0.1691,0.0204
KdV,u^2u_x,u^2u_xx,P2(u)u_x,P2(u)u_xx,-0.0907,0.0174
KdV,u^2u_x,u^3u_xx,P2(u)u_x,P3(u)u_xx,0.1839,-0.022
KdV,u^2u_x,u^4u_xx,P2(u)u_x,P4(u)u_xx,-0.1228,-0.0062
KdV,u^2u_x,u^5u_xx,P2(u)u_x,P5(u)u_xx,0.1884,0.0251
KdV,u^2u_x,u^6u_xx,P2(u)u_x,P6(u)u_xx,-0.1348,-0.007
KdV,u^2u_x,u_xxx,P2(u)u_x,P0(u)u_xxx,-0.4484,0.5233
KdV,u^2u_x,uu_xxx,P2(u)u_x,P1(u)u_xxx,0.1042,0.1287
KdV,u^2u_x,u^2u_xxx,P2(u)u_x,P2(u)u_xxx,-0.4617,-0.5356
KdV,u^2u_x,u^3u_xxx,P2(u)u_x,P3(u)u_xxx,0.1158,-0.1295
KdV,u^2u_x,u^4u_xxx,P2(u)u_x,P4(u)u_xxx,-0.3143,0.4195
KdV,u^2u_x,u^5u_xxx,P2(u)u_x,P5(u)u_xxx,0.0954,0.1046
KdV,u^2u_x,u^6u_xxx,P2(u)u_x,P6(u)u_xxx,-0.1968,-0.2563
KdV,u^2u_x,u_xxxx,P2(u)u_x,P0(u)u_xxxx,-0.0012,-0.0002
KdV,u^2u_x,uu_xxxx,P2(u)u_x,P1(u)u_xxxx,-0.1686,-0.021
KdV,u^2u_x,u^2u_xxxx,P2(u)u_x,P2(u)u_xxxx,0.0939,-0.0147
KdV,u^2u_x,u^3u_xxxx,P2(u)u_x,P3(u)u_xxxx,-0.1831,0.023
KdV,u^2u_x,u^4u_xxxx,P2(u)u_x,P4(u)u_xxxx,0.1243,0.0039
KdV,u^2u_x,u^5u_xxxx,P2(u)u_x,P5(u)u_xxxx,-0.1867,-0.0271
KdV,u^2u_x,u^6u_xxxx,P2(u)u_x,P6(u)u_xxxx,0.1354,0.0091
KdV,u^2u_x,u_xxxxx,P2(u)u_x,P0(u)u_xxxxx,0.1897,-0.1822
KdV,u^2u_x,uu_xxxxx,P2(u)u_x,P1(u)u_xxxxx,-0.0266,-0.087
KdV,u^2u_x,u^2u_xxxxx,P2(u)u_x,P2(u)u_xxxxx,0.2467,0.1931
KdV,u^2u_x,u^3u_xxxxx,P2(u)u_x,P3(u)u_xxxxx,-0.0503,0.0845
KdV,u^2u_x,u^4u_xxxxx,P2(u)u_x,P4(u)u_xxxxx,0.1705,-0.147
KdV,u^2u_x,u^5u_xxxxx,P2(u)u_x,P5(u)u_xxxxx,-0.0442,-0.0624
KdV,u^2u_x,u^6u_xxxxx,P2(u)u_x,P6(u)u_xxxxx,0.1039,0.0851
KdV,u^2u_x,u_xxxxxx,P2(u)u_x,P0(u)u_xxxxxx,-0.0,-0.0002
KdV,u^2u_x,uu_xxxxxx,P2(u)u_x,P1(u)u_xxxxxx,0.1668,0.0225
KdV,u^2u_x,u^2u_xxxxxx,P2(u)u_x,P2(u)u_xxxxxx,-0.0933,0.0132
KdV,u^2u_x,u^3u_xxxxxx,P2(u)u_x,P3(u)u_xxxxxx,0.1812,-0.0252
KdV,u^2u_x,u^4u_xxxxxx,P2(u)u_x,P4(u)u_xxxxxx,-0.1233,-0.0023
KdV,u^2u_x,u^5u_xxxxxx,P2(u)u_x,P5(u)u_xxxxxx,0.1842,0.0304
KdV,u^2u_x,u^6u_xxxxxx,P2(u)u_x,P6(u)u_xxxxxx,-0.134,-0.0103
KdV,u^3u_x,u^4u_x,P3(u)u_x,P4(u)u_x,-0.7109,-0.12
KdV,u^3u_x,u^5u_x,P3(u)u_x,P5(u)u_x,0.8732,-0.9062
KdV,u^3u_x,u^6u_x,P3(u)u_x,P6(u)u_x,-0.5883,0.0858
KdV,u^3u_x,u_xx,P3(u)u_x,P0(u)u_xx,0.0052,0.02
KdV,u^3u_x,uu_xx,P3(u)u_x,P1(u)u_xx,-0.0816,0.029
KdV,u^3u_x,u^2u_xx,P3(u)u_x,P2(u)u_xx,0.1105,0.0672
KdV,u^3u_x,u^3u_xx,P3(u)u_x,P3(u)u_xx,-0.1099,-0.0244
KdV,u^3u_x,u^4u_xx,P3(u)u_x,P4(u)u_xx,0.1337,-0.0613
KdV,u^3u_x,u^5u_xx,P3(u)u_x,P5(u)u_xx,-0.13,0.0133
KdV,u^3u_x,u^6u_xx,P3(u)u_x,P6(u)u_xx,0.1453,0.0506
KdV,u^3u_x,u_xxx,P3(u)u_x,P0(u)u_xxx,0.1978,0.1536
KdV,u^3u_x,uu_xxx,P3(u)u_x,P1(u)u_xxx,-0.4696,0.6134
KdV,u^3u_x,u^2u_xxx,P3(u)u_x,P2(u)u_xxx,0.3347,-0.1413
KdV,u^3u_x,u^3u_xxx,P3(u)u_x,P3(u)u_xxx,-0.6226,-0.6934
KdV,u^3u_x,u^4u_xxx,P3(u)u_x,P4(u)u_xxx,0.3584,0.0701
KdV,u^3u_x,u^5u_xxx,P3(u)u_x,P5(u)u_xxx,-0.543,0.594
KdV,u^3u_x,u^6u_xxx,P3(u)u_x,P6(u)u_xxx,0.3021,-0.0076
KdV,u^3u_x,u_xxxx,P3(u)u_x,P0(u)u_xxxx,-0.011,0.0185
KdV,u^3u_x,uu_xxxx,P3(u)u_x,P1(u)u_xxxx,0.0821,-0.0282
KdV,u^3u_x,u^2u_xxxx,P3(u)u_x,P2(u)u_xxxx,-0.1134,-0.0699
KdV,u^3u_x,u^3u_xxxx,P3(u)u_x,P3(u)u_xxxx,0.1105,0.0238
KdV,u^3u_x,u^4u_xxxx,P3(u)u_x,P4(u)u_xxxx,-0.1348,0.061
KdV,u^3u_x,u^5u_xxxx,P3(u)u_x,P5(u)u_xxxx,0.1303,-0.0128
KdV,u^3u_x,u^6u_xxxx,P3(u)u_x,P6(u)u_xxxx,-0.1455,-0.0496
KdV,u^3u_x,u_xxxxx,P3(u)u_x,P0(u)u_xxxxx,-0.0876,-0.0172
KdV,u^3u_x,uu_xxxxx,P3(u)u_x,P1(u)u_xxxxx,0.368,-0.5001
KdV,u^3u_x,u^2u_xxxxx,P3(u)u_x,P2(u)u_xxxxx,-0.221,0.0034
KdV,u^3u_x,u^3u_xxxxx,P3(u)u_x,P3(u)u_xxxxx,0.5043,0.5622
KdV,u^3u_x,u^4u_xxxxx,P3(u)u_x,P4(u)u_xxxxx,-0.2602,0.0289
KdV,u^3u_x,u^5u_xxxxx,P3(u)u_x,P5(u)u_xxxxx,0.4431,-0.4728
KdV,u^3u_x,u^6u_xxxxx,P3(u)u_x,P6(u)u_xxxxx,-0.23,-0.0433
KdV,u^3u_x,u_xxxxxx,P3(u)u_x,P0(u)u_xxxxxx,0.0116,-0.0211
KdV,u^3u_x,uu_xxxxxx,P3(u)u_x,P1(u)u_xxxxxx,-0.0812,0.0277
KdV,u^3u_x,u^2u_xxxxxx,P3(u)u_x,P2(u)u_xxxxxx,0.1125,0.0696
KdV,u^3u_x,u^3u_xxxxxx,P3(u)u_x,P3(u)u_xxxxxx,-0.1096,-0.0236
KdV,u^3u_x,u^4u_xxxxxx,P3(u)u_x,P4(u)u_xxxxxx,0.1333,-0.0606
KdV,u^3u_x,u^5u_xxxxxx,P3(u)u_x,P5(u)u_xxxxxx,-0.129,0.013
KdV,u^3u_x,u^6u_xxxxxx,P3(u)u_x,P6(u)u_xxxxxx,0.1435,0.0491
KdV,u^4u_x,u^5u_x,P4(u)u_x,P5(u)u_x,-0.6574,0.1207
KdV,u^4u_x,u^6u_x,P4(u)u_x,P6(u)u_x,0.8896,-0.947
KdV,u^4u_x,u_xx,P4(u)u_x,P0(u)u_xx,0.0101,-0.0003
KdV,u^4u_x,uu_xx,P4(u)u_x,P1(u)u_xx,0.2719,-0.0506
KdV,u^4u_x,u^2u_xx,P4(u)u_x,P2(u)u_xx,-0.169,-0.0184
KdV,u^4u_x,u^3u_xx,P4(u)u_x,P3(u)u_xx,0.3053,0.0509
KdV,u^4u_x,u^4u_xx,P4(u)u_x,P4(u)u_xx,-0.2176,0.0099
KdV,u^4u_x,u^5u_xx,P4(u)u_x,P5(u)u_xx,0.3187,-0.0423
KdV,u^4u_x,u^6u_xx,P4(u)u_x,P6(u)u_xx,-0.2371,0.0023
KdV,u^4u_x,u_xxx,P4(u)u_x,P0(u)u_xxx,-0.2827,-0.4739
KdV,u^4u_x,uu_xxx,P4(u)u_x,P1(u)u_xxx,0.1641,-0.0927
KdV,u^4u_x,u^2u_xxx,P4(u)u_x,P2(u)u_xxx,-0.5464,0.5311
KdV,u^4u_x,u^3u_xxx,P4(u)u_x,P3(u)u_xxx,0.2752,0.1022
KdV,u^4u_x,u^4u_xxx,P4(u)u_x,P4(u)u_xxx,-0.5914,-0.5038
KdV,u^4u_x,u^5u_xxx,P4(u)u_x,P5(u)u_xxx,0.2926,-0.0994
KdV,u^4u_x,u^6u_xxx,P4(u)u_x,P6(u)u_xxx,-0.5117,0.3704
KdV,u^4u_x,u_xxxx,P4(u)u_x,P0(u)u_xxxx,-0.0029,-0.0011
KdV,u^4u_x,uu_xxxx,P4(u)u_x,P1(u)u_xxxx,-0.272,0.0512
KdV,u^4u_x,u^2u_xxxx,P4(u)u_x,P2(u)u_xxxx,0.1748,0.0152
KdV,u^4u_x,u^3u_xxxx,P4(u)u_x,P3(u)u_xxxx,-0.3046,-0.0519
KdV,u^4u_x,u^4u_xxxx,P4(u)u_x,P4(u)u_xxxx,0.2205,-0.0073
KdV,u^4u_x,u^5u_xxxx,P4(u)u_x,P5(u)u_xxxx,-0.3167,0.0443
KdV,u^4u_x,u^6u_xxxx,P4(u)u_x,P6(u)u_xxxx,0.2383,-0.0043
KdV,u^4u_x,u_xxxxx,P4(u)u_x,P0(u)u_xxxxx,0.1268,0.1518
KdV,u^4u_x,uu_xxxxx,P4(u)u_x,P1(u)u_xxxxx,-0.1016,0.0554
KdV,u^4u_x,u^2u_xxxxx,P4(u)u_x,P2(u)u_xxxxx,0.3334,-0.1974
KdV,u^4u_x,u^3u_xxxxx,P4(u)u_x,P3(u)u_xxxxx,-0.1932,-0.0605
KdV,u^4u_x,u^4u_xxxxx,P4(u)u_x,P4(u)u_xxxxx,0.3904,0.2184
KdV,u^4u_x,u^5u_xxxxx,P4(u)u_x,P5(u)u_xxxxx,-0.2112,0.058
KdV,u^4u_x,u^6u_xxxxx,P4(u)u_x,P6(u)u_xxxxx,0.3558,-0.1757
KdV,u^4u_x,u_xxxxxx,P4(u)u_x,P0(u)u_xxxxxx,0.0003,0.0013
KdV,u^4u_x,uu_xxxxxx,P4(u)u_x,P1(u)u_xxxxxx,0.2706,-0.0524
KdV,u^4u_x,u^2u_xxxxxx,P4(u)u_x,P2(u)u_xxxxxx,-0.1754,-0.0135
KdV,u^4u_x,u^3u_xxxxxx,P4(u)u_x,P3(u)u_xxxxxx,0.3027,0.0537
KdV,u^4u_x,u^4u_xxxxxx,P4(u)u_x,P4(u)u_xxxxxx,-0.2201,0.0058
KdV,u^4u_x,u^5u_xxxxxx,P4(u)u_x,P5(u)u_xxxxxx,0.3138,-0.0472
KdV,u^4u_x,u^6u_xxxxxx,P4(u)u_x,P6(u)u_xxxxxx,-0.237,0.0055
KdV,u^5u_x,u^6u_x,P5(u)u_x,P6(u)u_x,-0.6726,-0.0945
KdV,u^5u_x,u_xx,P5(u)u_x,P0(u)u_xx,0.0121,-0.0152
KdV,u^5u_x,uu_xx,P5(u)u_x,P1(u)u_xx,-0.1166,-0.029
KdV,u^5u_x,u^2u_xx,P5(u)u_x,P2(u)u_xx,0.1646,-0.0913
KdV,u^5u_x,u^3u_xx,P5(u)u_x,P3(u)u_xx,-0.1577,0.0274
KdV,u^5u_x,u^4u_xx,P5(u)u_x,P4(u)u_xx,0.1965,0.0887
KdV,u^5u_x,u^5u_xx,P5(u)u_x,P5(u)u_xx,-0.1875,-0.0201
KdV,u^5u_x,u^6u_xx,P5(u)u_x,P6(u)u_xx,0.2155,-0.0763
KdV,u^5u_x,u_xxx,P5(u)u_x,P0(u)u_xxx,0.1081,-0.1214
KdV,u^5u_x,uu_xxx,P5(u)u_x,P1(u)u_xxx,-0.3339,-0.4132
KdV,u^5u_x,u^2u_xxx,P5(u)u_x,P2(u)u_xxx,0.3069,0.1334
KdV,u^5u_x,u^3u_xxx,P5(u)u_x,P3(u)u_xxx,-0.6536,0.5843
KdV,u^5u_x,u^4u_xxx,P5(u)u_x,P4(u)u_xxx,0.4419,-0.1027
KdV,u^5u_x,u^5u_xxx,P5(u)u_x,P5(u)u_xxx,-0.7491,-0.6881
KdV,u^5u_x,u^6u_xxx,P5(u)u_x,P6(u)u_xxx,0.4499,0.0366
KdV,u^5u_x,u_xxxx,P5(u)u_x,P0(u)u_xxxx,-0.0016,-0.02
KdV,u^5u_x,uu_xxxx,P5(u)u_x,P1(u)u_xxxx,0.1173,0.0279
KdV,u^5u_x,u^2u_xxxx,P5(u)u_x,P2(u)u_xxxx,-0.1676,0.0926
KdV,u^5u_x,u^3u_xxxx,P5(u)u_x,P3(u)u_xxxx,0.1587,-0.0266
KdV,u^5u_x,u^4u_xxxx,P5(u)u_x,P4(u)u_xxxx,-0.1976,-0.0883
KdV,u^5u_x,u^5u_xxxx,P5(u)u_x,P5(u)u_xxxx,0.1882,0.0191
KdV,u^5u_x,u^6u_xxxx,P5(u)u_x,P6(u)u_xxxx,-0.2158,0.0754
KdV,u^5u_x,u_xxxxx,P5(u)u_x,P0(u)u_xxxxx,-0.0486,0.0063
KdV,u^5u_x,uu_xxxxx,P5(u)u_x,P1(u)u_xxxxx,0.2657,0.3233
KdV,u^5u_x,u^2u_xxxxx,P5(u)u_x,P2(u)u_xxxxx,-0.2119,-0.0148
KdV,u^5u_x,u^3u_xxxxx,P5(u)u_x,P3(u)u_xxxxx,0.5364,-0.4662
KdV,u^5u_x,u^4u_xxxxx,P5(u)u_x,P4(u)u_xxxxx,-0.3343,0.0111
KdV,u^5u_x,u^5u_xxxxx,P5(u)u_x,P5(u)u_xxxxx,0.6203,0.5497
KdV,u^5u_x,u^6u_xxxxx,P5(u)u_x,P6(u)u_xxxxx,-0.358,0.0144
KdV,u^5u_x,u_xxxxxx,P5(u)u_x,P0(u)u_xxxxxx,0.0021,0.0202
KdV,u^5u_x,uu_xxxxxx,P5(u)u_x,P1(u)u_xxxxxx,-0.1171,-0.0274
KdV,u^5u_x,u^2u_xxxxxx,P5(u)u_x,P2(u)u_xxxxxx,0.1674,-0.0919
KdV,u^5u_x,u^3u_xxxxxx,P5(u)u_x,P3(u)u_xxxxxx,-0.1583,0.0264
KdV,u^5u_x,u^4u_xxxxxx,P5(u)u_x,P4(u)u_xxxxxx,0.1966,0.088
KdV,u^5u_x,u^5u_xxxxxx,P5(u)u_x,P5(u)u_xxxxxx,-0.1873,-0.0192
KdV,u^5u_x,u^6u_xxxxxx,P5(u)u_x,P6(u)u_xxxxxx,0.2142,-0.0752
KdV,u^6u_x,u_xx,P6(u)u_x,P0(u)u_xx,-0.0047,-0.0049
KdV,u^6u_x,uu_xx,P6(u)u_x,P1(u)u_xx,0.2527,0.0476
KdV,u^6u_x,u^2u_xx,P6(u)u_x,P2(u)u_xx,-0.1799,0.0184
KdV,u^6u_x,u^3u_xx,P6(u)u_x,P3(u)u_xx,0.2956,-0.0498
KdV,u^6u_x,u^4u_xx,P6(u)u_x,P4(u)u_xx,-0.2285,-0.0123
KdV,u^6u_x,u^5u_xx,P6(u)u_x,P5(u)u_xx,0.3203,0.0439
KdV,u^6u_x,u^6u_xx,P6(u)u_x,P6(u)u_xx,-0.2525,0.0038
KdV,u^6u_x,u_xxx,P6(u)u_x,P0(u)u_xxx,-0.1482,0.3881
KdV,u^6u_x,uu_xxx,P6(u)u_x,P1(u)u_xxx,0.1575,0.0535
KdV,u^6u_x,u^2u_xxx,P6(u)u_x,P2(u)u_xxx,-0.4507,-0.4626
KdV,u^6u_x,u^3u_xxx,P6(u)u_x,P3(u)u_xxx,0.3194,-0.0603
KdV,u^6u_x,u^4u_xxx,P6(u)u_x,P4(u)u_xxx,-0.6687,0.5264
KdV,u^6u_x,u^5u_xxx,P6(u)u_x,P5(u)u_xxx,0.4067,0.0691
KdV,u^6u_x,u^6u_xxx,P6(u)u_x,P6(u)u_xxx,-0.7338,-0.5129
KdV,u^6u_x,u_xxxx,P6(u)u_x,P0(u)u_xxxx,0.0058,0.0055
KdV,u^6u_x,uu_xxxx,P6(u)u_x,P1(u)u_xxxx,-0.253,-0.048
KdV,u^6u_x,u^2u_xxxx,P6(u)u_x,P2(u)u_xxxx,0.1852,-0.0153
KdV,u^6u_x,u^3u_xxxx,P6(u)u_x,P3(u)u_xxxx,-0.2952,0.0507
KdV,u^6u_x,u^4u_xxxx,P6(u)u_x,P4(u)u_xxxx,0.2311,0.01
KdV,u^6u_x,u^5u_xxxx,P6(u)u_x,P5(u)u_xxxx,-0.3185,-0.0457
KdV,u^6u_x,u^6u_xxxx,P6(u)u_x,P6(u)u_xxxx,0.2535,-0.0019
KdV,u^6u_x,u_xxxxx,P6(u)u_x,P0(u)u_xxxxx,0.0663,-0.111
KdV,u^6u_x,uu_xxxxx,P6(u)u_x,P1(u)u_xxxxx,-0.1137,-0.0249
KdV,u^6u_x,u^2u_xxxxx,P6(u)u_x,P2(u)u_xxxxx,0.2892,0.1678
KdV,u^6u_x,u^3u_xxxxx,P6(u)u_x,P3(u)u_xxxxx,-0.245,0.0273
KdV,u^6u_x,u^4u_xxxxx,P6(u)u_x,P4(u)u_xxxxx,0.4757,-0.2561
KdV,u^6u_x,u^5u_xxxxx,P6(u)u_x,P5(u)u_xxxxx,-0.3199,-0.035
KdV,u^6u_x,u^6u_xxxxx,P6(u)u_x,P6(u)u_xxxxx,0.5572,0.3028
KdV,u^6u_x,u_xxxxxx,P6(u)u_x,P0(u)u_xxxxxx,-0.0072,-0.0048
KdV,u^6u_x,uu_xxxxxx,P6(u)u_x,P1(u)u_xxxxxx,0.2524,0.0488
KdV,u^6u_x,u^2u_xxxxxx,P6(u)u_x,P2(u)u_xxxxxx,-0.186,0.0138
KdV,u^6u_x,u^3u_xxxxxx,P6(u)u_x,P3(u)u_xxxxxx,0.2938,-0.0521
KdV,u^6u_x,u^4u_xxxxxx,P6(u)u_x,P4(u)u_xxxxxx,-0.2308,-0.0088
KdV,u^6u_x,u^5u_xxxxxx,P6(u)u_x,P5(u)u_xxxxxx,0.316,0.0479
KdV,u^6u_x,u^6u_xxxxxx,P6(u)u_x,P6(u)u_xxxxxx,-0.2522,0.0011
KdV,u_xx,uu_xx,P0(u)u_xx,P1(u)u_xx,-0.0204,-0.0023
KdV,u_xx,u^2u_xx,P0(u)u_xx,P2(u)u_xx,0.3326,0.113
KdV,u_xx,u^3u_xx,P0(u)u_xx,P3(u)u_xx,-0.071,0.0051
KdV,u_xx,u^4u_xx,P0(u)u_xx,P4(u)u_xx,0.2375,-0.2795
KdV,u_xx,u^5u_xx,P0(u)u_xx,P5(u)u_xx,-0.087,-0.0197
KdV,u_xx,u^6u_xx,P0(u)u_xx,P6(u)u_xx,0.1863,0.3233
KdV,u_xx,u_xxx,P0(u)u_xx,P0(u)u_xxx,-0.0,-0.0
KdV,u_xx,uu_xxx,P0(u)u_xx,P1(u)u_xxx,0.0051,-0.0071
KdV,u_xx,u^2u_xxx,P0(u)u_xx,P2(u)u_xxx,-0.0218,-0.0063
KdV,u_xx,u^3u_xxx,P0(u)u_xx,P3(u)u_xxx,0.0177,0.0105
KdV,u_xx,u^4u_xxx,P0(u)u_xx,P4(u)u_xxx,-0.0281,0.0017
KdV,u_xx,u^5u_xxx,P0(u)u_xx,P5(u)u_xxx,0.024,-0.0133
KdV,u_xx,u^6u_xxx,P0(u)u_xx,P6(u)u_xxx,-0.018,0.0066
KdV,u_xx,u_xxxx,P0(u)u_xx,P0(u)u_xxxx,-0.8362,-0.8362
KdV,u_xx,uu_xxxx,P0(u)u_xx,P1(u)u_xxxx,0.0206,0.0067
KdV,u_xx,u^2u_xxxx,P0(u)u_xx,P2(u)u_xxxx,-0.3225,-0.1584
KdV,u_xx,u^3u_xxxx,P0(u)u_xx,P3(u)u_xxxx,0.0728,-0.0095
KdV,u_xx,u^4u_xxxx,P0(u)u_xx,P4(u)u_xxxx,-0.2316,0.2929
KdV,u_xx,u^5u_xxxx,P0(u)u_xx,P5(u)u_xxxx,0.0891,0.0239
KdV,u_xx,u^6u_xxxx,P0(u)u_xx,P6(u)u_xxxx,-0.1827,-0.331
KdV,u_xx,u_xxxxx,P0(u)u_xx,P0(u)u_xxxxx,0.0,0.0
KdV,u_xx,uu_xxxxx,P0(u)u_xx,P1(u)u_xxxxx,-0.0216,-0.0027
KdV,u_xx,u^2u_xxxxx,P0(u)u_xx,P2(u)u_xxxxx,0.0218,0.0019
KdV,u_xx,u^3u_xxxxx,P0(u)u_xx,P3(u)u_xxxxx,-0.0491,-0.0192
KdV,u_xx,u^4u_xxxxx,P0(u)u_xx,P4(u)u_xxxxx,0.0355,0.0027
KdV,u_xx,u^5u_xxxxx,P0(u)u_xx,P5(u)u_xxxxx,-0.0506,0.0294
KdV,u_xx,u^6u_xxxxx,P0(u)u_xx,P6(u)u_xxxxx,0.03,-0.0054
KdV,u_xx,u_xxxxxx,P0(u)u_xx,P0(u)u_xxxxxx,0.7751,0.7751
KdV,u_xx,uu_xxxxxx,P0(u)u_xx,P1(u)u_xxxxxx,-0.0224,-0.0083
KdV,u_xx,u^2u_xxxxxx,P0(u)u_xx,P2(u)u_xxxxxx,0.3197,0.1541
KdV,u_xx,u^3u_xxxxxx,P0(u)u_xx,P3(u)u_xxxxxx,-0.0747,0.0104
KdV,u_xx,u^4u_xxxxxx,P0(u)u_xx,P4(u)u_xxxxxx,0.2295,-0.2895
KdV,u_xx,u^5u_xxxxxx,P0(u)u_xx,P5(u)u_xxxxxx,-0.091,-0.0231
KdV,u_xx,u^6u_xxxxxx,P0(u)u_xx,P6(u)u_xxxxxx,0.1813,0.3285
KdV,uu_xx,u^2u_xx,P1(u)u_xx,P2(u)u_xx,-0.5443,0.1024
KdV,uu_xx,u^3u_xx,P1(u)u_xx,P3(u)u_xx,0.9451,-0.9633
KdV,uu_xx,u^4u_xx,P1(u)u_xx,P4(u)u_xx,-0.5944,-0.0835
KdV,uu_xx,u^5u_xx,P1(u)u_xx,P5(u)u_xx,0.8506,0.6909
KdV,uu_xx,u^6u_xx,P1(u)u_xx,P6(u)u_xx,-0.5627,0.0163
KdV,uu_xx,u_xxx,P1(u)u_xx,P0(u)u_xxx,-0.0047,-0.0039
KdV,uu_xx,uu_xxx,P1(u)u_xx,P1(u)u_xxx,-0.0015,-0.0025
KdV,uu_xx,u^2u_xxx,P1(u)u_xx,P2(u)u_xxx,-0.0083,0.0012
KdV,uu_xx,u^3u_xxx,P1(u)u_xx,P3(u)u_xxx,-0.0244,-0.0212
KdV,uu_xx,u^4u_xxx,P1(u)u_xx,P4(u)u_xxx,-0.0016,-0.0026
KdV,uu_xx,u^5u_xxx,P1(u)u_xx,P5(u)u_xxx,-0.0293,0.0202
KdV,uu_xx,u^6u_xxx,P1(u)u_xx,P6(u)u_xxx,0.0035,0.0047
KdV,uu_xx,u_xxxx,P1(u)u_xx,P0(u)u_xxxx,0.0155,0.0006
KdV,uu_xx,uu_xxxx,P1(u)u_xx,P1(u)u_xxxx,-0.9999,-0.9998
KdV,uu_xx,u^2u_xxxx,P1(u)u_xx,P2(u)u_xxxx,0.5611,-0.0754
KdV,uu_xx,u^3u_xxxx,P1(u)u_xx,P3(u)u_xxxx,-0.9428,0.9631
KdV,uu_xx,u^4u_xxxx,P1(u)u_xx,P4(u)u_xxxx,0.6028,0.0654
KdV,uu_xx,u^5u_xxxx,P1(u)u_xx,P5(u)u_xxxx,-0.8462,-0.6933
KdV,uu_xx,u^6u_xxxx,P1(u)u_xx,P6(u)u_xxxx,0.5676,-0.007
KdV,uu_xx,u_xxxxx,P1(u)u_xx,P0(u)u_xxxxx,0.001,-0.0004
KdV,uu_xx,uu_xxxxx,P1(u)u_xx,P1(u)u_xxxxx,0.0037,0.0033
KdV,uu_xx,u^2u_xxxxx,P1(u)u_xx,P2(u)u_xxxxx,-0.1974,-0.1057
KdV,uu_xx,u^3u_xxxxx,P1(u)u_xx,P3(u)u_xxxxx,0.0772,0.0021
KdV,uu_xx,u^4u_xxxxx,P1(u)u_xx,P4(u)u_xxxxx,-0.2036,0.1414
KdV,uu_xx,u^5u_xxxxx,P1(u)u_xx,P5(u)u_xxxxx,0.096,0.0023
KdV,uu_xx,u^6u_xxxxx,P1(u)u_xx,P6(u)u_xxxxx,-0.1535,-0.0924
KdV,uu_xx,u_xxxxxx,P1(u)u_xx,P0(u)u_xxxxxx,-0.0144,-0.0005
KdV,uu_xx,uu_xxxxxx,P1(u)u_xx,P1(u)u_xxxxxx,0.9996,0.9996
KdV,uu_xx,u^2u_xxxxxx,P1(u)u_xx,P2(u)u_xxxxxx,-0.5668,0.0612
KdV,uu_xx,u^3u_xxxxxx,P1(u)u_xx,P3(u)u_xxxxxx,0.9409,-0.9625
KdV,uu_xx,u^4u_xxxxxx,P1(u)u_xx,P4(u)u_xxxxxx,-0.6061,-0.0546
KdV,uu_xx,u^5u_xxxxxx,P1(u)u_xx,P5(u)u_xxxxxx,0.843,0.6912
KdV,uu_xx,u^6u_xxxxxx,P1(u)u_xx,P6(u)u_xxxxxx,-0.5697,0.0006
KdV,u^2u_xx,u^3u_xx,P2(u)u_xx,P3(u)u_xx,-0.7016,-0.1421
KdV,u^2u_xx,u^4u_xx,P2(u)u_xx,P4(u)u_xx,0.9616,-0.9468
KdV,u^2u_xx,u^5u_xx,P2(u)u_xx,P5(u)u_xx,-0.7482,0.1763
KdV,u^2u_xx,u^6u_xx,P2(u)u_xx,P6(u)u_xx,0.886,0.8326
KdV,u^2u_xx,u_xxx,P2(u)u_xx,P0(u)u_xxx,0.0091,0.0062
KdV,u^2u_xx,uu_xxx,P2(u)u_xx,P1(u)u_xxx,0.0061,0.0056
KdV,u^2u_xx,u^2u_xxx,P2(u)u_xx,P2(u)u_xxx,-0.0021,-0.0105
KdV,u^2u_xx,u^3u_xxx,P2(u)u_xx,P3(u)u_xxx,0.016,-0.0144
KdV,u^2u_xx,u^4u_xxx,P2(u)u_xx,P4(u)u_xxx,-0.0143,0.0043
KdV,u^2u_xx,u^5u_xxx,P2(u)u_xx,P5(u)u_xxx,0.0204,0.012
KdV,u^2u_xx,u^6u_xxx,P2(u)u_xx,P6(u)u_xxx,-0.0191,-0.0048
KdV,u^2u_xx,u_xxxx,P2(u)u_xx,P0(u)u_xxxx,-0.1062,0.1294
KdV,u^2u_xx,uu_xxxx,P2(u)u_xx,P1(u)u_xxxx,0.5478,-0.0936
KdV,u^2u_xx,u^2u_xxxx,P2(u)u_xx,P2(u)u_xxxx,-0.9992,-0.9916
KdV,u^2u_xx,u^3u_xxxx,P2(u)u_xx,P3(u)u_xxxx,0.7069,0.1352
KdV,u^2u_xx,u^4u_xxxx,P2(u)u_xx,P4(u)u_xxxx,-0.9584,0.94
KdV,u^2u_xx,u^5u_xxxx,P2(u)u_xx,P5(u)u_xxxx,0.7533,-0.1714
KdV,u^2u_xx,u^6u_xxxx,P2(u)u_xx,P6(u)u_xxxx,-0.8829,-0.8267
KdV,u^2u_xx,u_xxxxx,P2(u)u_xx,P0(u)u_xxxxx,-0.0052,-0.0028
KdV,u^2u_xx,uu_xxxxx,P2(u)u_xx,P1(u)u_xxxxx,-0.0391,-0.0428
KdV,u^2u_xx,u^2u_xxxxx,P2(u)u_xx,P2(u)u_xxxxx,0.1151,-0.0119
KdV,u^2u_xx,u^3u_xxxxx,P2(u)u_xx,P3(u)u_xxxxx,-0.1218,0.0013
KdV,u^2u_xx,u^4u_xxxxx,P2(u)u_xx,P4(u)u_xxxxx,0.1511,0.021
KdV,u^2u_xx,u^5u_xxxxx,P2(u)u_xx,P5(u)u_xxxxx,-0.1327,0.0332
KdV,u^2u_xx,u^6u_xxxxx,P2(u)u_xx,P6(u)u_xxxxx,0.1338,-0.0139
KdV,u^2u_xx,u_xxxxxx,P2(u)u_xx,P0(u)u_xxxxxx,0.0828,-0.1408
KdV,u^2u_xx,uu_xxxxxx,P2(u)u_xx,P1(u)u_xxxxxx,-0.5526,0.0876
KdV,u^2u_xx,u^2u_xxxxxx,P2(u)u_xx,P2(u)u_xxxxxx,0.9984,0.987
KdV,u^2u_xx,u^3u_xxxxxx,P2(u)u_xx,P3(u)u_xxxxxx,-0.7117,-0.1307
KdV,u^2u_xx,u^4u_xxxxxx,P2(u)u_xx,P4(u)u_xxxxxx,0.9567,-0.9386
KdV,u^2u_xx,u^5u_xxxxxx,P2(u)u_xx,P5(u)u_xxxxxx,-0.7575,0.1686
KdV,u^2u_xx,u^6u_xxxxxx,P2(u)u_xx,P6(u)u_xxxxxx,0.8813,0.8252
KdV,u^3u_xx,u^4u_xx,P3(u)u_xx,P4(u)u_xx,-0.7715,0.1278
KdV,u^3u_xx,u^5u_xx,P3(u)u_xx,P5(u)u_xx,0.9704,-0.849
KdV,u^3u_xx,u^6u_xx,P3(u)u_xx,P6(u)u_xx,-0.7508,-0.0671
KdV,u^3u_xx,u_xxx,P3(u)u_xx,P0(u)u_xxx,-0.0116,-0.0019
KdV,u^3u_xx,uu_xxx,P3(u)u_xx,P1(u)u_xxx,-0.0013,0.0024
KdV,u^3u_xx,u^2u_xxx,P3(u)u_xx,P2(u)u_xxx,-0.0112,0.0034
KdV,u^3u_xx,u^3u_xxx,P3(u)u_xx,P3(u)u_xxx,-0.0256,0.0181
KdV,u^3u_xx,u^4u_xxx,P3(u)u_xx,P4(u)u_xxx,-0.0016,-0.0008
KdV,u^3u_xx,u^5u_xxx,P3(u)u_xx,P5(u)u_xxx,-0.0321,-0.019
KdV,u^3u_xx,u^6u_xxx,P3(u)u_xx,P6(u)u_xxx,0.0054,-0.0027
KdV,u^3u_xx,u_xxxx,P3(u)u_xx,P0(u)u_xxxx,0.0216,0.0005
KdV,u^3u_xx,uu_xxxx,P3(u)u_xx,P1(u)u_xxxx,-0.9463,0.9626
KdV,u^3u_xx,u^2u_xxxx,P3(u)u_xx,P2(u)u_xxxx,0.7173,0.1141
KdV,u^3u_xx,u^3u_xxxx,P3(u)u_xx,P3(u)u_xxxx,-0.9999,-0.9997
KdV,u^3u_xx,u^4u_xxxx,P3(u)u_xx,P4(u)u_xxxx,0.7796,-0.1091
KdV,u^3u_xx,u^5u_xxxx,P3(u)u_xx,P5(u)u_xxxx,-0.9682,0.8499
KdV,u^3u_xx,u^6u_xxxx,P3(u)u_xx,P6(u)u_xxxx,0.7558,0.0563
KdV,u^3u_xx,u_xxxxx,P3(u)u_xx,P0(u)u_xxxxx,0.0049,0.0028
KdV,u^3u_xx,uu_xxxxx,P3(u)u_xx,P1(u)u_xxxxx,0.013,-0.0015
KdV,u^3u_xx,u^2u_xxxxx,P3(u)u_xx,P2(u)u_xxxxx,-0.2022,0.0907
KdV,u^3u_xx,u^3u_xxxxx,P3(u)u_xx,P3(u)u_xxxxx,0.1009,-0.0017
KdV,u^3u_xx,u^4u_xxxxx,P3(u)u_xx,P4(u)u_xxxxx,-0.2252,-0.1307
KdV,u^3u_xx,u^5u_xxxxx,P3(u)u_xx,P5(u)u_xxxxx,0.1242,-0.0025
KdV,u^3u_xx,u^6u_xxxxx,P3(u)u_xx,P6(u)u_xxxxx,-0.1798,0.091
KdV,u^3u_xx,u_xxxxxx,P3(u)u_xx,P0(u)u_xxxxxx,-0.0179,-0.0022
KdV,u^3u_xx,uu_xxxxxx,P3(u)u_xx,P1(u)u_xxxxxx,0.9474,-0.9621
KdV,u^3u_xx,u^2u_xxxxxx,P3(u)u_xx,P2(u)u_xxxxxx,-0.7227,-0.1008
KdV,u^3u_xx,u^3u_xxxxxx,P3(u)u_xx,P3(u)u_xxxxxx,0.9996,0.9992
KdV,u^3u_xx,u^4u_xxxxxx,P3(u)u_xx,P4(u)u_xxxxxx,-0.7828,0.0987
KdV,u^3u_xx,u^5u_xxxxxx,P3(u)u_xx,P5(u)u_xxxxxx,0.9665,-0.8476
KdV,u^3u_xx,u^6u_xxxxxx,P3(u)u_xx,P6(u)u_xxxxxx,-0.7579,-0.0495
KdV,u^4u_xx,u^5u_xx,P4(u)u_xx,P5(u)u_xx,-0.8459,-0.1802
KdV,u^4u_xx,u^6u_xx,P4(u)u_xx,P6(u)u_xx,0.9742,-0.9527
KdV,u^4u_xx,u_xxx,P4(u)u_xx,P0(u)u_xxx,0.0172,0.003
KdV,u^4u_xx,uu_xxx,P4(u)u_xx,P1(u)u_xxx,0.0026,-0.0052
KdV,u^4u_xx,u^2u_xxx,P4(u)u_xx,P2(u)u_xxx,0.0038,0.0022
KdV,u^4u_xx,u^3u_xxx,P4(u)u_xx,P3(u)u_xxx,0.0171,0.0112
KdV,u^4u_xx,u^4u_xxx,P4(u)u_xx,P4(u)u_xxx,-0.0115,-0.0002
KdV,u^4u_xx,u^5u_xxx,P4(u)u_xx,P5(u)u_xxx,0.0228,-0.0109
KdV,u^4u_xx,u^6u_xxx,P4(u)u_xx,P6(u)u_xxx,-0.0196,0.0022
KdV,u^4u_xx,u_xxxx,P4(u)u_xx,P0(u)u_xxxx,-0.066,-0.0028
KdV,u^4u_xx,uu_xxxx,P4(u)u_xx,P1(u)u_xxxx,0.5984,0.0749
KdV,u^4u_xx,u^2u_xxxx,P4(u)u_xx,P2(u)u_xxxx,-0.9654,0.9541
KdV,u^4u_xx,u^3u_xxxx,P4(u)u_xx,P3(u)u_xxxx,0.7772,-0.1204
KdV,u^4u_xx,u^4u_xxxx,P4(u)u_xx,P4(u)u_xxxx,-0.9996,-0.9979
KdV,u^4u_xx,u^5u_xxxx,P4(u)u_xx,P5(u)u_xxxx,0.8515,0.1739
KdV,u^4u_xx,u^6u_xxxx,P4(u)u_xx,P6(u)u_xxxx,-0.9729,0.9489
KdV,u^4u_xx,u_xxxxx,P4(u)u_xx,P0(u)u_xxxxx,-0.0095,-0.0024
KdV,u^4u_xx,uu_xxxxx,P4(u)u_xx,P1(u)u_xxxxx,-0.035,0.0406
KdV,u^4u_xx,u^2u_xxxxx,P4(u)u_xx,P2(u)u_xxxxx,0.1336,0.0135
KdV,u^4u_xx,u^3u_xxxxx,P4(u)u_xx,P3(u)u_xxxxx,-0.1286,-0.0024
KdV,u^4u_xx,u^4u_xxxxx,P4(u)u_xx,P4(u)u_xxxxx,0.1759,-0.0214
KdV,u^4u_xx,u^5u_xxxxx,P4(u)u_xx,P5(u)u_xxxxx,-0.1473,-0.0319
KdV,u^4u_xx,u^6u_xxxxx,P4(u)u_xx,P6(u)u_xxxxx,0.1582,0.0151
KdV,u^4u_xx,u_xxxxxx,P4(u)u_xx,P0(u)u_xxxxxx,0.0498,0.0239
KdV,u^4u_xx,uu_xxxxxx,P4(u)u_xx,P1(u)u_xxxxxx,-0.6029,-0.0692
KdV,u^4u_xx,u^2u_xxxxxx,P4(u)u_xx,P2(u)u_xxxxxx,0.9663,-0.9495
KdV,u^4u_xx,u^3u_xxxxxx,P4(u)u_xx,P3(u)u_xxxxxx,-0.7818,0.1159
KdV,u^4u_xx,u^4u_xxxxxx,P4(u)u_xx,P4(u)u_xxxxxx,0.999,0.9963
KdV,u^4u_xx,u^5u_xxxxxx,P4(u)u_xx,P5(u)u_xxxxxx,-0.8557,-0.171
KdV,u^4u_xx,u^6u_xxxxxx,P4(u)u_xx,P6(u)u_xxxxxx,0.972,-0.947
KdV,u^5u_xx,u^6u_xx,P5(u)u_xx,P6(u)u_xx,-0.8533,0.1535
KdV,u^5u_xx,u_xxx,P5(u)u_xx,P0(u)u_xxx,-0.0189,0.0135
KdV,u^5u_xx,uu_xxx,P5(u)u_xx,P1(u)u_xxx,0.0005,0.0042
KdV,u^5u_xx,u^2u_xxx,P5(u)u_xx,P2(u)u_xxx,-0.0153,-0.0109
KdV,u^5u_xx,u^3u_xxx,P5(u)u_xx,P3(u)u_xxx,-0.0238,-0.0133
KdV,u^5u_xx,u^4u_xxx,P5(u)u_xx,P4(u)u_xxx,-0.0033,0.004
KdV,u^5u_xx,u^5u_xxx,P5(u)u_xx,P5(u)u_xxx,-0.0319,0.0148
KdV,u^5u_xx,u^6u_xxx,P5(u)u_xx,P6(u)u_xxx,0.0063,0.0003
KdV,u^5u_xx,u_xxxx,P5(u)u_xx,P0(u)u_xxxx,0.0229,-0.0012
KdV,u^5u_xx,uu_xxxx,P5(u)u_xx,P1(u)u_xxxx,-0.8528,-0.69
KdV,u^5u_xx,u^2u_xxxx,P5(u)u_xx,P2(u)u_xxxx,0.7628,-0.1503
KdV,u^5u_xx,u^3u_xxxx,P5(u)u_xx,P3(u)u_xxxx,-0.972,0.8491
KdV,u^5u_xx,u^4u_xxxx,P5(u)u_xx,P4(u)u_xxxx,0.8537,0.1634
KdV,u^5u_xx,u^5u_xxxx,P5(u)u_xx,P5(u)u_xxxx,-0.9998,-0.9989
KdV,u^5u_xx,u^6u_xxxx,P5(u)u_xx,P6(u)u_xxxx,0.8586,-0.1414
KdV,u^5u_xx,u_xxxxx,P5(u)u_xx,P0(u)u_xxxxx,0.0102,-0.0055
KdV,u^5u_xx,uu_xxxxx,P5(u)u_xx,P1(u)u_xxxxx,0.0173,-0.005
KdV,u^5u_xx,u^2u_xxxxx,P5(u)u_xx,P2(u)u_xxxxx,-0.1912,-0.0478
KdV,u^5u_xx,u^3u_xxxxx,P5(u)u_xx,P3(u)u_xxxxx,0.1116,0.0024
KdV,u^5u_xx,u^4u_xxxxx,P5(u)u_xx,P4(u)u_xxxxx,-0.2268,0.0847
KdV,u^5u_xx,u^5u_xxxxx,P5(u)u_xx,P5(u)u_xxxxx,0.1393,0.0031
KdV,u^5u_xx,u^6u_xxxxx,P5(u)u_xx,P6(u)u_xxxxx,-0.1915,-0.0693
KdV,u^5u_xx,u_xxxxxx,P5(u)u_xx,P0(u)u_xxxxxx,-0.0185,0.0061
KdV,u^5u_xx,uu_xxxxxx,P5(u)u_xx,P1(u)u_xxxxxx,0.8546,0.6895
KdV,u^5u_xx,u^2u_xxxxxx,P5(u)u_xx,P2(u)u_xxxxxx,-0.7678,0.1411
KdV,u^5u_xx,u^3u_xxxxxx,P5(u)u_xx,P3(u)u_xxxxxx,0.9729,-0.8492
KdV,u^5u_xx,u^4u_xxxxxx,P5(u)u_xx,P4(u)u_xxxxxx,-0.8568,-0.156
KdV,u^5u_xx,u^5u_xxxxxx,P5(u)u_xx,P5(u)u_xxxxxx,0.9993,0.9972
KdV,u^5u_xx,u^6u_xxxxxx,P5(u)u_xx,P6(u)u_xxxxxx,-0.8609,0.1353
KdV,u^6u_xx,u_xxx,P6(u)u_xx,P0(u)u_xxx,0.0204,-0.007
KdV,u^6u_xx,uu_xxx,P6(u)u_xx,P1(u)u_xxx,-0.0023,0.0039
KdV,u^6u_xx,u^2u_xxx,P6(u)u_xx,P2(u)u_xxx,0.0087,0.0008
KdV,u^6u_xx,u^3u_xxx,P6(u)u_xx,P3(u)u_xxx,0.0157,-0.0065
KdV,u^6u_xx,u^4u_xxx,P6(u)u_xx,P4(u)u_xxx,-0.0078,0.0016
KdV,u^6u_xx,u^5u_xxx,P6(u)u_xx,P5(u)u_xxx,0.0222,0.0076
KdV,u^6u_xx,u^6u_xxx,P6(u)u_xx,P6(u)u_xxx,-0.0198,-0.0051
KdV,u^6u_xx,u_xxxx,P6(u)u_xx,P0(u)u_xxxx,-0.0481,-0.0315
KdV,u^6u_xx,uu_xxxx,P6(u)u_xx,P1(u)u_xxxx,0.5668,-0.0087
KdV,u^6u_xx,u^2u_xxxx,P6(u)u_xx,P2(u)u_xxxx,-0.8916,-0.8522
KdV,u^6u_xx,u^3u_xxxx,P6(u)u_xx,P3(u)u_xxxx,0.7567,0.0601
KdV,u^6u_xx,u^4u_xxxx,P6(u)u_xx,P4(u)u_xxxx,-0.9752,0.9556
KdV,u^6u_xx,u^5u_xxxx,P6(u)u_xx,P5(u)u_xxxx,0.8595,-0.1463
KdV,u^6u_xx,u^6u_xxxx,P6(u)u_xx,P6(u)u_xxxx,-0.9995,-0.9985
KdV,u^6u_xx,u_xxxxx,P6(u)u_xx,P0(u)u_xxxxx,-0.0107,0.0043
KdV,u^6u_xx,uu_xxxxx,P6(u)u_xx,P1(u)u_xxxxx,-0.0285,-0.0338
KdV,u^6u_xx,u^2u_xxxxx,P6(u)u_xx,P2(u)u_xxxxx,0.1314,-0.0051
KdV,u^6u_xx,u^3u_xxxxx,P6(u)u_xx,P3(u)u_xxxxx,-0.1255,0.0015
KdV,u^6u_xx,u^4u_xxxxx,P6(u)u_xx,P4(u)u_xxxxx,0.1779,0.0083
KdV,u^6u_xx,u^5u_xxxxx,P6(u)u_xx,P5(u)u_xxxxx,-0.1508,0.0276
KdV,u^6u_xx,u^6u_xxxxx,P6(u)u_xx,P6(u)u_xxxxx,0.1668,-0.0057
KdV,u^6u_xx,u_xxxxxx,P6(u)u_xx,P0(u)u_xxxxxx,0.0361,0.0091
KdV,u^6u_xx,uu_xxxxxx,P6(u)u_xx,P1(u)u_xxxxxx,-0.5709,0.0038
KdV,u^6u_xx,u^2u_xxxxxx,P6(u)u_xx,P2(u)u_xxxxxx,0.8931,0.8487
KdV,u^6u_xx,u^3u_xxxxxx,P6(u)u_xx,P3(u)u_xxxxxx,-0.7612,-0.056
KdV,u^6u_xx,u^4u_xxxxxx,P6(u)u_xx,P4(u)u_xxxxxx,0.9752,-0.9545
KdV,u^6u_xx,u^5u_xxxxxx,P6(u)u_xx,P5(u)u_xxxxxx,-0.8639,0.1431
KdV,u^6u_xx,u^6u_xxxxxx,P6(u)u_xx,P6(u)u_xxxxxx,0.9987,0.9968
KdV,u_xxx,uu_xxx,P0(u)u_xxx,P1(u)u_xxx,-0.196,0.0912
KdV,u_xxx,u^2u_xxx,P0(u)u_xxx,P2(u)u_xxx,0.5033,-0.9228
KdV,u_xxx,u^3u_xxx,P0(u)u_xxx,P3(u)u_xxx,-0.1029,-0.0793
KdV,u_xxx,u^4u_xxx,P0(u)u_xxx,P4(u)u_xxx,0.1952,0.61
KdV,u_xxx,u^5u_xxx,P0(u)u_xxx,P5(u)u_xxx,-0.0444,0.0535
KdV,u_xxx,u^6u_xxx,P0(u)u_xxx,P6(u)u_xxx,0.0703,-0.3178
KdV,u_xxx,u_xxxx,P0(u)u_xxx,P0(u)u_xxxx,0.0,0.0
KdV,u_xxx,uu_xxxx,P0(u)u_xxx,P1(u)u_xxxx,0.0047,0.0036
KdV,u_xxx,u^2u_xxxx,P0(u)u_xxx,P2(u)u_xxxx,-0.0088,-0.0051
KdV,u_xxx,u^3u_xxxx,P0(u)u_xxx,P3(u)u_xxxx,0.0114,0.0022
KdV,u_xxx,u^4u_xxxx,P0(u)u_xxx,P4(u)u_xxxx,-0.0168,-0.0037
KdV,u_xxx,u^5u_xxxx,P0(u)u_xxx,P5(u)u_xxxx,0.0183,-0.0138
KdV,u_xxx,u^6u_xxxx,P0(u)u_xxx,P6(u)u_xxxx,-0.0204,0.0068
KdV,u_xxx,u_xxxxx,P0(u)u_xxx,P0(u)u_xxxxx,-0.8736,-0.8736
KdV,u_xxx,uu_xxxxx,P0(u)u_xxx,P1(u)u_xxxxx,0.1578,-0.0471
KdV,u_xxx,u^2u_xxxxx,P0(u)u_xxx,P2(u)u_xxxxx,-0.3991,0.7802
KdV,u_xxx,u^3u_xxxxx,P0(u)u_xxx,P3(u)u_xxxxx,0.0846,0.0382
KdV,u_xxx,u^4u_xxxxx,P0(u)u_xxx,P4(u)u_xxxxx,-0.1475,-0.4657
KdV,u_xxx,u^5u_xxxxx,P0(u)u_xxx,P5(u)u_xxxxx,0.0322,-0.0229
KdV,u_xxx,u^6u_xxxxx,P0(u)u_xxx,P6(u)u_xxxxx,-0.0468,0.2253
KdV,u_xxx,u_xxxxxx,P0(u)u_xxx,P0(u)u_xxxxxx,0.0,0.0
KdV,u_xxx,uu_xxxxxx,P0(u)u_xxx,P1(u)u_xxxxxx,-0.0045,-0.0032
KdV,u_xxx,u^2u_xxxxxx,P0(u)u_xxx,P2(u)u_xxxxxx,0.0085,0.0046
KdV,u_xxx,u^3u_xxxxxx,P0(u)u_xxx,P3(u)u_xxxxxx,-0.0113,-0.0028
KdV,u_xxx,u^4u_xxxxxx,P0(u)u_xxx,P4(u)u_xxxxxx,0.0166,0.0042
KdV,u_xxx,u^5u_xxxxxx,P0(u)u_xxx,P5(u)u_xxxxxx,-0.018,0.0148
KdV,u_xxx,u^6u_xxxxxx,P0(u)u_xxx,P6(u)u_xxxxxx,0.0204,-0.0066
KdV,uu_xxx,u^2u_xxx,P1(u)u_xxx,P2(u)u_xxx,-0.3929,-0.0517
KdV,uu_xxx,u^3u_xxx,P1(u)u_xxx,P3(u)u_xxx,0.7454,-0.8919
KdV,uu_xxx,u^4u_xxx,P1(u)u_xxx,P4(u)u_xxx,-0.3421,-0.0244
KdV,uu_xxx,u^5u_xxx,P1(u)u_xxx,P5(u)u_xxx,0.4556,0.5883
KdV,uu_xxx,u^6u_xxx,P1(u)u_xxx,P6(u)u_xxx,-0.2452,0.0487
KdV,uu_xxx,u_xxxx,P1(u)u_xxx,P0(u)u_xxxx,0.0062,0.0258
KdV,uu_xxx,uu_xxxx,P1(u)u_xxx,P1(u)u_xxxx,0.0012,0.0023
KdV,uu_xxx,u^2u_xxxx,P1(u)u_xxx,P2(u)u_xxxx,-0.005,-0.0084
KdV,uu_xxx,u^3u_xxxx,P1(u)u_xxx,P3(u)u_xxxx,0.0012,-0.0016
KdV,uu_xxx,u^4u_xxxx,P1(u)u_xxx,P4(u)u_xxxx,-0.0021,0.0057
KdV,uu_xxx,u^5u_xxxx,P1(u)u_xxx,P5(u)u_xxxx,-0.0004,-0.0065
KdV,uu_xxx,u^6u_xxxx,P1(u)u_xxx,P6(u)u_xxxx,0.0022,-0.0039
KdV,uu_xxx,u_xxxxx,P1(u)u_xxx,P0(u)u_xxxxx,0.2232,-0.0151
KdV,uu_xxx,uu_xxxxx,P1(u)u_xxx,P1(u)u_xxxxx,-0.9663,-0.9662
KdV,uu_xxx,u^2u_xxxxx,P1(u)u_xxx,P2(u)u_xxxxx,0.3903,-0.0202
KdV,uu_xxx,u^3u_xxxxx,P1(u)u_xxx,P3(u)u_xxxxx,-0.7179,0.8603
KdV,uu_xxx,u^4u_xxxxx,P1(u)u_xxx,P4(u)u_xxxxx,0.3275,0.0696
KdV,uu_xxx,u^5u_xxxxx,P1(u)u_xxx,P5(u)u_xxxxx,-0.4401,-0.564
KdV,uu_xxx,u^6u_xxxxx,P1(u)u_xxx,P6(u)u_xxxxx,0.2367,-0.07
KdV,uu_xxx,u_xxxxxx,P1(u)u_xxx,P0(u)u_xxxxxx,-0.0097,-0.0318
KdV,uu_xxx,uu_xxxxxx,P1(u)u_xxx,P1(u)u_xxxxxx,-0.001,-0.002
KdV,uu_xxx,u^2u_xxxxxx,P1(u)u_xxx,P2(u)u_xxxxxx,0.0043,0.0096
KdV,uu_xxx,u^3u_xxxxxx,P1(u)u_xxx,P3(u)u_xxxxxx,-0.0013,0.0008
KdV,uu_xxx,u^4u_xxxxxx,P1(u)u_xxx,P4(u)u_xxxxxx,0.0019,-0.0059
KdV,uu_xxx,u^5u_xxxxxx,P1(u)u_xxx,P5(u)u_xxxxxx,0.0001,0.0085
KdV,uu_xxx,u^6u_xxxxxx,P1(u)u_xxx,P6(u)u_xxxxxx,-0.0021,0.0039
KdV,u^2u_xxx,u^3u_xxx,P2(u)u_xxx,P3(u)u_xxx,-0.464,0.0679
KdV,u^2u_xxx,u^4u_xxx,P2(u)u_xxx,P4(u)u_xxx,0.817,-0.8284
KdV,u^2u_xxx,u^5u_xxx,P2(u)u_xxx,P5(u)u_xxx,-0.3796,-0.0748
KdV,u^2u_xxx,u^6u_xxx,P2(u)u_xxx,P6(u)u_xxx,0.5481,0.505
KdV,u^2u_xxx,u_xxxx,P2(u)u_xxx,P0(u)u_xxxx,0.016,0.0042
KdV,u^2u_xxx,uu_xxxx,P2(u)u_xxx,P1(u)u_xxxx,0.0086,-0.0008
KdV,u^2u_xxx,u^2u_xxxx,P2(u)u_xxx,P2(u)u_xxxx,0.0012,0.0096
KdV,u^2u_xxx,u^3u_xxxx,P2(u)u_xxx,P3(u)u_xxxx,0.0113,-0.0038
KdV,u^2u_xxx,u^4u_xxxx,P2(u)u_xxx,P4(u)u_xxxx,-0.0044,-0.0015
KdV,u^2u_xxx,u^5u_xxxx,P2(u)u_xxx,P5(u)u_xxxx,0.015,0.0109
KdV,u^2u_xxx,u^6u_xxxx,P2(u)u_xxx,P6(u)u_xxxx,-0.009,-0.0007
KdV,u^2u_xxx,u_xxxxx,P2(u)u_xxx,P0(u)u_xxxxx,-0.4712,0.7956
KdV,u^2u_xxx,uu_xxxxx,P2(u)u_xxx,P1(u)u_xxxxx,0.3722,0.0123
KdV,u^2u_xxx,u^2u_xxxxx,P2(u)u_xxx,P2(u)u_xxxxx,-0.9295,-0.8704
KdV,u^2u_xxx,u^3u_xxxxx,P2(u)u_xxx,P3(u)u_xxxxx,0.4491,-0.0285
KdV,u^2u_xxx,u^4u_xxxxx,P2(u)u_xxx,P4(u)u_xxxxx,-0.7506,0.69
KdV,u^2u_xxx,u^5u_xxxxx,P2(u)u_xxx,P5(u)u_xxxxx,0.3675,0.0436
KdV,u^2u_xxx,u^6u_xxxxx,P2(u)u_xxx,P6(u)u_xxxxx,-0.5085,-0.4083
KdV,u^2u_xxx,u_xxxxxx,P2(u)u_xxx,P0(u)u_xxxxxx,-0.0124,-0.0033
KdV,u^2u_xxx,uu_xxxxxx,P2(u)u_xxx,P1(u)u_xxxxxx,-0.0088,0.0003
KdV,u^2u_xxx,u^2u_xxxxxx,P2(u)u_xxx,P2(u)u_xxxxxx,-0.0008,-0.0092
KdV,u^2u_xxx,u^3u_xxxxxx,P2(u)u_xxx,P3(u)u_xxxxxx,-0.0113,0.0044
KdV,u^2u_xxx,u^4u_xxxxxx,P2(u)u_xxx,P4(u)u_xxxxxx,0.0046,0.001
KdV,u^2u_xxx,u^5u_xxxxxx,P2(u)u_xxx,P5(u)u_xxxxxx,-0.0147,-0.0118
KdV,u^2u_xxx,u^6u_xxxxxx,P2(u)u_xxx,P6(u)u_xxxxxx,0.0091,0.0007
KdV,u^3u_xxx,u^4u_xxx,P3(u)u_xxx,P4(u)u_xxx,-0.5743,-0.005
KdV,u^3u_xxx,u^5u_xxx,P3(u)u_xxx,P5(u)u_xxx,0.878,-0.8414
KdV,u^3u_xxx,u^6u_xxx,P3(u)u_xxx,P6(u)u_xxx,-0.5002,-0.0444
KdV,u^3u_xxx,u_xxxx,P3(u)u_xxx,P0(u)u_xxxx,-0.0132,-0.0311
KdV,u^3u_xxx,uu_xxxx,P3(u)u_xxx,P1(u)u_xxxx,0.0242,0.0213
KdV,u^3u_xxx,u^2u_xxxx,P3(u)u_xxx,P2(u)u_xxxx,-0.0149,0.0171
KdV,u^3u_xxx,u^3u_xxxx,P3(u)u_xxx,P3(u)u_xxxx,0.0254,-0.0188
KdV,u^3u_xxx,u^4u_xxxx,P3(u)u_xxx,P4(u)u_xxxx,-0.016,-0.0117
KdV,u^3u_xxx,u^5u_xxxx,P3(u)u_xxx,P5(u)u_xxxx,0.0234,0.015
KdV,u^3u_xxx,u^6u_xxxx,P3(u)u_xxx,P6(u)u_xxxx,-0.0145,0.0065
KdV,u^3u_xxx,u_xxxxx,P3(u)u_xxx,P0(u)u_xxxxx,0.1233,0.0059
KdV,u^3u_xxx,uu_xxxxx,P3(u)u_xxx,P1(u)u_xxxxx,-0.7229,0.8577
KdV,u^3u_xxx,u^2u_xxxxx,P3(u)u_xxx,P2(u)u_xxxxx,0.4713,0.0038
KdV,u^3u_xxx,u^3u_xxxxx,P3(u)u_xxx,P3(u)u_xxxxx,-0.9667,-0.9642
KdV,u^3u_xxx,u^4u_xxxxx,P3(u)u_xxx,P4(u)u_xxxxx,0.565,-0.0425
KdV,u^3u_xxx,u^5u_xxxxx,P3(u)u_xxx,P5(u)u_xxxxx,-0.8483,0.8083
KdV,u^3u_xxx,u^6u_xxxxx,P3(u)u_xxx,P6(u)u_xxxxx,0.4978,0.0671
KdV,u^3u_xxx,u_xxxxxx,P3(u)u_xxx,P0(u)u_xxxxxx,0.0082,0.036
KdV,u^3u_xxx,uu_xxxxxx,P3(u)u_xxx,P1(u)u_xxxxxx,-0.0239,-0.0216
KdV,u^3u_xxx,u^2u_xxxxxx,P3(u)u_xxx,P2(u)u_xxxxxx,0.0139,-0.0181
KdV,u^3u_xxx,u^3u_xxxxxx,P3(u)u_xxx,P3(u)u_xxxxxx,-0.0253,0.0195
KdV,u^3u_xxx,u^4u_xxxxxx,P3(u)u_xxx,P4(u)u_xxxxxx,0.0154,0.0118
KdV,u^3u_xxx,u^5u_xxxxxx,P3(u)u_xxx,P5(u)u_xxxxxx,-0.0233,-0.0165
KdV,u^3u_xxx,u^6u_xxxxxx,P3(u)u_xxx,P6(u)u_xxxxxx,0.014,-0.0063
KdV,u^4u_xxx,u^5u_xxx,P4(u)u_xxx,P5(u)u_xxx,-0.6038,0.0629
KdV,u^4u_xxx,u^6u_xxx,P4(u)u_xxx,P6(u)u_xxx,0.8943,-0.8298
KdV,u^4u_xxx,u_xxxx,P4(u)u_xxx,P0(u)u_xxxx,0.0215,0.0003
KdV,u^4u_xxx,uu_xxxx,P4(u)u_xxx,P1(u)u_xxxx,0.0019,0.0021
KdV,u^4u_xxx,u^2u_xxxx,P4(u)u_xxx,P2(u)u_xxxx,0.0134,-0.0039
KdV,u^4u_xxx,u^3u_xxxx,P4(u)u_xxx,P3(u)u_xxxx,0.0018,0.0014
KdV,u^4u_xxx,u^4u_xxxx,P4(u)u_xxx,P4(u)u_xxxx,0.0106,-0.0001
KdV,u^4u_xxx,u^5u_xxxx,P4(u)u_xxx,P5(u)u_xxxx,0.0035,-0.0039
KdV,u^4u_xxx,u^6u_xxxx,P4(u)u_xxx,P6(u)u_xxxx,0.0071,-0.0017
KdV,u^4u_xxx,u_xxxxx,P4(u)u_xxx,P0(u)u_xxxxx,-0.1861,-0.511
KdV,u^4u_xxx,uu_xxxxx,P4(u)u_xxx,P1(u)u_xxxxx,0.3311,0.0494
KdV,u^4u_xxx,u^2u_xxxxx,P4(u)u_xxx,P2(u)u_xxxxx,-0.7831,0.7414
KdV,u^4u_xxx,u^3u_xxxxx,P4(u)u_xxx,P3(u)u_xxxxx,0.5673,-0.0208
KdV,u^4u_xxx,u^4u_xxxxx,P4(u)u_xxx,P4(u)u_xxxxx,-0.9415,-0.9026
KdV,u^4u_xxx,u^5u_xxxxx,P4(u)u_xxx,P5(u)u_xxxxx,0.5969,-0.0395
KdV,u^4u_xxx,u^6u_xxxxx,P4(u)u_xxx,P6(u)u_xxxxx,-0.8498,0.7474
KdV,u^4u_xxx,u_xxxxxx,P4(u)u_xxx,P0(u)u_xxxxxx,-0.0159,-0.0003
KdV,u^4u_xxx,uu_xxxxxx,P4(u)u_xxx,P1(u)u_xxxxxx,-0.0022,-0.0015
KdV,u^4u_xxx,u^2u_xxxxxx,P4(u)u_xxx,P2(u)u_xxxxxx,-0.0127,0.0035
KdV,u^4u_xxx,u^3u_xxxxxx,P4(u)u_xxx,P3(u)u_xxxxxx,-0.002,-0.0021
KdV,u^4u_xxx,u^4u_xxxxxx,P4(u)u_xxx,P4(u)u_xxxxxx,-0.0102,0.0005
KdV,u^4u_xxx,u^5u_xxxxxx,P4(u)u_xxx,P5(u)u_xxxxxx,-0.0034,0.0046
KdV,u^4u_xxx,u^6u_xxxxxx,P4(u)u_xxx,P6(u)u_xxxxxx,-0.007,0.0017
KdV,u^5u_xxx,u^6u_xxx,P5(u)u_xxx,P6(u)u_xxx,-0.6296,-0.0031
KdV,u^5u_xxx,u_xxxx,P5(u)u_xxx,P0(u)u_xxxx,-0.0222,0.0292
KdV,u^5u_xxx,uu_xxxx,P5(u)u_xxx,P1(u)u_xxxx,0.0292,-0.0204
KdV,u^5u_xxx,u^2u_xxxx,P5(u)u_xxx,P2(u)u_xxxx,-0.0195,-0.0146
KdV,u^5u_xxx,u^3u_xxxx,P5(u)u_xxx,P3(u)u_xxxx,0.0318,0.0197
KdV,u^5u_xxx,u^4u_xxxx,P5(u)u_xxx,P4(u)u_xxxx,-0.0214,0.0121
KdV,u^5u_xxx,u^5u_xxxx,P5(u)u_xxx,P5(u)u_xxxx,0.031,-0.0161
KdV,u^5u_xxx,u^6u_xxxx,P5(u)u_xxx,P6(u)u_xxxx,-0.0202,-0.0082
KdV,u^5u_xxx,u_xxxxx,P5(u)u_xxx,P0(u)u_xxxxx,0.0521,0.0019
KdV,u^5u_xxx,uu_xxxxx,P5(u)u_xxx,P1(u)u_xxxxx,-0.4415,-0.5603
KdV,u^5u_xxx,u^2u_xxxxx,P5(u)u_xxx,P2(u)u_xxxxx,0.3901,0.0207
KdV,u^5u_xxx,u^3u_xxxxx,P5(u)u_xxx,P3(u)u_xxxxx,-0.8526,0.8094
KdV,u^5u_xxx,u^4u_xxxxx,P5(u)u_xxx,P4(u)u_xxxxx,0.6017,-0.0226
KdV,u^5u_xxx,u^5u_xxxxx,P5(u)u_xxx,P5(u)u_xxxxx,-0.9681,-0.9626
KdV,u^5u_xxx,u^6u_xxxxx,P5(u)u_xxx,P6(u)u_xxxxx,0.6335,-0.0183
KdV,u^5u_xxx,u_xxxxxx,P5(u)u_xxx,P0(u)u_xxxxxx,0.0169,-0.0314
KdV,u^5u_xxx,uu_xxxxxx,P5(u)u_xxx,P1(u)u_xxxxxx,-0.0289,0.0207
KdV,u^5u_xxx,u^2u_xxxxxx,P5(u)u_xxx,P2(u)u_xxxxxx,0.0186,0.0155
KdV,u^5u_xxx,u^3u_xxxxxx,P5(u)u_xxx,P3(u)u_xxxxxx,-0.0316,-0.0203
KdV,u^5u_xxx,u^4u_xxxxxx,P5(u)u_xxx,P4(u)u_xxxxxx,0.0205,-0.0125
KdV,u^5u_xxx,u^5u_xxxxxx,P5(u)u_xxx,P5(u)u_xxxxxx,-0.0307,0.017
KdV,u^5u_xxx,u^6u_xxxxxx,P5(u)u_xxx,P6(u)u_xxxxxx,0.0191,0.0083
KdV,u^6u_xxx,u_xxxx,P6(u)u_xxx,P0(u)u_xxxx,0.0117,-0.009
KdV,u^6u_xxx,uu_xxxx,P6(u)u_xxx,P1(u)u_xxxx,-0.0034,-0.0044
KdV,u^6u_xxx,u^2u_xxxx,P6(u)u_xxx,P2(u)u_xxxx,0.0185,0.0044
KdV,u^6u_xxx,u^3u_xxxx,P6(u)u_xxx,P3(u)u_xxxx,-0.0053,0.0023
KdV,u^6u_xxx,u^4u_xxxx,P6(u)u_xxx,P4(u)u_xxxx,0.0189,-0.002
KdV,u^6u_xxx,u^5u_xxxx,P6(u)u_xxx,P5(u)u_xxxx,-0.006,-0.0003
KdV,u^6u_xxx,u^6u_xxxx,P6(u)u_xxx,P6(u)u_xxxx,0.019,0.0052
KdV,u^6u_xxx,u_xxxxx,P6(u)u_xxx,P0(u)u_xxxxx,-0.0639,0.2531
KdV,u^6u_xxx,uu_xxxxx,P6(u)u_xxx,P1(u)u_xxxxx,0.2364,-0.0608
KdV,u^6u_xxx,u^2u_xxxxx,P6(u)u_xxx,P2(u)u_xxxxx,-0.5316,-0.4512
KdV,u^6u_xxx,u^3u_xxxxx,P6(u)u_xxx,P3(u)u_xxxxx,0.4983,0.0572
KdV,u^6u_xxx,u^4u_xxxxx,P6(u)u_xxx,P4(u)u_xxxxx,-0.849,0.7707
KdV,u^6u_xxx,u^5u_xxxxx,P6(u)u_xxx,P5(u)u_xxxxx,0.6287,-0.0086
KdV,u^6u_xxx,u^6u_xxxxx,P6(u)u_xxx,P6(u)u_xxxxx,-0.9558,-0.9375
KdV,u^6u_xxx,u_xxxxxx,P6(u)u_xxx,P0(u)u_xxxxxx,-0.0072,0.0075
KdV,u^6u_xxx,uu_xxxxxx,P6(u)u_xxx,P1(u)u_xxxxxx,0.0031,0.0041
KdV,u^6u_xxx,u^2u_xxxxxx,P6(u)u_xxx,P2(u)u_xxxxxx,-0.0179,-0.0039
KdV,u^6u_xxx,u^3u_xxxxxx,P6(u)u_xxx,P3(u)u_xxxxxx,0.0052,-0.0018
KdV,u^6u_xxx,u^4u_xxxxxx,P6(u)u_xxx,P4(u)u_xxxxxx,-0.0185,0.0017
KdV,u^6u_xxx,u^5u_xxxxxx,P6(u)u_xxx,P5(u)u_xxxxxx,0.0059,-0.0002
KdV,u^6u_xxx,u^6u_xxxxxx,P6(u)u_xxx,P6(u)u_xxxxxx,-0.0188,-0.0052
KdV,u_xxxx,uu_xxxx,P0(u)u_xxxx,P1(u)u_xxxx,-0.0172,-0.0006
KdV,u_xxxx,u^2u_xxxx,P0(u)u_xxxx,P2(u)u_xxxx,0.1097,-0.146
KdV,u_xxxx,u^3u_xxxx,P0(u)u_xxxx,P3(u)u_xxxx,-0.023,-0.0016
KdV,u_xxxx,u^4u_xxxx,P0(u)u_xxxx,P4(u)u_xxxx,0.0664,0.0141
KdV,u_xxxx,u^5u_xxxx,P0(u)u_xxxx,P5(u)u_xxxx,-0.0241,0.0039
KdV,u_xxxx,u^6u_xxxx,P0(u)u_xxxx,P6(u)u_xxxx,0.0483,0.0244
KdV,u_xxxx,u_xxxxx,P0(u)u_xxxx,P0(u)u_xxxxx,-0.0,-0.0
KdV,u_xxxx,uu_xxxxx,P0(u)u_xxxx,P1(u)u_xxxxx,0.0003,-0.0278
KdV,u_xxxx,u^2u_xxxxx,P0(u)u_xxxx,P2(u)u_xxxxx,-0.0179,-0.0042
KdV,u_xxxx,u^3u_xxxxx,P0(u)u_xxxx,P3(u)u_xxxxx,0.0235,0.0388
KdV,u_xxxx,u^4u_xxxxx,P0(u)u_xxxx,P4(u)u_xxxxx,-0.0245,-0.0011
KdV,u_xxxx,u^5u_xxxxx,P0(u)u_xxxx,P5(u)u_xxxxx,0.0293,-0.0341
KdV,u_xxxx,u^6u_xxxxx,P0(u)u_xxxx,P6(u)u_xxxxx,-0.017,0.0064
KdV,u_xxxx,u_xxxxxx,P0(u)u_xxxx,P0(u)u_xxxxxx,-0.9886,-0.9886
KdV,u_xxxx,uu_xxxxxx,P0(u)u_xxxx,P1(u)u_xxxxxx,0.0183,0.0002
KdV,u_xxxx,u^2u_xxxxxx,P0(u)u_xxxx,P2(u)u_xxxxxx,-0.1113,0.1618
KdV,u_xxxx,u^3u_xxxxxx,P0(u)u_xxxx,P3(u)u_xxxxxx,0.0238,0.0027
KdV,u_xxxx,u^4u_xxxxxx,P0(u)u_xxxx,P4(u)u_xxxxxx,-0.0666,-0.0221
KdV,u_xxxx,u^5u_xxxxxx,P0(u)u_xxxx,P5(u)u_xxxxxx,0.0249,-0.0065
KdV,u_xxxx,u^6u_xxxxxx,P0(u)u_xxxx,P6(u)u_xxxxxx,-0.0484,-0.0195
KdV,uu_xxxx,u^2u_xxxx,P1(u)u_xxxx,P2(u)u_xxxx,-0.5648,0.0661
KdV,uu_xxxx,u^3u_xxxx,P1(u)u_xxxx,P3(u)u_xxxx,0.9442,-0.9629
KdV,uu_xxxx,u^4u_xxxx,P1(u)u_xxxx,P4(u)u_xxxx,-0.6069,-0.0567
KdV,uu_xxxx,u^5u_xxxx,P1(u)u_xxxx,P5(u)u_xxxx,0.8486,0.693
KdV,uu_xxxx,u^6u_xxxx,P1(u)u_xxxx,P6(u)u_xxxx,-0.5718,-0.0007
KdV,uu_xxxx,u_xxxxx,P1(u)u_xxxx,P0(u)u_xxxxx,-0.0013,0.0005
KdV,uu_xxxx,uu_xxxxx,P1(u)u_xxxx,P1(u)u_xxxxx,-0.0035,-0.0035
KdV,uu_xxxx,u^2u_xxxxx,P1(u)u_xxxx,P2(u)u_xxxxx,0.1968,0.1053
KdV,uu_xxxx,u^3u_xxxxx,P1(u)u_xxxx,P3(u)u_xxxxx,-0.0773,-0.0023
KdV,uu_xxxx,u^4u_xxxxx,P1(u)u_xxxx,P4(u)u_xxxxx,0.2033,-0.1408
KdV,uu_xxxx,u^5u_xxxxx,P1(u)u_xxxx,P5(u)u_xxxxx,-0.0962,-0.0016
KdV,uu_xxxx,u^6u_xxxxx,P1(u)u_xxxx,P6(u)u_xxxxx,0.1534,0.092
KdV,uu_xxxx,u_xxxxxx,P1(u)u_xxxx,P0(u)u_xxxxxx,0.0165,-0.0001
KdV,uu_xxxx,uu_xxxxxx,P1(u)u_xxxx,P1(u)u_xxxxxx,-0.9999,-0.9999
KdV,uu_xxxx,u^2u_xxxxxx,P1(u)u_xxxx,P2(u)u_xxxxxx,0.5705,-0.0519
KdV,uu_xxxx,u^3u_xxxxxx,P1(u)u_xxxx,P3(u)u_xxxxxx,-0.9425,0.9625
KdV,uu_xxxx,u^4u_xxxxxx,P1(u)u_xxxx,P4(u)u_xxxxxx,0.6102,0.0459
KdV,uu_xxxx,u^5u_xxxxxx,P1(u)u_xxxx,P5(u)u_xxxxxx,-0.8454,-0.6912
KdV,uu_xxxx,u^6u_xxxxxx,P1(u)u_xxxx,P6(u)u_xxxxxx,0.5739,0.007
KdV,u^2u_xxxx,u^3u_xxxx,P2(u)u_xxxx,P3(u)u_xxxx,-0.7227,-0.1064
KdV,u^2u_xxxx,u^4u_xxxx,P2(u)u_xxxx,P4(u)u_xxxx,0.9631,-0.9549
KdV,u^2u_xxxx,u^5u_xxxx,P2(u)u_xxxx,P5(u)u_xxxx,-0.768,0.1439
KdV,u^2u_xxxx,u^6u_xxxx,P2(u)u_xxxx,P6(u)u_xxxx,0.8892,0.8512
KdV,u^2u_xxxx,u_xxxxx,P2(u)u_xxxx,P0(u)u_xxxxx,0.0056,0.0029
KdV,u^2u_xxxx,uu_xxxxx,P2(u)u_xxxx,P1(u)u_xxxxx,0.0374,0.0462
KdV,u^2u_xxxx,u^2u_xxxxx,P2(u)u_xxxx,P2(u)u_xxxxx,-0.1179,0.0091
KdV,u^2u_xxxx,u^3u_xxxxx,P2(u)u_xxxx,P3(u)u_xxxxx,0.1204,-0.0051
KdV,u^2u_xxxx,u^4u_xxxxx,P2(u)u_xxxx,P4(u)u_xxxxx,-0.1539,-0.0171
KdV,u^2u_xxxx,u^5u_xxxxx,P2(u)u_xxxx,P5(u)u_xxxxx,0.132,-0.03
KdV,u^2u_xxxx,u^6u_xxxxx,P2(u)u_xxxx,P6(u)u_xxxxx,-0.136,0.0113
KdV,u^2u_xxxx,u_xxxxxx,P2(u)u_xxxx,P0(u)u_xxxxxx,-0.0888,0.1685
KdV,u^2u_xxxx,uu_xxxxxx,P2(u)u_xxxx,P1(u)u_xxxxxx,0.5696,-0.06
KdV,u^2u_xxxx,u^2u_xxxxxx,P2(u)u_xxxx,P2(u)u_xxxxxx,-0.9998,-0.999
KdV,u^2u_xxxx,u^3u_xxxxxx,P2(u)u_xxxx,P3(u)u_xxxxxx,0.7275,0.1017
KdV,u^2u_xxxx,u^4u_xxxxxx,P2(u)u_xxxx,P4(u)u_xxxxxx,-0.9619,0.9553
KdV,u^2u_xxxx,u^5u_xxxxxx,P2(u)u_xxxx,P5(u)u_xxxxxx,0.7721,-0.1408
KdV,u^2u_xxxx,u^6u_xxxxxx,P2(u)u_xxxx,P6(u)u_xxxxxx,-0.888,-0.8508
KdV,u^3u_xxxx,u^4u_xxxx,P3(u)u_xxxx,P4(u)u_xxxx,-0.7853,0.1014
KdV,u^3u_xxxx,u^5u_xxxx,P3(u)u_xxxx,P5(u)u_xxxx,0.9701,-0.8509
KdV,u^3u_xxxx,u^6u_xxxx,P3(u)u_xxxx,P6(u)u_xxxx,-0.7618,-0.0491
KdV,u^3u_xxxx,u_xxxxx,P3(u)u_xxxx,P0(u)u_xxxxx,-0.005,-0.0027
KdV,u^3u_xxxx,uu_xxxxx,P3(u)u_xxxx,P1(u)u_xxxxx,-0.0131,0.001
KdV,u^3u_xxxx,u^2u_xxxxx,P3(u)u_xxxx,P2(u)u_xxxxx,0.2013,-0.0906
KdV,u^3u_xxxx,u^3u_xxxxx,P3(u)u_xxxx,P3(u)u_xxxxx,-0.1011,0.0024
KdV,u^3u_xxxx,u^4u_xxxxx,P3(u)u_xxxx,P4(u)u_xxxxx,0.2244,0.1302
KdV,u^3u_xxxx,u^5u_xxxxx,P3(u)u_xxxx,P5(u)u_xxxxx,-0.1243,0.0015
KdV,u^3u_xxxx,u^6u_xxxxx,P3(u)u_xxxx,P6(u)u_xxxxx,0.1794,-0.0905
KdV,u^3u_xxxx,u_xxxxxx,P3(u)u_xxxx,P0(u)u_xxxxxx,0.0194,0.0038
KdV,u^3u_xxxx,uu_xxxxxx,P3(u)u_xxxx,P1(u)u_xxxxxx,-0.9455,0.9626
KdV,u^3u_xxxx,u^2u_xxxxxx,P3(u)u_xxxx,P2(u)u_xxxxxx,0.7281,0.093
KdV,u^3u_xxxx,u^3u_xxxxxx,P3(u)u_xxxx,P3(u)u_xxxxxx,-0.9999,-0.9999
KdV,u^3u_xxxx,u^4u_xxxxxx,P3(u)u_xxxx,P4(u)u_xxxxxx,0.7886,-0.091
KdV,u^3u_xxxx,u^5u_xxxxxx,P3(u)u_xxxx,P5(u)u_xxxxxx,-0.9685,0.8491
KdV,u^3u_xxxx,u^6u_xxxxxx,P3(u)u_xxxx,P6(u)u_xxxxxx,0.764,0.0424
KdV,u^4u_xxxx,u^5u_xxxx,P4(u)u_xxxx,P5(u)u_xxxx,-0.8594,-0.1565
KdV,u^4u_xxxx,u^6u_xxxx,P4(u)u_xxxx,P6(u)u_xxxx,0.9747,-0.9549
KdV,u^4u_xxxx,u_xxxxx,P4(u)u_xxxx,P0(u)u_xxxxx,0.0097,0.0019
KdV,u^4u_xxxx,uu_xxxxx,P4(u)u_xxxx,P1(u)u_xxxxx,0.0339,-0.0413
KdV,u^4u_xxxx,u^2u_xxxxx,P4(u)u_xxxx,P2(u)u_xxxxx,-0.135,-0.0113
KdV,u^4u_xxxx,u^3u_xxxxx,P4(u)u_xxxx,P3(u)u_xxxxx,0.1268,0.0035
KdV,u^4u_xxxx,u^4u_xxxxx,P4(u)u_xxxx,P4(u)u_xxxxx,-0.1771,0.0185
KdV,u^4u_xxxx,u^5u_xxxxx,P4(u)u_xxxx,P5(u)u_xxxxx,0.1454,0.0302
KdV,u^4u_xxxx,u^6u_xxxxx,P4(u)u_xxxx,P6(u)u_xxxxx,-0.1588,-0.0133
KdV,u^4u_xxxx,u_xxxxxx,P4(u)u_xxxx,P0(u)u_xxxxxx,-0.0514,-0.0393
KdV,u^4u_xxxx,uu_xxxxxx,P4(u)u_xxxx,P1(u)u_xxxxxx,0.6113,0.051
KdV,u^4u_xxxx,u^2u_xxxxxx,P4(u)u_xxxx,P2(u)u_xxxxxx,-0.9644,0.9521
KdV,u^4u_xxxx,u^3u_xxxxxx,P4(u)u_xxxx,P3(u)u_xxxxxx,0.79,-0.0969
KdV,u^4u_xxxx,u^4u_xxxxxx,P4(u)u_xxxx,P4(u)u_xxxxxx,-0.9999,-0.9996
KdV,u^4u_xxxx,u^5u_xxxxxx,P4(u)u_xxxx,P5(u)u_xxxxxx,0.8636,0.1535
KdV,u^4u_xxxx,u^6u_xxxxxx,P4(u)u_xxxx,P6(u)u_xxxxxx,-0.9742,0.954
KdV,u^5u_xxxx,u^6u_xxxx,P5(u)u_xxxx,P6(u)u_xxxx,-0.8651,0.1338
KdV,u^5u_xxxx,u_xxxxx,P5(u)u_xxxx,P0(u)u_xxxxx,-0.0099,0.0054
KdV,u^5u_xxxx,uu_xxxxx,P5(u)u_xxxx,P1(u)u_xxxxx,-0.0176,0.0068
KdV,u^5u_xxxx,u^2u_xxxxx,P5(u)u_xxxx,P2(u)u_xxxxx,0.1902,0.0487
KdV,u^5u_xxxx,u^3u_xxxxx,P5(u)u_xxxx,P3(u)u_xxxxx,-0.1116,-0.0038
KdV,u^5u_xxxx,u^4u_xxxxx,P5(u)u_xxxx,P4(u)u_xxxxx,0.2254,-0.0854
KdV,u^5u_xxxx,u^5u_xxxxx,P5(u)u_xxxx,P5(u)u_xxxxx,-0.1387,-0.0018
KdV,u^5u_xxxx,u^6u_xxxxx,P5(u)u_xxxx,P6(u)u_xxxxx,0.1902,0.0696
KdV,u^5u_xxxx,u_xxxxxx,P5(u)u_xxxx,P0(u)u_xxxxxx,0.0197,-0.0095
KdV,u^5u_xxxx,uu_xxxxxx,P5(u)u_xxxx,P1(u)u_xxxxxx,-0.8505,-0.6927
KdV,u^5u_xxxx,u^2u_xxxxxx,P5(u)u_xxxx,P2(u)u_xxxxxx,0.7731,-0.1345
KdV,u^5u_xxxx,u^3u_xxxxxx,P5(u)u_xxxx,P3(u)u_xxxxxx,-0.9712,0.8516
KdV,u^5u_xxxx,u^4u_xxxxxx,P5(u)u_xxxx,P4(u)u_xxxxxx,0.8627,0.149
KdV,u^5u_xxxx,u^5u_xxxxxx,P5(u)u_xxxx,P5(u)u_xxxxxx,-0.9999,-0.9995
KdV,u^5u_xxxx,u^6u_xxxxxx,P5(u)u_xxxx,P6(u)u_xxxxxx,0.8675,-0.1278
KdV,u^6u_xxxx,u_xxxxx,P6(u)u_xxxx,P0(u)u_xxxxx,0.011,-0.0028
KdV,u^6u_xxxx,uu_xxxxx,P6(u)u_xxxx,P1(u)u_xxxxx,0.0281,0.034
KdV,u^6u_xxxx,u^2u_xxxxx,P6(u)u_xxxx,P2(u)u_xxxxx,-0.1324,0.003
KdV,u^6u_xxxx,u^3u_xxxxx,P6(u)u_xxxx,P3(u)u_xxxxx,0.1237,-0.0017
KdV,u^6u_xxxx,u^4u_xxxxx,P6(u)u_xxxx,P4(u)u_xxxxx,-0.1783,-0.0063
KdV,u^6u_xxxx,u^5u_xxxxx,P6(u)u_xxxx,P5(u)u_xxxxx,0.148,-0.0268
KdV,u^6u_xxxx,u^6u_xxxxx,P6(u)u_xxxx,P6(u)u_xxxxx,-0.1665,0.0045
KdV,u^6u_xxxx,u_xxxxxx,P6(u)u_xxxx,P0(u)u_xxxxxx,-0.0369,0.0003
KdV,u^6u_xxxx,uu_xxxxxx,P6(u)u_xxxx,P1(u)u_xxxxxx,0.5759,0.0056
KdV,u^6u_xxxx,u^2u_xxxxxx,P6(u)u_xxxx,P2(u)u_xxxxxx,-0.8911,-0.849
KdV,u^6u_xxxx,u^3u_xxxxxx,P6(u)u_xxxx,P3(u)u_xxxxxx,0.7663,0.045
KdV,u^6u_xxxx,u^4u_xxxxxx,P6(u)u_xxxx,P4(u)u_xxxxxx,-0.9751,0.9548
KdV,u^6u_xxxx,u^5u_xxxxxx,P6(u)u_xxxx,P5(u)u_xxxxxx,0.8695,-0.1306
KdV,u^6u_xxxx,u^6u_xxxxxx,P6(u)u_xxxx,P6(u)u_xxxxxx,-0.9998,-0.9996
KdV,u_xxxxx,uu_xxxxx,P0(u)u_xxxxx,P1(u)u_xxxxx,-0.228,0.0022
KdV,u_xxxxx,u^2u_xxxxx,P0(u)u_xxxxx,P2(u)u_xxxxx,0.4639,-0.8935
KdV,u_xxxxx,u^3u_xxxxx,P0(u)u_xxxxx,P3(u)u_xxxxx,-0.1254,0.0021
KdV,u_xxxxx,u^4u_xxxxx,P0(u)u_xxxxx,P4(u)u_xxxxx,0.1733,0.5362
KdV,u_xxxxx,u^5u_xxxxx,P0(u)u_xxxxx,P5(u)u_xxxxx,-0.049,-0.0026
KdV,u_xxxxx,u^6u_xxxxx,P0(u)u_xxxxx,P6(u)u_xxxxx,0.0548,-0.258
KdV,u_xxxxx,u_xxxxxx,P0(u)u_xxxxx,P0(u)u_xxxxxx,0.0,0.0
KdV,u_xxxxx,uu_xxxxxx,P0(u)u_xxxxx,P1(u)u_xxxxxx,0.0016,-0.0005
KdV,u_xxxxx,u^2u_xxxxxx,P0(u)u_xxxxx,P2(u)u_xxxxxx,-0.0058,-0.0029
KdV,u_xxxxx,u^3u_xxxxxx,P0(u)u_xxxxx,P3(u)u_xxxxxx,0.0051,0.0027
KdV,u_xxxxx,u^4u_xxxxxx,P0(u)u_xxxxx,P4(u)u_xxxxxx,-0.0099,-0.0017
KdV,u_xxxxx,u^5u_xxxxxx,P0(u)u_xxxxx,P5(u)u_xxxxxx,0.0097,-0.0056
KdV,u_xxxxx,u^6u_xxxxxx,P0(u)u_xxxxx,P6(u)u_xxxxxx,-0.0112,0.0018
KdV,uu_xxxxx,u^2u_xxxxx,P1(u)u_xxxxx,P2(u)u_xxxxx,-0.4065,0.0296
KdV,uu_xxxxx,u^3u_xxxxx,P1(u)u_xxxxx,P3(u)u_xxxxx,0.7423,-0.8866
KdV,uu_xxxxx,u^4u_xxxxx,P1(u)u_xxxxx,P4(u)u_xxxxx,-0.3394,-0.0738
KdV,uu_xxxxx,u^5u_xxxxx,P1(u)u_xxxxx,P5(u)u_xxxxx,0.4528,0.5779
KdV,uu_xxxxx,u^6u_xxxxx,P1(u)u_xxxxx,P6(u)u_xxxxx,-0.2411,0.0728
KdV,uu_xxxxx,u_xxxxxx,P1(u)u_xxxxx,P0(u)u_xxxxxx,0.0051,0.0347
KdV,uu_xxxxx,uu_xxxxxx,P1(u)u_xxxxx,P1(u)u_xxxxxx,0.0034,0.0035
KdV,uu_xxxxx,u^2u_xxxxxx,P1(u)u_xxxxx,P2(u)u_xxxxxx,-0.0363,-0.0474
KdV,uu_xxxxx,u^3u_xxxxxx,P1(u)u_xxxxx,P3(u)u_xxxxxx,0.0134,-0.0003
KdV,uu_xxxxx,u^4u_xxxxxx,P1(u)u_xxxxx,P4(u)u_xxxxxx,-0.0334,0.0416
KdV,uu_xxxxx,u^5u_xxxxxx,P1(u)u_xxxxx,P5(u)u_xxxxxx,0.018,-0.0088
KdV,uu_xxxxx,u^6u_xxxxxx,P1(u)u_xxxxx,P6(u)u_xxxxxx,-0.0279,-0.0341
KdV,u^2u_xxxxx,u^3u_xxxxx,P2(u)u_xxxxx,P3(u)u_xxxxx,-0.5038,-0.0078
KdV,u^2u_xxxxx,u^4u_xxxxx,P2(u)u_xxxxx,P4(u)u_xxxxx,0.8274,-0.8071
KdV,u^2u_xxxxx,u^5u_xxxxx,P2(u)u_xxxxx,P5(u)u_xxxxx,-0.4198,-0.0237
KdV,u^2u_xxxxx,u^6u_xxxxx,P2(u)u_xxxxx,P6(u)u_xxxxx,0.5665,0.4784
KdV,u^2u_xxxxx,u_xxxxxx,P2(u)u_xxxxx,P0(u)u_xxxxxx,0.0151,0.0043
KdV,u^2u_xxxxx,uu_xxxxxx,P2(u)u_xxxxx,P1(u)u_xxxxxx,-0.1963,-0.105
KdV,u^2u_xxxxx,u^2u_xxxxxx,P2(u)u_xxxxx,P2(u)u_xxxxxx,0.1187,-0.0075
KdV,u^2u_xxxxx,u^3u_xxxxxx,P2(u)u_xxxxx,P3(u)u_xxxxxx,-0.2006,0.0903
KdV,u^2u_xxxxx,u^4u_xxxxxx,P2(u)u_xxxxx,P4(u)u_xxxxxx,0.1356,0.0101
KdV,u^2u_xxxxx,u^5u_xxxxxx,P2(u)u_xxxxx,P5(u)u_xxxxxx,-0.1895,-0.0484
KdV,u^2u_xxxxx,u^6u_xxxxxx,P2(u)u_xxxxx,P6(u)u_xxxxxx,0.133,-0.0016
KdV,u^3u_xxxxx,u^4u_xxxxx,P3(u)u_xxxxx,P4(u)u_xxxxx,-0.6062,0.0422
KdV,u^3u_xxxxx,u^5u_xxxxx,P3(u)u_xxxxx,P5(u)u_xxxxx,0.8804,-0.8377
KdV,u^3u_xxxxx,u^6u_xxxxx,P3(u)u_xxxxx,P6(u)u_xxxxx,-0.534,-0.0676
KdV,u^3u_xxxxx,u_xxxxxx,P3(u)u_xxxxx,P0(u)u_xxxxxx,-0.0158,-0.0432
KdV,u^3u_xxxxx,uu_xxxxxx,P3(u)u_xxxxx,P1(u)u_xxxxxx,0.0774,0.0026
KdV,u^3u_xxxxx,u^2u_xxxxxx,P3(u)u_xxxxx,P2(u)u_xxxxxx,-0.1192,0.0066
KdV,u^3u_xxxxx,u^3u_xxxxxx,P3(u)u_xxxxx,P3(u)u_xxxxxx,0.1015,-0.0031
KdV,u^3u_xxxxx,u^4u_xxxxxx,P3(u)u_xxxxx,P4(u)u_xxxxxx,-0.1257,-0.0039
KdV,u^3u_xxxxx,u^5u_xxxxxx,P3(u)u_xxxxx,P5(u)u_xxxxxx,0.1118,0.0052
KdV,u^3u_xxxxx,u^6u_xxxxxx,P3(u)u_xxxxx,P6(u)u_xxxxxx,-0.1227,0.0016
KdV,u^4u_xxxxx,u^5u_xxxxx,P4(u)u_xxxxx,P5(u)u_xxxxx,-0.6477,0.0273
KdV,u^4u_xxxxx,u^6u_xxxxx,P4(u)u_xxxxx,P6(u)u_xxxxx,0.8988,-0.8259
KdV,u^4u_xxxxx,u_xxxxxx,P4(u)u_xxxxx,P0(u)u_xxxxxx,0.0191,0.0002
KdV,u^4u_xxxxx,uu_xxxxxx,P4(u)u_xxxxx,P1(u)u_xxxxxx,-0.2029,0.1402
KdV,u^4u_xxxxx,u^2u_xxxxxx,P4(u)u_xxxxx,P2(u)u_xxxxxx,0.1546,0.0151
KdV,u^4u_xxxxx,u^3u_xxxxxx,P4(u)u_xxxxx,P3(u)u_xxxxxx,-0.2238,-0.1296
KdV,u^4u_xxxxx,u^4u_xxxxxx,P4(u)u_xxxxx,P4(u)u_xxxxxx,0.1774,-0.017
KdV,u^4u_xxxxx,u^5u_xxxxxx,P4(u)u_xxxxx,P5(u)u_xxxxxx,-0.2245,0.085
KdV,u^4u_xxxxx,u^6u_xxxxxx,P4(u)u_xxxxx,P6(u)u_xxxxxx,0.1786,0.0051
KdV,u^5u_xxxxx,u^6u_xxxxx,P5(u)u_xxxxx,P6(u)u_xxxxx,-0.6816,0.0152
KdV,u^5u_xxxxx,u_xxxxxx,P5(u)u_xxxxx,P0(u)u_xxxxxx,-0.0216,0.0353
KdV,u^5u_xxxxx,uu_xxxxxx,P5(u)u_xxxxx,P1(u)u_xxxxxx,0.0963,0.0011
KdV,u^5u_xxxxx,u^2u_xxxxxx,P5(u)u_xxxxx,P2(u)u_xxxxxx,-0.131,0.0286
KdV,u^5u_xxxxx,u^3u_xxxxxx,P5(u)u_xxxxx,P3(u)u_xxxxxx,0.1244,-0.0007
KdV,u^5u_xxxxx,u^4u_xxxxxx,P5(u)u_xxxxx,P4(u)u_xxxxxx,-0.1441,-0.0294
KdV,u^5u_xxxxx,u^5u_xxxxxx,P5(u)u_xxxxx,P5(u)u_xxxxxx,0.1386,0.0007
KdV,u^5u_xxxxx,u^6u_xxxxxx,P5(u)u_xxxxx,P6(u)u_xxxxxx,-0.1463,0.0267
KdV,u^6u_xxxxx,u_xxxxxx,P6(u)u_xxxxx,P0(u)u_xxxxxx,0.0118,-0.005
KdV,u^6u_xxxxx,uu_xxxxxx,P6(u)u_xxxxx,P1(u)u_xxxxxx,-0.1531,-0.0916
KdV,u^6u_xxxxx,u^2u_xxxxxx,P6(u)u_xxxxx,P2(u)u_xxxxxx,0.1363,-0.0103
KdV,u^6u_xxxxx,u^3u_xxxxxx,P6(u)u_xxxxx,P3(u)u_xxxxxx,-0.1789,0.0901
KdV,u^6u_xxxxx,u^4u_xxxxxx,P6(u)u_xxxxx,P4(u)u_xxxxxx,0.1587,0.0125
KdV,u^6u_xxxxx,u^5u_xxxxxx,P6(u)u_xxxxx,P5(u)u_xxxxxx,-0.1892,-0.0692
KdV,u^6u_xxxxx,u^6u_xxxxxx,P6(u)u_xxxxx,P6(u)u_xxxxxx,0.1662,-0.0038
KdV,u_xxxxxx,uu_xxxxxx,P0(u)u_xxxxxx,P1(u)u_xxxxxx,-0.0178,0.0007
KdV,u_xxxxxx,u^2u_xxxxxx,P0(u)u_xxxxxx,P2(u)u_xxxxxx,0.0918,-0.1891
KdV,u_xxxxxx,u^3u_xxxxxx,P0(u)u_xxxxxx,P3(u)u_xxxxxx,-0.0202,-0.0052
KdV,u_xxxxxx,u^4u_xxxxxx,P0(u)u_xxxxxx,P4(u)u_xxxxxx,0.0522,0.0491
KdV,u_xxxxxx,u^5u_xxxxxx,P0(u)u_xxxxxx,P5(u)u_xxxxxx,-0.0205,0.0123
KdV,u_xxxxxx,u^6u_xxxxxx,P0(u)u_xxxxxx,P6(u)u_xxxxxx,0.0374,-0.0062
KdV,uu_xxxxxx,u^2u_xxxxxx,P1(u)u_xxxxxx,P2(u)u_xxxxxx,-0.5753,0.0458
KdV,uu_xxxxxx,u^3u_xxxxxx,P1(u)u_xxxxxx,P3(u)u_xxxxxx,0.9438,-0.9624
KdV,uu_xxxxxx,u^4u_xxxxxx,P1(u)u_xxxxxx,P4(u)u_xxxxxx,-0.6146,-0.0402
KdV,uu_xxxxxx,u^5u_xxxxxx,P1(u)u_xxxxxx,P5(u)u_xxxxxx,0.8475,0.6911
KdV,uu_xxxxxx,u^6u_xxxxxx,P1(u)u_xxxxxx,P6(u)u_xxxxxx,-0.578,-0.0119
KdV,u^2u_xxxxxx,u^3u_xxxxxx,P2(u)u_xxxxxx,P3(u)u_xxxxxx,-0.733,-0.0883
KdV,u^2u_xxxxxx,u^4u_xxxxxx,P2(u)u_xxxxxx,P4(u)u_xxxxxx,0.9634,-0.9536
KdV,u^2u_xxxxxx,u^5u_xxxxxx,P2(u)u_xxxxxx,P5(u)u_xxxxxx,-0.7773,0.1313
KdV,u^2u_xxxxxx,u^6u_xxxxxx,P2(u)u_xxxxxx,P6(u)u_xxxxxx,0.8901,0.8493
KdV,u^3u_xxxxxx,u^4u_xxxxxx,P3(u)u_xxxxxx,P4(u)u_xxxxxx,-0.7933,0.0865
KdV,u^3u_xxxxxx,u^5u_xxxxxx,P3(u)u_xxxxxx,P5(u)u_xxxxxx,0.9698,-0.8502
KdV,u^3u_xxxxxx,u^6u_xxxxxx,P3(u)u_xxxxxx,P6(u)u_xxxxxx,-0.7686,-0.0383
KdV,u^4u_xxxxxx,u^5u_xxxxxx,P4(u)u_xxxxxx,P5(u)u_xxxxxx,-0.8669,-0.1459
KdV,u^4u_xxxxxx,u^6u_xxxxxx,P4(u)u_xxxxxx,P6(u)u_xxxxxx,0.9749,-0.9546
KdV,u^5u_xxxxxx,u^6u_xxxxxx,P5(u)u_xxxxxx,P6(u)u_xxxxxx,-0.8721,0.1246
Burgers,1,u,P0(u),P1(u),,
Burgers,1,u^2,P0(u),P2(u),,
Burgers,1,u^3,P0(u),P3(u),,
Burgers,1,u^4,P0(u),P4(u),,
Burgers,1,u^5,P0(u),P5(u),,
Burgers,1,u^6,P0(u),P6(u),,
Burgers,1,u_x,P0(u),P0(u)u_x,,
Burgers,1,uu_x,P0(u),P1(u)u_x,,
Burgers,1,u^2u_x,P0(u),P2(u)u_x,,
Burgers,1,u^3u_x,P0(u),P3(u)u_x,,
Burgers,1,u^4u_x,P0(u),P4(u)u_x,,
Burgers,1,u^5u_x,P0(u),P5(u)u_x,,
Burgers,1,u^6u_x,P0(u),P6(u)u_x,,
Burgers,1,u_xx,P0(u),P0(u)u_xx,,
Burgers,1,uu_xx,P0(u),P1(u)u_xx,,
Burgers,1,u^2u_xx,P0(u),P2(u)u_xx,,
Burgers,1,u^3u_xx,P0(u),P3(u)u_xx,,
Burgers,1,u^4u_xx,P0(u),P4(u)u_xx,,
Burgers,1,u^5u_xx,P0(u),P5(u)u_xx,,
Burgers,1,u^6u_xx,P0(u),P6(u)u_xx,,
Burgers,1,u_xxx,P0(u),P0(u)u_xxx,,
Burgers,1,uu_xxx,P0(u),P1(u)u_xxx,,
Burgers,1,u^2u_xxx,P0(u),P2(u)u_xxx,,
Burgers,1,u^3u_xxx,P0(u),P3(u)u_xxx,,
Burgers,1,u^4u_xxx,P0(u),P4(u)u_xxx,,
Burgers,1,u^5u_xxx,P0(u),P5(u)u_xxx,,
Burgers,1,u^6u_xxx,P0(u),P6(u)u_xxx,,
Burgers,1,u_xxxx,P0(u),P0(u)u_xxxx,,
Burgers,1,uu_xxxx,P0(u),P1(u)u_xxxx,,
Burgers,1,u^2u_xxxx,P0(u),P2(u)u_xxxx,,
Burgers,1,u^3u_xxxx,P0(u),P3(u)u_xxxx,,
Burgers,1,u^4u_xxxx,P0(u),P4(u)u_xxxx,,
Burgers,1,u^5u_xxxx,P0(u),P5(u)u_xxxx,,
Burgers,1,u^6u_xxxx,P0(u),P6(u)u_xxxx,,
Burgers,1,u_xxxxx,P0(u),P0(u)u_xxxxx,,
Burgers,1,uu_xxxxx,P0(u),P1(u)u_xxxxx,,
Burgers,1,u^2u_xxxxx,P0(u),P2(u)u_xxxxx,,
Burgers,1,u^3u_xxxxx,P0(u),P3(u)u_xxxxx,,
Burgers,1,u^4u_xxxxx,P0(u),P4(u)u_xxxxx,,
Burgers,1,u^5u_xxxxx,P0(u),P5(u)u_xxxxx,,
Burgers,1,u^6u_xxxxx,P0(u),P6(u)u_xxxxx,,
Burgers,1,u_xxxxxx,P0(u),P0(u)u_xxxxxx,,
Burgers,1,uu_xxxxxx,P0(u),P1(u)u_xxxxxx,,
Burgers,1,u^2u_xxxxxx,P0(u),P2(u)u_xxxxxx,,
Burgers,1,u^3u_xxxxxx,P0(u),P3(u)u_xxxxxx,,
Burgers,1,u^4u_xxxxxx,P0(u),P4(u)u_xxxxxx,,
Burgers,1,u^5u_xxxxxx,P0(u),P5(u)u_xxxxxx,,
Burgers,1,u^6u_xxxxxx,P0(u),P6(u)u_xxxxxx,,
Burgers,u,u^2,P1(u),P2(u),-0.2817,-0.9784
Burgers,u,u^3,P1(u),P3(u),0.8624,0.7652
Burgers,u,u^4,P1(u),P4(u),0.2251,0.0859
Burgers,u,u^5,P1(u),P5(u),0.2155,-0.6339
Burgers,u,u^6,P1(u),P6(u),0.0511,0.6292
Burgers,u,u_x,P1(u),P0(u)u_x,-0.0,-0.0112
Burgers,u,uu_x,P1(u),P1(u)u_x,-0.1096,-0.0085
Burgers,u,u^2u_x,P1(u),P2(u)u_x,-0.0715,0.0518
Burgers,u,u^3u_x,P1(u),P3(u)u_x,-0.103,0.0066
Burgers,u,u^4u_x,P1(u),P4(u)u_x,-0.0734,-0.1042
Burgers,u,u^5u_x,P1(u),P5(u)u_x,-0.0559,0.1334
Burgers,u,u^6u_x,P1(u),P6(u)u_x,-0.0461,-0.0384
Burgers,u,u_xx,P1(u),P0(u)u_xx,-0.5574,-0.5576
Burgers,u,uu_xx,P1(u),P1(u)u_xx,-0.6653,-0.4188
Burgers,u,u^2u_xx,P1(u),P2(u)u_xx,-0.6435,-0.1704
Burgers,u,u^3u_xx,P1(u),P3(u)u_xx,-0.2632,0.9289
Burgers,u,u^4u_xx,P1(u),P4(u)u_xx,-0.0978,-0.901
Burgers,u,u^5u_xx,P1(u),P5(u)u_xx,-0.0141,-0.1877
Burgers,u,u^6u_xx,P1(u),P6(u)u_xx,0.012,0.7271
Burgers,u,u_xxx,P1(u),P0(u)u_xxx,0.0,0.0037
Burgers,u,uu_xxx,P1(u),P1(u)u_xxx,0.4493,0.2154
Burgers,u,u^2u_xxx,P1(u),P2(u)u_xxx,0.0445,-0.4946
Burgers,u,u^3u_xxx,P1(u),P3(u)u_xxx,0.1686,0.4053
Burgers,u,u^4u_xxx,P1(u),P4(u)u_xxx,0.0732,-0.2887
Burgers,u,u^5u_xxx,P1(u),P5(u)u_xxx,0.0528,0.1314
Burgers,u,u^6u_xxx,P1(u),P6(u)u_xxx,0.038,0.0551
Burgers,u,u_xxxx,P1(u),P0(u)u_xxxx,0.0919,0.0918
Burgers,u,uu_xxxx,P1(u),P1(u)u_xxxx,0.808,0.8127
Burgers,u,u^2u_xxxx,P1(u),P2(u)u_xxxx,0.6066,-0.1934
Burgers,u,u^3u_xxxx,P1(u),P3(u)u_xxxx,0.263,-0.878
Burgers,u,u^4u_xxxx,P1(u),P4(u)u_xxxx,0.0838,0.8679
Burgers,u,u^5u_xxxx,P1(u),P5(u)u_xxxx,0.0086,0.2863
Burgers,u,u^6u_xxxx,P1(u),P6(u)u_xxxx,-0.0148,-0.7204
Burgers,u,u_xxxxx,P1(u),P0(u)u_xxxxx,0.0,-0.001
Burgers,u,uu_xxxxx,P1(u),P1(u)u_xxxxx,-0.2897,-0.1958
Burgers,u,u^2u_xxxxx,P1(u),P2(u)u_xxxxx,-0.0771,0.2981
Burgers,u,u^3u_xxxxx,P1(u),P3(u)u_xxxxx,-0.1203,-0.25
Burgers,u,u^4u_xxxxx,P1(u),P4(u)u_xxxxx,-0.0626,0.2394
Burgers,u,u^5u_xxxxx,P1(u),P5(u)u_xxxxx,-0.0437,-0.1262
Burgers,u,u^6u_xxxxx,P1(u),P6(u)u_xxxxx,-0.032,-0.0604
Burgers,u,u_xxxxxx,P1(u),P0(u)u_xxxxxx,-0.0224,-0.0222
Burgers,u,uu_xxxxxx,P1(u),P1(u)u_xxxxxx,-0.8332,-0.8454
Burgers,u,u^2u_xxxxxx,P1(u),P2(u)u_xxxxxx,-0.6077,0.2244
Burgers,u,u^3u_xxxxxx,P1(u),P3(u)u_xxxxxx,-0.2635,0.8672
Burgers,u,u^4u_xxxxxx,P1(u),P4(u)u_xxxxxx,-0.0811,-0.849
Burgers,u,u^5u_xxxxxx,P1(u),P5(u)u_xxxxxx,-0.0071,-0.2937
Burgers,u,u^6u_xxxxxx,P1(u),P6(u)u_xxxxxx,0.0158,0.7097
Burgers,u^2,u^3,P2(u),P3(u),-0.0186,-0.8787
Burgers,u^2,u^4,P2(u),P4(u),0.6436,0.0942
Burgers,u^2,u^5,P2(u),P5(u),0.353,0.5401
Burgers,u^2,u^6,P2(u),P6(u),0.2868,-0.6527
Burgers,u^2,u_x,P2(u),P0(u)u_x,0.2621,0.0541
Burgers,u^2,uu_x,P2(u),P1(u)u_x,-0.0617,-0.0331
Burgers,u^2,u^2u_x,P2(u),P2(u)u_x,0.2466,-0.0418
Burgers,u^2,u^3u_x,P2(u),P3(u)u_x,0.2005,0.0286
Burgers,u^2,u^4u_x,P2(u),P4(u)u_x,0.1856,0.0577
Burgers,u^2,u^5u_x,P2(u),P5(u)u_x,0.1448,-0.112
Burgers,u^2,u^6u_x,P2(u),P6(u)u_x,0.1207,0.0546
Burgers,u^2,u_xx,P2(u),P0(u)u_xx,0.2373,0.5664
Burgers,u^2,uu_xx,P2(u),P1(u)u_xx,-0.3586,0.29
Burgers,u^2,u^2u_xx,P2(u),P2(u)u_xx,-0.3524,0.1983
Burgers,u^2,u^3u_xx,P2(u),P3(u)u_xx,-0.4418,-0.8647
Burgers,u^2,u^4u_xx,P2(u),P4(u)u_xx,-0.3198,0.9305
Burgers,u^2,u^5u_xx,P2(u),P5(u)u_xx,-0.2388,0.0057
Burgers,u^2,u^6u_xx,P2(u),P6(u)u_xx,-0.1844,-0.6186
Burgers,u^2,u_xxx,P2(u),P0(u)u_xxx,0.1215,0.0363
Burgers,u^2,uu_xxx,P2(u),P1(u)u_xxx,-0.3054,-0.2681
Burgers,u^2,u^2u_xxx,P2(u),P2(u)u_xxx,0.2794,0.5606
Burgers,u^2,u^3u_xxx,P2(u),P3(u)u_xxx,0.0168,-0.4709
Burgers,u^2,u^4u_xxx,P2(u),P4(u)u_xxx,0.0438,0.3491
Burgers,u^2,u^5u_xxx,P2(u),P5(u)u_xxx,0.0203,-0.1528
Burgers,u^2,u^6u_xxx,P2(u),P6(u)u_xxx,0.015,-0.0814
Burgers,u^2,u_xxxx,P2(u),P0(u)u_xxxx,-0.0333,-0.0933
Burgers,u^2,uu_xxxx,P2(u),P1(u)u_xxxx,0.1386,-0.7299
Burgers,u^2,u^2u_xxxx,P2(u),P2(u)u_xxxx,0.4012,0.3033
Burgers,u^2,u^3u_xxxx,P2(u),P3(u)u_xxxx,0.4082,0.7721
Burgers,u^2,u^4u_xxxx,P2(u),P4(u)u_xxxx,0.3053,-0.8874
Burgers,u^2,u^5u_xxxx,P2(u),P5(u)u_xxxx,0.2274,-0.1044
Burgers,u^2,u^6u_xxxx,P2(u),P6(u)u_xxxx,0.1777,0.6126
Burgers,u^2,u_xxxxx,P2(u),P0(u)u_xxxxx,-0.0821,-0.0223
Burgers,u^2,uu_xxxxx,P2(u),P1(u)u_xxxxx,0.1931,0.2335
Burgers,u^2,u^2u_xxxxx,P2(u),P2(u)u_xxxxx,-0.2205,-0.353
Burgers,u^2,u^3u_xxxxx,P2(u),P3(u)u_xxxxx,-0.0863,0.3043
Burgers,u^2,u^4u_xxxxx,P2(u),P4(u)u_xxxxx,-0.0815,-0.2714
Burgers,u^2,u^5u_xxxxx,P2(u),P5(u)u_xxxxx,-0.056,0.1138
Burgers,u^2,u^6u_xxxxx,P2(u),P6(u)u_xxxxx,-0.0443,0.0874
Burgers,u^2,u_xxxxxx,P2(u),P0(u)u_xxxxxx,-0.0137,0.0177
Burgers,u^2,uu_xxxxxx,P2(u),P1(u)u_xxxxxx,-0.098,0.7703
Burgers,u^2,u^2u_xxxxxx,P2(u),P2(u)u_xxxxxx,-0.3989,-0.351
Burgers,u^2,u^3u_xxxxxx,P2(u),P3(u)u_xxxxxx,-0.3992,-0.7587
Burgers,u^2,u^4u_xxxxxx,P2(u),P4(u)u_xxxxxx,-0.2989,0.8717
Burgers,u^2,u^5u_xxxxxx,P2(u),P5(u)u_xxxxxx,-0.223,0.1121
Burgers,u^2,u^6u_xxxxxx,P2(u),P6(u)u_xxxxxx,-0.175,-0.6036
Burgers,u^3,u^4,P3(u),P4(u),0.596,-0.5434
Burgers,u^3,u^5,P3(u),P5(u),0.5503,-0.162
Burgers,u^3,u^6,P3(u),P6(u),0.3294,0.5396
Burgers,u^3,u_x,P3(u),P0(u)u_x,0.165,-0.1215
Burgers,u^3,uu_x,P3(u),P1(u)u_x,-0.0925,0.108
Burgers,u^3,u^2u_x,P3(u),P2(u)u_x,0.1177,-0.0013
Burgers,u^3,u^3u_x,P3(u),P3(u)u_x,0.0977,-0.0791
Burgers,u^3,u^4u_x,P3(u),P4(u)u_x,0.1006,0.0411
Burgers,u^3,u^5u_x,P3(u),P5(u)u_x,0.0879,0.0414
Burgers,u^3,u^6u_x,P3(u),P6(u)u_x,0.0788,-0.0681
Burgers,u^3,u_xx,P3(u),P0(u)u_xx,-0.5561,-0.5213
Burgers,u^3,uu_xx,P3(u),P1(u)u_xx,-0.8253,0.0223
Burgers,u^3,u^2u_xx,P3(u),P2(u)u_xx,-0.8848,-0.2399
Burgers,u^3,u^3u_xx,P3(u),P3(u)u_xx,-0.6036,0.5935
Burgers,u^3,u^4u_xx,P3(u),P4(u)u_xx,-0.3963,-0.8394
Burgers,u^3,u^5u_xx,P3(u),P5(u)u_xx,-0.2596,0.4209
Burgers,u^3,u^6u_xx,P3(u),P6(u)u_xx,-0.1927,0.2199
Burgers,u^3,u_xxx,P3(u),P0(u)u_xxx,-0.1002,-0.1432
Burgers,u^3,uu_xxx,P3(u),P1(u)u_xxx,0.4467,0.3749
Burgers,u^3,u^2u_xxx,P3(u),P2(u)u_xxx,0.1163,-0.6375
Burgers,u^3,u^3u_xxx,P3(u),P3(u)u_xxx,0.2254,0.5437
Burgers,u^3,u^4u_xxx,P3(u),P4(u)u_xxx,0.1153,-0.4366
Burgers,u^3,u^5u_xxx,P3(u),P5(u)u_xxx,0.0835,0.2051
Burgers,u^3,u^6u_xxx,P3(u),P6(u)u_xxx,0.0641,0.1014
Burgers,u^3,u_xxxx,P3(u),P0(u)u_xxxx,0.1195,0.0932
Burgers,u^3,uu_xxxx,P3(u),P1(u)u_xxxx,0.9025,0.4567
Burgers,u^3,u^2u_xxxx,P3(u),P2(u)u_xxxx,0.8412,-0.4925
Burgers,u^3,u^3u_xxxx,P3(u),P3(u)u_xxxx,0.5897,-0.4077
Burgers,u^3,u^4u_xxxx,P3(u),P4(u)u_xxxx,0.3696,0.7519
Burgers,u^3,u^5u_xxxx,P3(u),P5(u)u_xxxx,0.245,-0.3218
Burgers,u^3,u^6u_xxxx,P3(u),P6(u)u_xxxx,0.1838,-0.2154
Burgers,u^3,u_xxxxx,P3(u),P0(u)u_xxxxx,0.0381,0.0835
Burgers,u^3,uu_xxxxx,P3(u),P1(u)u_xxxxx,-0.282,-0.3009
Burgers,u^3,u^2u_xxxxx,P3(u),P2(u)u_xxxxx,-0.2092,0.4194
Burgers,u^3,u^3u_xxxxx,P3(u),P3(u)u_xxxxx,-0.2228,-0.3679
Burgers,u^3,u^4u_xxxxx,P3(u),P4(u)u_xxxxx,-0.1475,0.3075
Burgers,u^3,u^5u_xxxxx,P3(u),P5(u)u_xxxxx,-0.1115,-0.0979
Burgers,u^3,u^6u_xxxxx,P3(u),P6(u)u_xxxxx,-0.0904,-0.1157
Burgers,u^3,u_xxxxxx,P3(u),P0(u)u_xxxxxx,-0.0414,-0.0105
Burgers,u^3,uu_xxxxxx,P3(u),P1(u)u_xxxxxx,-0.904,-0.506
Burgers,u^3,u^2u_xxxxxx,P3(u),P2(u)u_xxxxxx,-0.8343,0.5642
Burgers,u^3,u^3u_xxxxxx,P3(u),P3(u)u_xxxxxx,-0.5837,0.3882
Burgers,u^3,u^4u_xxxxxx,P3(u),P4(u)u_xxxxxx,-0.3615,-0.7403
Burgers,u^3,u^5u_xxxxxx,P3(u),P5(u)u_xxxxxx,-0.2397,0.313
Burgers,u^3,u^6u_xxxxxx,P3(u),P6(u)u_xxxxxx,-0.1804,0.2099
Burgers,u^4,u^5,P4(u),P5(u),0.901,-0.7057
Burgers,u^4,u^6,P4(u),P6(u),0.7628,0.1538
Burgers,u^4,u_x,P4(u),P0(u)u_x,0.3972,0.1204
Burgers,u^4,uu_x,P4(u),P1(u)u_x,-0.1091,-0.1407
Burgers,u^4,u^2u_x,P4(u),P2(u)u_x,0.418,0.1005
Burgers,u^4,u^3u_x,P4(u),P3(u)u_x,0.4097,0.0652
Burgers,u^4,u^4u_x,P4(u),P4(u)u_x,0.4128,-0.1498
Burgers,u^4,u^5u_x,P4(u),P5(u)u_x,0.3683,0.1141
Burgers,u^4,u^6u_x,P4(u),P6(u)u_x,0.3405,0.0114
Burgers,u^4,u_xx,P4(u),P0(u)u_xx,-0.1579,0.1595
Burgers,u^4,uu_xx,P4(u),P1(u)u_xx,-0.7493,-0.4792
Burgers,u^4,u^2u_xx,P4(u),P2(u)u_xx,-0.8632,0.181
Burgers,u^4,u^3u_xx,P4(u),P3(u)u_xx,-0.9455,0.1989
Burgers,u^4,u^4u_xx,P4(u),P4(u)u_xx,-0.8158,0.129
Burgers,u^4,u^5u_xx,P4(u),P5(u)u_xx,-0.6876,-0.8298
Burgers,u^4,u^6u_xx,P4(u),P6(u)u_xx,-0.5949,0.647
Burgers,u^4,u_xxx,P4(u),P0(u)u_xxx,-0.0931,0.2569
Burgers,u^4,uu_xxx,P4(u),P1(u)u_xxx,0.0478,-0.3536
Burgers,u^4,u^2u_xxx,P4(u),P2(u)u_xxx,0.2578,0.3808
Burgers,u^4,u^3u_xxx,P4(u),P3(u)u_xxx,0.1606,-0.314
Burgers,u^4,u^4u_xxx,P4(u),P4(u)u_xxx,0.1194,0.3104
Burgers,u^4,u^5u_xxx,P4(u),P5(u)u_xxx,0.0888,-0.2113
Burgers,u^4,u^6u_xxx,P4(u),P6(u)u_xxx,0.0789,-0.008
Burgers,u^4,u_xxxx,P4(u),P0(u)u_xxxx,0.0746,-0.0461
Burgers,u^4,uu_xxxx,P4(u),P1(u)u_xxxx,0.627,0.2315
Burgers,u^4,u^2u_xxxx,P4(u),P2(u)u_xxxx,0.8787,0.4505
Burgers,u^4,u^3u_xxxx,P4(u),P3(u)u_xxxx,0.9214,-0.4361
Burgers,u^4,u^4u_xxxx,P4(u),P4(u)u_xxxx,0.7899,0.0259
Burgers,u^4,u^5u_xxxx,P4(u),P5(u)u_xxxx,0.6677,0.7543
Burgers,u^4,u^6u_xxxx,P4(u),P6(u)u_xxxx,0.5814,-0.637
Burgers,u^4,u_xxxxx,P4(u),P0(u)u_xxxxx,0.0077,-0.151
Burgers,u^4,uu_xxxxx,P4(u),P1(u)u_xxxxx,-0.0255,0.2488
Burgers,u^4,u^2u_xxxxx,P4(u),P2(u)u_xxxxx,-0.3483,-0.2528
Burgers,u^4,u^3u_xxxxx,P4(u),P3(u)u_xxxxx,-0.2617,0.2142
Burgers,u^4,u^4u_xxxxx,P4(u),P4(u)u_xxxxx,-0.2202,-0.1755
Burgers,u^4,u^5u_xxxxx,P4(u),P5(u)u_xxxxx,-0.1829,0.0594
Burgers,u^4,u^6u_xxxxx,P4(u),P6(u)u_xxxxx,-0.1653,0.048
Burgers,u^4,u_xxxxxx,P4(u),P0(u)u_xxxxxx,-0.0523,-0.0047
Burgers,u^4,uu_xxxxxx,P4(u),P1(u)u_xxxxxx,-0.5885,-0.2019
Burgers,u^4,u^2u_xxxxxx,P4(u),P2(u)u_xxxxxx,-0.871,-0.5059
Burgers,u^4,u^3u_xxxxxx,P4(u),P3(u)u_xxxxxx,-0.9114,0.4559
Burgers,u^4,u^4u_xxxxxx,P4(u),P4(u)u_xxxxxx,-0.7793,-0.0329
Burgers,u^4,u^5u_xxxxxx,P4(u),P5(u)u_xxxxxx,-0.6596,-0.7458
Burgers,u^4,u^6u_xxxxxx,P4(u),P6(u)u_xxxxxx,-0.5759,0.6354
Burgers,u^5,u^6,P5(u),P6(u),0.9499,-0.768
Burgers,u^5,u_x,P5(u),P0(u)u_x,0.3584,-0.0126
Burgers,u^5,uu_x,P5(u),P1(u)u_x,-0.0863,0.0557
Burgers,u^5,u^2u_x,P5(u),P2(u)u_x,0.4198,-0.1375
Burgers,u^5,u^3u_x,P5(u),P3(u)u_x,0.4747,0.0347
Burgers,u^5,u^4u_x,P5(u),P4(u)u_x,0.5042,0.1009
Burgers,u^5,u^5u_x,P5(u),P5(u)u_x,0.4832,-0.1649
Burgers,u^5,u^6u_x,P5(u),P6(u)u_x,0.4711,0.0783
Burgers,u^5,u_xx,P5(u),P0(u)u_xx,-0.2026,0.1535
Burgers,u^5,uu_xx,P5(u),P1(u)u_xx,-0.6069,0.4691
Burgers,u^5,u^2u_xx,P5(u),P2(u)u_xx,-0.7771,-0.0717
Burgers,u^5,u^3u_xx,P5(u),P3(u)u_xx,-0.9749,-0.589
Burgers,u^5,u^4u_xx,P5(u),P4(u)u_xx,-0.9717,0.4805
Burgers,u^5,u^5u_xx,P5(u),P5(u)u_xx,-0.9055,0.5181
Burgers,u^5,u^6u_xx,P5(u),P6(u)u_xx,-0.8395,-0.8791
Burgers,u^5,u_xxx,P5(u),P0(u)u_xxx,-0.18,-0.1936
Burgers,u^5,uu_xxx,P5(u),P1(u)u_xxx,0.1105,0.1405
Burgers,u^5,u^2u_xxx,P5(u),P2(u)u_xxx,0.1518,0.0306
Burgers,u^5,u^3u_xxx,P5(u),P3(u)u_xxx,0.1419,-0.0529
Burgers,u^5,u^4u_xxx,P5(u),P4(u)u_xxx,0.1091,-0.033
Burgers,u^5,u^5u_xxx,P5(u),P5(u)u_xxx,0.097,0.1408
Burgers,u^5,u^6u_xxx,P5(u),P6(u)u_xxx,0.0985,-0.1515
Burgers,u^5,u_xxxx,P5(u),P0(u)u_xxxx,0.0873,-0.0122
Burgers,u^5,uu_xxxx,P5(u),P1(u)u_xxxx,0.5423,-0.5258
Burgers,u^5,u^2u_xxxx,P5(u),P2(u)u_xxxx,0.7908,-0.0703
Burgers,u^5,u^3u_xxxx,P5(u),P3(u)u_xxxx,0.9742,0.7207
Burgers,u^5,u^4u_xxxx,P5(u),P4(u)u_xxxx,0.9573,-0.6309
Burgers,u^5,u^5u_xxxx,P5(u),P5(u)u_xxxx,0.8912,-0.4537
Burgers,u^5,u^6u_xxxx,P5(u),P6(u)u_xxxx,0.8282,0.8358
Burgers,u^5,u_xxxxx,P5(u),P0(u)u_xxxxx,0.0581,0.1233
Burgers,u^5,uu_xxxxx,P5(u),P1(u)u_xxxxx,-0.054,-0.0733
Burgers,u^5,u^2u_xxxxx,P5(u),P2(u)u_xxxxx,-0.2923,-0.0438
Burgers,u^5,u^3u_xxxxx,P5(u),P3(u)u_xxxxx,-0.253,0.0602
Burgers,u^5,u^4u_xxxxx,P5(u),P4(u)u_xxxxx,-0.2326,-0.0337
Burgers,u^5,u^5u_xxxxx,P5(u),P5(u)u_xxxxx,-0.2161,-0.0395
Burgers,u^5,u^6u_xxxxx,P5(u),P6(u)u_xxxxx,-0.2132,0.083
Burgers,u^5,u_xxxxxx,P5(u),P0(u)u_xxxxxx,-0.0502,0.0152
Burgers,u^5,uu_xxxxxx,P5(u),P1(u)u_xxxxxx,-0.5118,0.5298
Burgers,u^5,u^2u_xxxxxx,P5(u),P2(u)u_xxxxxx,-0.7856,0.0726
Burgers,u^5,u^3u_xxxxxx,P5(u),P3(u)u_xxxxxx,-0.9701,-0.7291
Burgers,u^5,u^4u_xxxxxx,P5(u),P4(u)u_xxxxxx,-0.9502,0.6374
Burgers,u^5,u^5u_xxxxxx,P5(u),P5(u)u_xxxxxx,-0.8847,0.4463
Burgers,u^5,u^6u_xxxxxx,P5(u),P6(u)u_xxxxxx,-0.8233,-0.8291
Burgers,u^6,u_x,P6(u),P0(u)u_x,0.3009,-0.0821
Burgers,u^6,uu_x,P6(u),P1(u)u_x,-0.0691,0.0387
Burgers,u^6,u^2u_x,P6(u),P2(u)u_x,0.3823,0.115
Burgers,u^6,u^3u_x,P6(u),P3(u)u_x,0.4667,-0.1214
Burgers,u^6,u^4u_x,P6(u),P4(u)u_x,0.5189,0.0135
Burgers,u^6,u^5u_x,P6(u),P5(u)u_x,0.5211,0.1155
Burgers,u^6,u^6u_x,P6(u),P6(u)u_x,0.5273,-0.1293
Burgers,u^6,u_xx,P6(u),P0(u)u_xx,-0.0965,-0.2324
Burgers,u^6,uu_xx,P6(u),P1(u)u_xx,-0.4065,-0.2262
Burgers,u^6,u^2u_xx,P6(u),P2(u)u_xx,-0.5792,0.0404
Burgers,u^6,u^3u_xx,P6(u),P3(u)u_xx,-0.8827,0.4786
Burgers,u^6,u^4u_xx,P6(u),P4(u)u_xx,-0.9858,-0.6164
Burgers,u^6,u^5u_xx,P6(u),P5(u)u_xx,-0.989,0.0187
Burgers,u^6,u^6u_xx,P6(u),P6(u)u_xx,-0.9613,0.5634
Burgers,u^6,u_xxx,P6(u),P0(u)u_xxx,-0.1668,0.0686
Burgers,u^6,uu_xxx,P6(u),P1(u)u_xxx,0.0296,0.0525
Burgers,u^6,u^2u_xxx,P6(u),P2(u)u_xxx,0.0986,-0.2725
Burgers,u^6,u^3u_xxx,P6(u),P3(u)u_xxx,0.0873,0.2571
Burgers,u^6,u^4u_xxx,P6(u),P4(u)u_xxx,0.0869,-0.1359
Burgers,u^6,u^5u_xxx,P6(u),P5(u)u_xxx,0.092,-0.1049
Burgers,u^6,u^6u_xxx,P6(u),P6(u)u_xxx,0.1056,0.2952
Burgers,u^6,u_xxxx,P6(u),P0(u)u_xxxx,0.0622,0.0459
Burgers,u^6,uu_xxxx,P6(u),P1(u)u_xxxx,0.3427,0.4145
Burgers,u^6,u^2u_xxxx,P6(u),P2(u)u_xxxx,0.6073,-0.2677
Burgers,u^6,u^3u_xxxx,P6(u),P3(u)u_xxxx,0.8969,-0.4846
Burgers,u^6,u^4u_xxxx,P6(u),P4(u)u_xxxx,0.9846,0.7251
Burgers,u^6,u^5u_xxxx,P6(u),P5(u)u_xxxx,0.9821,-0.1102
Burgers,u^6,u^6u_xxxx,P6(u),P6(u)u_xxxx,0.9541,-0.466
Burgers,u^6,u_xxxxx,P6(u),P0(u)u_xxxxx,0.0581,-0.0623
Burgers,u^6,uu_xxxxx,P6(u),P1(u)u_xxxxx,0.0035,-0.0658
Burgers,u^6,u^2u_xxxxx,P6(u),P2(u)u_xxxxx,-0.223,0.2311
Burgers,u^6,u^3u_xxxxx,P6(u),P3(u)u_xxxxx,-0.1994,-0.2299
Burgers,u^6,u^4u_xxxxx,P6(u),P4(u)u_xxxxx,-0.2102,0.1562
Burgers,u^6,u^5u_xxxxx,P6(u),P5(u)u_xxxxx,-0.2157,0.0458
Burgers,u^6,u^6u_xxxxx,P6(u),P6(u)u_xxxxx,-0.2289,-0.1855
Burgers,u^6,u_xxxxxx,P6(u),P0(u)u_xxxxxx,-0.0396,-0.0225
Burgers,u^6,uu_xxxxxx,P6(u),P1(u)u_xxxxxx,-0.3156,-0.4351
Burgers,u^6,u^2u_xxxxxx,P6(u),P2(u)u_xxxxxx,-0.6062,0.2983
Burgers,u^6,u^3u_xxxxxx,P6(u),P3(u)u_xxxxxx,-0.8979,0.4812
Burgers,u^6,u^4u_xxxxxx,P6(u),P4(u)u_xxxxxx,-0.9819,-0.7313
Burgers,u^6,u^5u_xxxxxx,P6(u),P5(u)u_xxxxxx,-0.9781,0.1186
Burgers,u^6,u^6u_xxxxxx,P6(u),P6(u)u_xxxxxx,-0.9506,0.454
Burgers,u_x,uu_x,P0(u)u_x,P1(u)u_x,-0.4311,-0.9635
Burgers,u_x,u^2u_x,P0(u)u_x,P2(u)u_x,0.8538,0.2454
Burgers,u_x,u^3u_x,P0(u)u_x,P3(u)u_x,0.2898,0.6523
Burgers,u_x,u^4u_x,P0(u)u_x,P4(u)u_x,0.3166,-0.7878
Burgers,u_x,u^5u_x,P0(u)u_x,P5(u)u_x,0.2128,0.454
Burgers,u_x,u^6u_x,P0(u)u_x,P6(u)u_x,0.1737,-0.0778
Burgers,u_x,u_xx,P0(u)u_x,P0(u)u_xx,-0.0,-0.0
Burgers,u_x,uu_xx,P0(u)u_x,P1(u)u_xx,-0.4395,-0.4311
Burgers,u_x,u^2u_xx,P0(u)u_x,P2(u)u_xx,-0.3237,0.6264
Burgers,u_x,u^3u_xx,P0(u)u_x,P3(u)u_xx,-0.4164,-0.0669
Burgers,u_x,u^4u_xx,P0(u)u_x,P4(u)u_xx,-0.3435,-0.0035
Burgers,u_x,u^5u_xx,P0(u)u_x,P5(u)u_xx,-0.2766,0.0555
Burgers,u_x,u^6u_xx,P0(u)u_x,P6(u)u_xx,-0.2248,-0.1143
Burgers,u_x,u_xxx,P0(u)u_x,P0(u)u_xxx,-0.6098,-0.6098
Burgers,u_x,uu_xxx,P0(u)u_x,P1(u)u_xxx,-0.0428,0.4915
Burgers,u_x,u^2u_xxx,P0(u)u_x,P2(u)u_xxx,-0.0665,0.2189
Burgers,u_x,u^3u_xxx,P0(u)u_x,P3(u)u_xxx,0.0048,-0.5839
Burgers,u_x,u^4u_xxx,P0(u)u_x,P4(u)u_xxx,0.0109,0.5296
Burgers,u_x,u^5u_xxx,P0(u)u_x,P5(u)u_xxx,0.005,-0.1064
Burgers,u_x,u^6u_xxx,P0(u)u_x,P6(u)u_xxx,0.0026,-0.265
Burgers,u_x,u_xxxx,P0(u)u_x,P0(u)u_xxxx,0.0,0.0
Burgers,u_x,uu_xxxx,P0(u)u_x,P1(u)u_xxxx,0.312,0.2783
Burgers,u_x,u^2u_xxxx,P0(u)u_x,P2(u)u_xxxx,0.3379,-0.2516
Burgers,u_x,u^3u_xxxx,P0(u)u_x,P3(u)u_xxxx,0.3944,-0.0419
Burgers,u_x,u^4u_xxxx,P0(u)u_x,P4(u)u_xxxx,0.3292,-0.0016
Burgers,u_x,u^5u_xxxx,P0(u)u_x,P5(u)u_xxxx,0.2659,0.0362
Burgers,u_x,u^6u_xxxx,P0(u)u_x,P6(u)u_xxxx,0.218,0.0353
Burgers,u_x,u_xxxxx,P0(u)u_x,P0(u)u_xxxxx,0.21,0.21
Burgers,u_x,uu_xxxxx,P0(u)u_x,P1(u)u_xxxxx,0.216,-0.025
Burgers,u_x,u^2u_xxxxx,P0(u)u_x,P2(u)u_xxxxx,-0.1675,-0.443
Burgers,u_x,u^3u_xxxxx,P0(u)u_x,P3(u)u_xxxxx,-0.0815,0.5353
Burgers,u_x,u^4u_xxxxx,P0(u)u_x,P4(u)u_xxxxx,-0.0814,-0.338
Burgers,u_x,u^5u_xxxxx,P0(u)u_x,P5(u)u_xxxxx,-0.0583,-0.1725
Burgers,u_x,u^6u_xxxxx,P0(u)u_x,P6(u)u_xxxxx,-0.0465,0.3951
Burgers,u_x,u_xxxxxx,P0(u)u_x,P0(u)u_xxxxxx,-0.0,-0.0
Burgers,u_x,uu_xxxxxx,P0(u)u_x,P1(u)u_xxxxxx,-0.262,-0.2267
Burgers,u_x,u^2u_xxxxxx,P0(u)u_x,P2(u)u_xxxxxx,-0.3331,0.0878
Burgers,u_x,u^3u_xxxxxx,P0(u)u_x,P3(u)u_xxxxxx,-0.3834,0.0757
Burgers,u_x,u^4u_xxxxxx,P0(u)u_x,P4(u)u_xxxxxx,-0.3224,0.0089
Burgers,u_x,u^5u_xxxxxx,P0(u)u_x,P5(u)u_xxxxxx,-0.2613,-0.0692
Burgers,u_x,u^6u_xxxxxx,P0(u)u_x,P6(u)u_xxxxxx,-0.2153,-0.0067
Burgers,uu_x,u^2u_x,P1(u)u_x,P2(u)u_x,-0.4807,-0.4907
Burgers,uu_x,u^3u_x,P1(u)u_x,P3(u)u_x,0.2672,-0.4599
Burgers,uu_x,u^4u_x,P1(u)u_x,P4(u)u_x,-0.0388,0.7533
Burgers,uu_x,u^5u_x,P1(u)u_x,P5(u)u_x,-0.0131,-0.6019
Burgers,uu_x,u^6u_x,P1(u)u_x,P6(u)u_x,-0.0231,0.2796
Burgers,uu_x,u_xx,P1(u)u_x,P0(u)u_xx,-0.3614,-0.1218
Burgers,uu_x,uu_xx,P1(u)u_x,P1(u)u_xx,0.2812,0.5099
Burgers,uu_x,u^2u_xx,P1(u)u_x,P2(u)u_xx,0.077,-0.68
Burgers,uu_x,u^3u_xx,P1(u)u_x,P3(u)u_xx,0.1163,0.0636
Burgers,uu_x,u^4u_xx,P1(u)u_x,P4(u)u_xx,0.0799,0.02
Burgers,uu_x,u^5u_xx,P1(u)u_x,P5(u)u_xx,0.0647,-0.0541
Burgers,uu_x,u^6u_xx,P1(u)u_x,P6(u)u_xx,0.0529,0.0948
Burgers,uu_x,u_xxx,P1(u)u_x,P0(u)u_xxx,0.3498,0.6172
Burgers,uu_x,uu_xxx,P1(u)u_x,P1(u)u_xxx,-0.2658,-0.5353
Burgers,uu_x,u^2u_xxx,P1(u)u_x,P2(u)u_xxx,-0.0189,-0.1515
Burgers,uu_x,u^3u_xxx,P1(u)u_x,P3(u)u_xxx,-0.069,0.5734
Burgers,uu_x,u^4u_xxx,P1(u)u_x,P4(u)u_xxx,-0.0385,-0.5987
Burgers,uu_x,u^5u_xxx,P1(u)u_x,P5(u)u_xxx,-0.0242,0.2356
Burgers,uu_x,u^6u_xxx,P1(u)u_x,P6(u)u_xxx,-0.0152,0.181
Burgers,uu_x,u_xxxx,P1(u)u_x,P0(u)u_xxxx,0.2422,0.0767
Burgers,uu_x,uu_xxxx,P1(u)u_x,P1(u)u_xxxx,-0.201,-0.3038
Burgers,uu_x,u^2u_xxxx,P1(u)u_x,P2(u)u_xxxx,-0.1151,0.2865
Burgers,uu_x,u^3u_xxxx,P1(u)u_x,P3(u)u_xxxx,-0.1087,0.0491
Burgers,uu_x,u^4u_xxxx,P1(u)u_x,P4(u)u_xxxx,-0.0794,-0.025
Burgers,uu_x,u^5u_xxxx,P1(u)u_x,P5(u)u_xxxx,-0.0632,-0.0321
Burgers,uu_x,u^6u_xxxx,P1(u)u_x,P6(u)u_xxxx,-0.052,-0.0119
Burgers,uu_x,u_xxxxx,P1(u)u_x,P0(u)u_xxxxx,-0.088,-0.2058
Burgers,uu_x,uu_xxxxx,P1(u)u_x,P1(u)u_xxxxx,-0.082,0.0196
Burgers,uu_x,u^2u_xxxxx,P1(u)u_x,P2(u)u_xxxxx,0.1706,0.4676
Burgers,uu_x,u^3u_xxxxx,P1(u)u_x,P3(u)u_xxxxx,0.0519,-0.5934
Burgers,uu_x,u^4u_xxxxx,P1(u)u_x,P4(u)u_xxxxx,0.0536,0.436
Burgers,uu_x,u^5u_xxxxx,P1(u)u_x,P5(u)u_xxxxx,0.0347,0.0932
Burgers,uu_x,u^6u_xxxxx,P1(u)u_x,P6(u)u_xxxxx,0.0254,-0.394
Burgers,uu_x,u_xxxxxx,P1(u)u_x,P0(u)u_xxxxxx,-0.0873,-0.0271
Burgers,uu_x,uu_xxxxxx,P1(u)u_x,P1(u)u_xxxxxx,0.169,0.2356
Burgers,uu_x,u^2u_xxxxxx,P1(u)u_x,P2(u)u_xxxxxx,0.1271,-0.1102
Burgers,uu_x,u^3u_xxxxxx,P1(u)u_x,P3(u)u_xxxxxx,0.1058,-0.0855
Burgers,uu_x,u^4u_xxxxxx,P1(u)u_x,P4(u)u_xxxxxx,0.079,0.0209
Burgers,uu_x,u^5u_xxxxxx,P1(u)u_x,P5(u)u_xxxxxx,0.0627,0.0647
Burgers,uu_x,u^6u_xxxxxx,P1(u)u_x,P6(u)u_xxxxxx,0.0518,-0.0196
Burgers,u^2u_x,u^3u_x,P2(u)u_x,P3(u)u_x,0.505,-0.5142
Burgers,u^2u_x,u^4u_x,P2(u)u_x,P4(u)u_x,0.5662,-0.0867
Burgers,u^2u_x,u^5u_x,P2(u)u_x,P5(u)u_x,0.4296,0.6618
Burgers,u^2u_x,u^6u_x,P2(u)u_x,P6(u)u_x,0.3655,-0.792
Burgers,u^2u_x,u_xx,P2(u)u_x,P0(u)u_xx,0.1348,0.4348
Burgers,u^2u_x,uu_xx,P2(u)u_x,P1(u)u_xx,-0.4155,-0.4608
Burgers,u^2u_x,u^2u_xx,P2(u)u_x,P2(u)u_xx,-0.3016,0.4705
Burgers,u^2u_x,u^3u_xx,P2(u)u_x,P3(u)u_xx,-0.4754,-0.0377
Burgers,u^2u_x,u^4u_xx,P2(u)u_x,P4(u)u_xx,-0.4309,-0.0422
Burgers,u^2u_x,u^5u_xx,P2(u)u_x,P5(u)u_xx,-0.3694,0.0291
Burgers,u^2u_x,u^6u_xx,P2(u)u_x,P6(u)u_xx,-0.3125,-0.0002
Burgers,u^2u_x,u_xxx,P2(u)u_x,P0(u)u_xxx,-0.5898,-0.2614
Burgers,u^2u_x,uu_xxx,P2(u)u_x,P1(u)u_xxx,-0.1496,0.3341
Burgers,u^2u_x,u^2u_xxx,P2(u)u_x,P2(u)u_xxx,-0.3173,-0.1642
Burgers,u^2u_x,u^3u_xxx,P2(u)u_x,P3(u)u_xxx,-0.2493,-0.1539
Burgers,u^2u_x,u^4u_xxx,P2(u)u_x,P4(u)u_xxx,-0.2095,0.4248
Burgers,u^2u_x,u^5u_xxx,P2(u)u_x,P5(u)u_xxx,-0.1811,-0.5216
Burgers,u^2u_x,u^6u_xxx,P2(u)u_x,P6(u)u_xxx,-0.1567,0.2451
Burgers,u^2u_x,u_xxxx,P2(u)u_x,P0(u)u_xxxx,-0.0515,-0.269
Burgers,u^2u_x,uu_xxxx,P2(u)u_x,P1(u)u_xxxx,0.2729,0.2002
Burgers,u^2u_x,u^2u_xxxx,P2(u)u_x,P2(u)u_xxxx,0.3309,-0.2358
Burgers,u^2u_x,u^3u_xxxx,P2(u)u_x,P3(u)u_xxxx,0.4589,-0.0237
Burgers,u^2u_x,u^4u_xxxx,P2(u)u_x,P4(u)u_xxxx,0.4204,0.0767
Burgers,u^2u_x,u^5u_xxxx,P2(u)u_x,P5(u)u_xxxx,0.3599,-0.0136
Burgers,u^2u_x,u^6u_xxxx,P2(u)u_x,P6(u)u_xxxx,0.3061,-0.0448
Burgers,u^2u_x,u_xxxxx,P2(u)u_x,P0(u)u_xxxxx,0.217,0.0579
Burgers,u^2u_x,uu_xxxxx,P2(u)u_x,P1(u)u_xxxxx,0.376,0.0444
Burgers,u^2u_x,u^2u_xxxxx,P2(u)u_x,P2(u)u_xxxxx,0.0363,-0.2745
Burgers,u^2u_x,u^3u_xxxxx,P2(u)u_x,P3(u)u_xxxxx,0.1429,0.4064
Burgers,u^2u_x,u^4u_xxxxx,P2(u)u_x,P4(u)u_xxxxx,0.1102,-0.4853
Burgers,u^2u_x,u^5u_xxxxx,P2(u)u_x,P5(u)u_xxxxx,0.1062,0.2532
Burgers,u^2u_x,u^6u_xxxxx,P2(u)u_x,P6(u)u_xxxxx,0.0948,0.1187
Burgers,u^2u_x,u_xxxxxx,P2(u)u_x,P0(u)u_xxxxxx,0.0014,0.088
Burgers,u^2u_x,uu_xxxxxx,P2(u)u_x,P1(u)u_xxxxxx,-0.2141,-0.1158
Burgers,u^2u_x,u^2u_xxxxxx,P2(u)u_x,P2(u)u_xxxxxx,-0.329,0.1157
Burgers,u^2u_x,u^3u_xxxxxx,P2(u)u_x,P3(u)u_xxxxxx,-0.4484,0.0485
Burgers,u^2u_x,u^4u_xxxxxx,P2(u)u_x,P4(u)u_xxxxxx,-0.4142,-0.0854
Burgers,u^2u_x,u^5u_xxxxxx,P2(u)u_x,P5(u)u_xxxxxx,-0.3554,0.0013
Burgers,u^2u_x,u^6u_xxxxxx,P2(u)u_x,P6(u)u_xxxxxx,-0.3034,0.0667
Burgers,u^3u_x,u^4u_x,P3(u)u_x,P4(u)u_x,0.9082,-0.7633
Burgers,u^3u_x,u^5u_x,P3(u)u_x,P5(u)u_x,0.8323,0.0469
Burgers,u^3u_x,u^6u_x,P3(u)u_x,P6(u)u_x,0.7504,0.5028
Burgers,u^3u_x,u_xx,P3(u)u_x,P0(u)u_xx,-0.1031,-0.3161
Burgers,u^3u_x,uu_xx,P3(u)u_x,P1(u)u_xx,-0.1985,-0.0535
Burgers,u^3u_x,u^2u_xx,P3(u)u_x,P2(u)u_xx,-0.3141,0.1277
Burgers,u^3u_x,u^3u_xx,P3(u)u_x,P3(u)u_xx,-0.4961,0.0463
Burgers,u^3u_x,u^4u_xx,P3(u)u_x,P4(u)u_xx,-0.5148,-0.0328
Burgers,u^3u_x,u^5u_xx,P3(u)u_x,P5(u)u_xx,-0.4716,-0.0001
Burgers,u^3u_x,u^6u_xx,P3(u)u_x,P6(u)u_xx,-0.4194,-0.0367
Burgers,u^3u_x,u_xxx,P3(u)u_x,P0(u)u_xxx,-0.2194,-0.3239
Burgers,u^3u_x,uu_xxx,P3(u)u_x,P1(u)u_xxx,-0.3638,0.1936
Burgers,u^3u_x,u^2u_xxx,P3(u)u_x,P2(u)u_xxx,-0.5128,0.2916
Burgers,u^3u_x,u^3u_xxx,P3(u)u_x,P3(u)u_xxx,-0.6615,-0.4248
Burgers,u^3u_x,u^4u_xxx,P3(u)u_x,P4(u)u_xxx,-0.642,0.206
Burgers,u^3u_x,u^5u_xxx,P3(u)u_x,P5(u)u_xxx,-0.5942,0.2835
Burgers,u^3u_x,u^6u_xxx,P3(u)u_x,P6(u)u_xxx,-0.5382,-0.4782
Burgers,u^3u_x,u_xxxx,P3(u)u_x,P0(u)u_xxxx,0.1124,0.1914
Burgers,u^3u_x,uu_xxxx,P3(u)u_x,P1(u)u_xxxx,0.147,0.1289
Burgers,u^3u_x,u^2u_xxxx,P3(u)u_x,P2(u)u_xxxx,0.3266,-0.0209
Burgers,u^3u_x,u^3u_xxxx,P3(u)u_x,P3(u)u_xxxx,0.5018,-0.08
Burgers,u^3u_x,u^4u_xxxx,P3(u)u_x,P4(u)u_xxxx,0.513,-0.0039
Burgers,u^3u_x,u^5u_xxxx,P3(u)u_x,P5(u)u_xxxx,0.4679,0.0723
Burgers,u^3u_x,u^6u_xxxx,P3(u)u_x,P6(u)u_xxxx,0.4164,0.0037
Burgers,u^3u_x,u_xxxxx,P3(u)u_x,P0(u)u_xxxxx,0.1566,0.1563
Burgers,u^3u_x,uu_xxxxx,P3(u)u_x,P1(u)u_xxxxx,0.3213,-0.1117
Burgers,u^3u_x,u^2u_xxxxx,P3(u)u_x,P2(u)u_xxxxx,0.399,-0.1406
Burgers,u^3u_x,u^3u_xxxxx,P3(u)u_x,P3(u)u_xxxxx,0.5202,0.1722
Burgers,u^3u_x,u^4u_xxxxx,P3(u)u_x,P4(u)u_xxxxx,0.5249,0.0507
Burgers,u^3u_x,u^5u_xxxxx,P3(u)u_x,P5(u)u_xxxxx,0.4962,-0.3796
Burgers,u^3u_x,u^6u_xxxxx,P3(u)u_x,P6(u)u_xxxxx,0.4536,0.3195
Burgers,u^3u_x,u_xxxxxx,P3(u)u_x,P0(u)u_xxxxxx,-0.0552,-0.0565
Burgers,u^3u_x,uu_xxxxxx,P3(u)u_x,P1(u)u_xxxxxx,-0.1232,-0.1528
Burgers,u^3u_x,u^2u_xxxxxx,P3(u)u_x,P2(u)u_xxxxxx,-0.3195,-0.0138
Burgers,u^3u_x,u^3u_xxxxxx,P3(u)u_x,P3(u)u_xxxxxx,-0.4997,0.0859
Burgers,u^3u_x,u^4u_xxxxxx,P3(u)u_x,P4(u)u_xxxxxx,-0.5105,0.0195
Burgers,u^3u_x,u^5u_xxxxxx,P3(u)u_x,P5(u)u_xxxxxx,-0.4659,-0.0915
Burgers,u^3u_x,u^6u_xxxxxx,P3(u)u_x,P6(u)u_xxxxxx,-0.4153,0.0031
Burgers,u^4u_x,u^5u_x,P4(u)u_x,P5(u)u_x,0.9717,-0.6612
Burgers,u^4u_x,u^6u_x,P4(u)u_x,P6(u)u_x,0.9214,0.0554
Burgers,u^4u_x,u_xx,P4(u)u_x,P0(u)u_xx,0.0253,0.0796
Burgers,u^4u_x,uu_xx,P4(u)u_x,P1(u)u_xx,-0.2274,0.375
Burgers,u^4u_x,u^2u_xx,P4(u)u_x,P2(u)u_xx,-0.2971,-0.3752
Burgers,u^4u_x,u^3u_xx,P4(u)u_x,P3(u)u_xx,-0.5146,-0.1143
Burgers,u^4u_x,u^4u_xx,P4(u)u_x,P4(u)u_xx,-0.5586,0.1462
Burgers,u^4u_x,u^5u_xx,P4(u)u_x,P5(u)u_xx,-0.5341,-0.0185
Burgers,u^4u_x,u^6u_xx,P4(u)u_x,P6(u)u_xx,-0.4905,-0.0119
Burgers,u^4u_x,u_xxx,P4(u)u_x,P0(u)u_xxx,-0.2515,0.5008
Burgers,u^4u_x,uu_xxx,P4(u)u_x,P1(u)u_xxx,-0.2323,-0.4214
Burgers,u^4u_x,u^2u_xxx,P4(u)u_x,P2(u)u_xxx,-0.4954,-0.1871
Burgers,u^4u_x,u^3u_xxx,P4(u)u_x,P3(u)u_xxx,-0.7008,0.557
Burgers,u^4u_x,u^4u_xxx,P4(u)u_x,P4(u)u_xxx,-0.7492,-0.5434
Burgers,u^4u_x,u^5u_xxx,P4(u)u_x,P5(u)u_xxx,-0.7354,0.0785
Burgers,u^4u_x,u^6u_xxx,P4(u)u_x,P6(u)u_xxx,-0.6958,0.3966
Burgers,u^4u_x,u_xxxx,P4(u)u_x,P0(u)u_xxxx,0.0156,-0.0451
Burgers,u^4u_x,uu_xxxx,P4(u)u_x,P1(u)u_xxxx,0.1633,-0.3144
Burgers,u^4u_x,u^2u_xxxx,P4(u)u_x,P2(u)u_xxxx,0.3256,0.1699
Burgers,u^4u_x,u^3u_xxxx,P4(u)u_x,P3(u)u_xxxx,0.526,0.1677
Burgers,u^4u_x,u^4u_xxxx,P4(u)u_x,P4(u)u_xxxx,0.5628,-0.1135
Burgers,u^4u_x,u^5u_xxxx,P4(u)u_x,P5(u)u_xxxx,0.5339,-0.081
Burgers,u^4u_x,u^6u_xxxx,P4(u)u_x,P6(u)u_xxxx,0.49,0.0751
Burgers,u^4u_x,u_xxxxx,P4(u)u_x,P0(u)u_xxxxx,0.1385,-0.2345
Burgers,u^4u_x,uu_xxxxx,P4(u)u_x,P1(u)u_xxxxx,0.2989,0.1467
Burgers,u^4u_x,u^2u_xxxxx,P4(u)u_x,P2(u)u_xxxxx,0.3635,0.2794
Burgers,u^4u_x,u^3u_xxxxx,P4(u)u_x,P3(u)u_xxxxx,0.5782,-0.4242
Burgers,u^4u_x,u^4u_xxxxx,P4(u)u_x,P4(u)u_xxxxx,0.6281,0.2608
Burgers,u^4u_x,u^5u_xxxxx,P4(u)u_x,P5(u)u_xxxxx,0.6284,0.2617
Burgers,u^4u_x,u^6u_xxxxx,P4(u)u_x,P6(u)u_xxxxx,0.5986,-0.4798
Burgers,u^4u_x,u_xxxxxx,P4(u)u_x,P0(u)u_xxxxxx,-0.0167,0.0076
Burgers,u^4u_x,uu_xxxxxx,P4(u)u_x,P1(u)u_xxxxxx,-0.1352,0.2934
Burgers,u^4u_x,u^2u_xxxxxx,P4(u)u_x,P2(u)u_xxxxxx,-0.3256,-0.0739
Burgers,u^4u_x,u^3u_xxxxxx,P4(u)u_x,P3(u)u_xxxxxx,-0.5268,-0.1835
Burgers,u^4u_x,u^4u_xxxxxx,P4(u)u_x,P4(u)u_xxxxxx,-0.5631,0.0966
Burgers,u^4u_x,u^5u_xxxxxx,P4(u)u_x,P5(u)u_xxxxxx,-0.5338,0.1118
Burgers,u^4u_x,u^6u_xxxxxx,P4(u)u_x,P6(u)u_xxxxxx,-0.4901,-0.0951
Burgers,u^5u_x,u^6u_x,P5(u)u_x,P6(u)u_x,0.9853,-0.7472
Burgers,u^5u_x,u_xx,P5(u)u_x,P0(u)u_xx,0.0148,0.2223
Burgers,u^5u_x,uu_xx,P5(u)u_x,P1(u)u_xx,-0.1748,-0.4805
Burgers,u^5u_x,u^2u_xx,P5(u)u_x,P2(u)u_xx,-0.2605,0.4415
Burgers,u^5u_x,u^3u_xx,P5(u)u_x,P3(u)u_xx,-0.4747,0.0983
Burgers,u^5u_x,u^4u_xx,P5(u)u_x,P4(u)u_xx,-0.5467,-0.1973
Burgers,u^5u_x,u^5u_xx,P5(u)u_x,P5(u)u_xx,-0.5453,0.0941
Burgers,u^5u_x,u^6u_xx,P5(u)u_x,P6(u)u_xx,-0.518,0.0132
Burgers,u^5u_x,u_xxx,P5(u)u_x,P0(u)u_xxx,-0.18,-0.4134
Burgers,u^5u_x,uu_xxx,P5(u)u_x,P1(u)u_xxx,-0.1775,0.4209
Burgers,u^5u_x,u^2u_xxx,P5(u)u_x,P2(u)u_xxx,-0.4303,-0.0198
Burgers,u^5u_x,u^3u_xxx,P5(u)u_x,P3(u)u_xxx,-0.6703,-0.3701
Burgers,u^5u_x,u^4u_xxx,P5(u)u_x,P4(u)u_xxx,-0.7623,0.5809
Burgers,u^5u_x,u^5u_xxx,P5(u)u_x,P5(u)u_xxx,-0.7804,-0.4741
Burgers,u^5u_x,u^6u_xxx,P5(u)u_x,P6(u)u_xxx,-0.7627,-0.0042
Burgers,u^5u_x,u_xxxx,P5(u)u_x,P0(u)u_xxxx,0.0121,-0.136
Burgers,u^5u_x,uu_xxxx,P5(u)u_x,P1(u)u_xxxx,0.1307,0.3116
Burgers,u^5u_x,u^2u_xxxx,P5(u)u_x,P2(u)u_xxxx,0.2883,-0.2708
Burgers,u^5u_x,u^3u_xxxx,P5(u)u_x,P3(u)u_xxxx,0.4922,-0.1328
Burgers,u^5u_x,u^4u_xxxx,P5(u)u_x,P4(u)u_xxxx,0.5556,0.181
Burgers,u^5u_x,u^5u_xxxx,P5(u)u_x,P5(u)u_xxxx,0.5486,-0.0127
Burgers,u^5u_x,u^6u_xxxx,P5(u)u_x,P6(u)u_xxxx,0.5198,-0.0798
Burgers,u^5u_x,u_xxxxx,P5(u)u_x,P0(u)u_xxxxx,0.1074,0.2016
Burgers,u^5u_x,uu_xxxxx,P5(u)u_x,P1(u)u_xxxxx,0.2253,-0.105
Burgers,u^5u_x,u^2u_xxxxx,P5(u)u_x,P2(u)u_xxxxx,0.336,-0.2733
Burgers,u^5u_x,u^3u_xxxxx,P5(u)u_x,P3(u)u_xxxxx,0.5651,0.4373
Burgers,u^5u_x,u^4u_xxxxx,P5(u)u_x,P4(u)u_xxxxx,0.6505,-0.4225
Burgers,u^5u_x,u^5u_xxxxx,P5(u)u_x,P5(u)u_xxxxx,0.6755,0.0432
Burgers,u^5u_x,u^6u_xxxxx,P5(u)u_x,P6(u)u_xxxxx,0.6631,0.3428
Burgers,u^5u_x,u_xxxxxx,P5(u)u_x,P0(u)u_xxxxxx,-0.0118,0.0466
Burgers,u^5u_x,uu_xxxxxx,P5(u)u_x,P1(u)u_xxxxxx,-0.111,-0.2544
Burgers,u^5u_x,u^2u_xxxxxx,P5(u)u_x,P2(u)u_xxxxxx,-0.2901,0.1655
Burgers,u^5u_x,u^3u_xxxxxx,P5(u)u_x,P3(u)u_xxxxxx,-0.4962,0.1488
Burgers,u^5u_x,u^4u_xxxxxx,P5(u)u_x,P4(u)u_xxxxxx,-0.5582,-0.1705
Burgers,u^5u_x,u^5u_xxxxxx,P5(u)u_x,P5(u)u_xxxxxx,-0.5501,-0.0164
Burgers,u^5u_x,u^6u_xxxxxx,P5(u)u_x,P6(u)u_xxxxxx,-0.5211,0.105
Burgers,u^6u_x,u_xx,P6(u)u_x,P0(u)u_xx,0.0175,-0.3722
Burgers,u^6u_x,uu_xx,P6(u)u_x,P1(u)u_xx,-0.1497,0.3306
Burgers,u^6u_x,u^2u_xx,P6(u)u_x,P2(u)u_xx,-0.2355,-0.3769
Burgers,u^6u_x,u^3u_xx,P6(u)u_x,P3(u)u_xx,-0.4496,0.0432
Burgers,u^6u_x,u^4u_xx,P6(u)u_x,P4(u)u_xx,-0.5408,0.0986
Burgers,u^6u_x,u^5u_xx,P6(u)u_x,P5(u)u_xx,-0.5577,-0.177
Burgers,u^6u_x,u^6u_xx,P6(u)u_x,P6(u)u_xx,-0.5446,0.0821
Burgers,u^6u_x,u_xxx,P6(u)u_x,P0(u)u_xxx,-0.1528,0.2106
Burgers,u^6u_x,uu_xxx,P6(u)u_x,P1(u)u_xxx,-0.138,-0.2609
Burgers,u^6u_x,u^2u_xxx,P6(u)u_x,P2(u)u_xxx,-0.3747,0.1385
Burgers,u^6u_x,u^3u_xxx,P6(u)u_x,P3(u)u_xxx,-0.6134,0.0949
Burgers,u^6u_x,u^4u_xxx,P6(u)u_x,P4(u)u_xxx,-0.7274,-0.3463
Burgers,u^6u_x,u^5u_xxx,P6(u)u_x,P5(u)u_xxx,-0.7682,0.5565
Burgers,u^6u_x,u^6u_xxx,P6(u)u_x,P6(u)u_xxx,-0.7698,-0.3785
Burgers,u^6u_x,u_xxxx,P6(u)u_x,P0(u)u_xxxx,0.0046,0.2282
Burgers,u^6u_x,uu_xxxx,P6(u)u_x,P1(u)u_xxxx,0.1142,-0.1327
Burgers,u^6u_x,u^2u_xxxx,P6(u)u_x,P2(u)u_xxxx,0.2635,0.2697
Burgers,u^6u_x,u^3u_xxxx,P6(u)u_x,P3(u)u_xxxx,0.4703,-0.0274
Burgers,u^6u_x,u^4u_xxxx,P6(u)u_x,P4(u)u_xxxx,0.5526,-0.1032
Burgers,u^6u_x,u^5u_xxxx,P6(u)u_x,P5(u)u_xxxx,0.5633,0.1382
Burgers,u^6u_x,u^6u_xxxx,P6(u)u_x,P6(u)u_xxxx,0.5481,-0.0292
Burgers,u^6u_x,u_xxxxx,P6(u)u_x,P0(u)u_xxxxx,0.0917,-0.0842
Burgers,u^6u_x,uu_xxxxx,P6(u)u_x,P1(u)u_xxxxx,0.1837,-0.0056
Burgers,u^6u_x,u^2u_xxxxx,P6(u)u_x,P2(u)u_xxxxx,0.2951,0.2012
Burgers,u^6u_x,u^3u_xxxxx,P6(u)u_x,P3(u)u_xxxxx,0.5209,-0.2923
Burgers,u^6u_x,u^4u_xxxxx,P6(u)u_x,P4(u)u_xxxxx,0.6229,0.3628
Burgers,u^6u_x,u^5u_xxxxx,P6(u)u_x,P5(u)u_xxxxx,0.6658,-0.2471
Burgers,u^6u_x,u^6u_xxxxx,P6(u)u_x,P6(u)u_xxxxx,0.669,-0.0436
Burgers,u^6u_x,u_xxxxxx,P6(u)u_x,P0(u)u_xxxxxx,-0.0074,-0.0715
Burgers,u^6u_x,uu_xxxxxx,P6(u)u_x,P1(u)u_xxxxxx,-0.0981,0.0648
Burgers,u^6u_x,u^2u_xxxxxx,P6(u)u_x,P2(u)u_xxxxxx,-0.2666,-0.1853
Burgers,u^6u_x,u^3u_xxxxxx,P6(u)u_x,P3(u)u_xxxxxx,-0.4759,0.0138
Burgers,u^6u_x,u^4u_xxxxxx,P6(u)u_x,P4(u)u_xxxxxx,-0.5565,0.1039
Burgers,u^6u_x,u^5u_xxxxxx,P6(u)u_x,P5(u)u_xxxxxx,-0.5658,-0.1196
Burgers,u^6u_x,u^6u_xxxxxx,P6(u)u_x,P6(u)u_xxxxxx,-0.5501,0.0058
Burgers,u_xx,uu_xx,P0(u)u_xx,P1(u)u_xx,0.3524,-0.1731
Burgers,u_xx,u^2u_xx,P0(u)u_xx,P2(u)u_xx,0.465,0.193
Burgers,u_xx,u^3u_xx,P0(u)u_xx,P3(u)u_xx,0.2171,-0.4577
Burgers,u_xx,u^4u_xx,P0(u)u_xx,P4(u)u_xx,0.1261,0.476
Burgers,u_xx,u^5u_xx,P0(u)u_xx,P5(u)u_xx,0.0666,-0.0027
Burgers,u_xx,u^6u_xx,P0(u)u_xx,P6(u)u_xx,0.0436,-0.2772
Burgers,u_xx,u_xxx,P0(u)u_xx,P0(u)u_xxx,-0.0,-0.0
Burgers,u_xx,uu_xxx,P0(u)u_xx,P1(u)u_xxx,-0.461,-0.2098
Burgers,u_xx,u^2u_xxx,P0(u)u_xx,P2(u)u_xxx,-0.0953,0.465
Burgers,u_xx,u^3u_xxx,P0(u)u_xx,P3(u)u_xxx,-0.2105,-0.3796
Burgers,u_xx,u^4u_xxx,P0(u)u_xx,P4(u)u_xxx,-0.1076,0.3061
Burgers,u_xx,u^5u_xxx,P0(u)u_xx,P5(u)u_xxx,-0.084,-0.2312
Burgers,u_xx,u^6u_xxx,P0(u)u_xx,P6(u)u_xxx,-0.0682,0.0572
Burgers,u_xx,u_xxxx,P0(u)u_xx,P0(u)u_xxxx,-0.6176,-0.6176
Burgers,u_xx,uu_xxxx,P0(u)u_xx,P1(u)u_xxxx,-0.4887,-0.3306
Burgers,u_xx,u^2u_xxxx,P0(u)u_xx,P2(u)u_xxxx,-0.3998,0.1934
Burgers,u_xx,u^3u_xxxx,P0(u)u_xx,P3(u)u_xxxx,-0.2154,0.4036
Burgers,u_xx,u^4u_xxxx,P0(u)u_xx,P4(u)u_xxxx,-0.11,-0.4262
Burgers,u_xx,u^5u_xxxx,P0(u)u_xx,P5(u)u_xxxx,-0.0586,-0.0758
Burgers,u_xx,u^6u_xxxx,P0(u)u_xx,P6(u)u_xxxx,-0.0383,0.2634
Burgers,u_xx,u_xxxxx,P0(u)u_xx,P0(u)u_xxxxx,-0.0,-0.0
Burgers,u_xx,uu_xxxxx,P0(u)u_xx,P1(u)u_xxxxx,0.481,0.3206
Burgers,u_xx,u^2u_xxxxx,P0(u)u_xx,P2(u)u_xxxxx,0.1138,-0.4981
Burgers,u_xx,u^3u_xxxxx,P0(u)u_xx,P3(u)u_xxxxx,0.1954,0.3905
Burgers,u_xx,u^4u_xxxxx,P0(u)u_xx,P4(u)u_xxxxx,0.1132,-0.3159
Burgers,u_xx,u^5u_xxxxx,P0(u)u_xx,P5(u)u_xxxxx,0.0902,0.1391
Burgers,u_xx,u^6u_xxxxx,P0(u)u_xx,P6(u)u_xxxxx,0.0753,0.0948
Burgers,u_xx,u_xxxxxx,P0(u)u_xx,P0(u)u_xxxxxx,0.3943,0.3943
Burgers,u_xx,uu_xxxxxx,P0(u)u_xx,P1(u)u_xxxxxx,0.5178,0.412
Burgers,u_xx,u^2u_xxxxxx,P0(u)u_xx,P2(u)u_xxxxxx,0.3878,-0.26
Burgers,u_xx,u^3u_xxxxxx,P0(u)u_xx,P3(u)u_xxxxxx,0.2138,-0.3893
Burgers,u_xx,u^4u_xxxxxx,P0(u)u_xx,P4(u)u_xxxxxx,0.1053,0.4099
Burgers,u_xx,u^5u_xxxxxx,P0(u)u_xx,P5(u)u_xxxxxx,0.0555,0.0788
Burgers,u_xx,u^6u_xxxxxx,P0(u)u_xx,P6(u)u_xxxxxx,0.0361,-0.2472
Burgers,uu_xx,u^2u_xx,P1(u)u_xx,P2(u)u_xx,0.9201,-0.4609
Burgers,uu_xx,u^3u_xx,P1(u)u_xx,P3(u)u_xx,0.7216,-0.5275
Burgers,uu_xx,u^4u_xx,P1(u)u_xx,P4(u)u_xx,0.4907,0.3681
Burgers,uu_xx,u^5u_xx,P1(u)u_xx,P5(u)u_xx,0.341,0.3843
Burgers,uu_xx,u^6u_xx,P1(u)u_xx,P6(u)u_xx,0.259,-0.453
Burgers,uu_xx,u_xxx,P1(u)u_xx,P0(u)u_xxx,0.1643,0.1456
Burgers,uu_xx,uu_xxx,P1(u)u_xx,P1(u)u_xxx,-0.2192,-0.1234
Burgers,uu_xx,u^2u_xxx,P1(u)u_xx,P2(u)u_xxx,-0.1608,-0.1289
Burgers,uu_xx,u^3u_xxx,P1(u)u_xx,P3(u)u_xxx,-0.154,0.312
Burgers,uu_xx,u^4u_xxx,P1(u)u_xx,P4(u)u_xxx,-0.0873,-0.3333
Burgers,uu_xx,u^5u_xxx,P1(u)u_xx,P5(u)u_xxx,-0.0557,0.1348
Burgers,uu_xx,u^6u_xxx,P1(u)u_xx,P6(u)u_xxx,-0.0403,0.1038
Burgers,uu_xx,u_xxxx,P1(u)u_xx,P0(u)u_xxxx,-0.1158,0.2285
Burgers,uu_xx,uu_xxxx,P1(u)u_xx,P1(u)u_xxxx,-0.9581,-0.8026
Burgers,uu_xx,u^2u_xxxx,P1(u)u_xx,P2(u)u_xxxx,-0.9242,0.0391
Burgers,uu_xx,u^3u_xxxx,P1(u)u_xx,P3(u)u_xxxx,-0.699,0.6404
Burgers,uu_xx,u^4u_xxxx,P1(u)u_xx,P4(u)u_xxxx,-0.4655,-0.3624
Burgers,uu_xx,u^5u_xxxx,P1(u)u_xx,P5(u)u_xxxx,-0.3253,-0.4608
Burgers,uu_xx,u^6u_xxxx,P1(u)u_xx,P6(u)u_xxxx,-0.2495,0.4764
Burgers,uu_xx,u_xxxxx,P1(u)u_xx,P0(u)u_xxxxx,-0.0231,-0.0096
Burgers,uu_xx,uu_xxxxx,P1(u)u_xx,P1(u)u_xxxxx,0.0766,-0.1216
Burgers,uu_xx,u^2u_xxxxx,P1(u)u_xx,P2(u)u_xxxxx,0.2811,0.3934
Burgers,uu_xx,u^3u_xxxxx,P1(u)u_xx,P3(u)u_xxxxx,0.1993,-0.4316
Burgers,uu_xx,u^4u_xxxxx,P1(u)u_xx,P4(u)u_xxxxx,0.1445,0.2622
Burgers,uu_xx,u^5u_xxxxx,P1(u)u_xx,P5(u)u_xxxxx,0.1034,0.1201
Burgers,uu_xx,u^6u_xxxxx,P1(u)u_xx,P6(u)u_xxxxx,0.0816,-0.2733
Burgers,uu_xx,u_xxxxxx,P1(u)u_xx,P0(u)u_xxxxxx,0.0915,-0.1285
Burgers,uu_xx,uu_xxxxxx,P1(u)u_xx,P1(u)u_xxxxxx,0.9332,0.7267
Burgers,uu_xx,u^2u_xxxxxx,P1(u)u_xx,P2(u)u_xxxxxx,0.9226,0.1116
Burgers,uu_xx,u^3u_xxxxxx,P1(u)u_xx,P3(u)u_xxxxxx,0.6907,-0.6589
Burgers,uu_xx,u^4u_xxxxxx,P1(u)u_xx,P4(u)u_xxxxxx,0.457,0.3371
Burgers,uu_xx,u^5u_xxxxxx,P1(u)u_xx,P5(u)u_xxxxxx,0.3195,0.4838
Burgers,uu_xx,u^6u_xxxxxx,P1(u)u_xx,P6(u)u_xxxxxx,0.2459,-0.4839
Burgers,u^2u_xx,u^3u_xx,P2(u)u_xx,P3(u)u_xx,0.8577,-0.273
Burgers,u^2u_xx,u^4u_xx,P2(u)u_xx,P4(u)u_xx,0.6599,0.019
Burgers,u^2u_xx,u^5u_xx,P2(u)u_xx,P5(u)u_xx,0.5085,0.2081
Burgers,u^2u_xx,u^6u_xx,P2(u)u_xx,P6(u)u_xx,0.4179,-0.1503
Burgers,u^2u_xx,u_xxx,P2(u)u_xx,P0(u)u_xxx,0.1109,-0.3558
Burgers,u^2u_xx,uu_xxx,P2(u)u_xx,P1(u)u_xxx,-0.2578,0.2362
Burgers,u^2u_xx,u^2u_xxx,P2(u)u_xx,P2(u)u_xxx,-0.1835,0.2791
Burgers,u^2u_xx,u^3u_xxx,P2(u)u_xx,P3(u)u_xxx,-0.1853,-0.5449
Burgers,u^2u_xx,u^4u_xxx,P2(u)u_xx,P4(u)u_xxx,-0.1058,0.5912
Burgers,u^2u_xx,u^5u_xxx,P2(u)u_xx,P5(u)u_xxx,-0.0744,-0.3547
Burgers,u^2u_xx,u^6u_xxx,P2(u)u_xx,P6(u)u_xxx,-0.0603,-0.0465
Burgers,u^2u_xx,u_xxxx,P2(u)u_xx,P0(u)u_xxxx,-0.1715,0.0216
Burgers,u^2u_xx,uu_xxxx,P2(u)u_xx,P1(u)u_xxxx,-0.907,0.1687
Burgers,u^2u_xx,u^2u_xxxx,P2(u)u_xx,P2(u)u_xxxx,-0.9922,-0.5624
Burgers,u^2u_xx,u^3u_xxxx,P2(u)u_xx,P3(u)u_xxxx,-0.8424,0.1156
Burgers,u^2u_xx,u^4u_xxxx,P2(u)u_xx,P4(u)u_xxxx,-0.6342,0.0688
Burgers,u^2u_xx,u^5u_xxxx,P2(u)u_xx,P5(u)u_xxxx,-0.4916,-0.1857
Burgers,u^2u_xx,u^6u_xxxx,P2(u)u_xx,P6(u)u_xxxx,-0.407,0.0823
Burgers,u^2u_xx,u_xxxxx,P2(u)u_xx,P0(u)u_xxxxx,-0.0342,0.0392
Burgers,u^2u_xx,uu_xxxxx,P2(u)u_xx,P1(u)u_xxxxx,0.1764,0.1684
Burgers,u^2u_xx,u^2u_xxxxx,P2(u)u_xx,P2(u)u_xxxxx,0.2878,-0.4916
Burgers,u^2u_xx,u^3u_xxxxx,P2(u)u_xx,P3(u)u_xxxxx,0.2476,0.5718
Burgers,u^2u_xx,u^4u_xxxxx,P2(u)u_xx,P4(u)u_xxxxx,0.182,-0.5048
Burgers,u^2u_xx,u^5u_xxxxx,P2(u)u_xx,P5(u)u_xxxxx,0.1429,0.077
Burgers,u^2u_xx,u^6u_xxxxx,P2(u)u_xx,P6(u)u_xxxxx,0.1225,0.2998
Burgers,u^2u_xx,u_xxxxxx,P2(u)u_xx,P0(u)u_xxxxxx,0.0995,-0.1051
Burgers,u^2u_xx,uu_xxxxxx,P2(u)u_xx,P1(u)u_xxxxxx,0.8911,-0.0888
Burgers,u^2u_xx,u^2u_xxxxxx,P2(u)u_xx,P2(u)u_xxxxxx,0.9866,0.3738
Burgers,u^2u_xx,u^3u_xxxxxx,P2(u)u_xx,P3(u)u_xxxxxx,0.836,-0.0725
Burgers,u^2u_xx,u^4u_xxxxxx,P2(u)u_xx,P4(u)u_xxxxxx,0.6253,-0.0762
Burgers,u^2u_xx,u^5u_xxxxxx,P2(u)u_xx,P5(u)u_xxxxxx,0.4852,0.1537
Burgers,u^2u_xx,u^6u_xxxxxx,P2(u)u_xx,P6(u)u_xxxxxx,0.4028,-0.0479
Burgers,u^3u_xx,u^4u_xx,P3(u)u_xx,P4(u)u_xx,0.9364,-0.8225
Burgers,u^3u_xx,u^5u_xx,P3(u)u_xx,P5(u)u_xx,0.8355,-0.3818
Burgers,u^3u_xx,u^6u_xx,P3(u)u_xx,P6(u)u_xx,0.7511,0.7809
Burgers,u^3u_xx,u_xxx,P3(u)u_xx,P0(u)u_xxx,0.1976,0.087
Burgers,u^3u_xx,uu_xxx,P3(u)u_xx,P1(u)u_xxx,-0.089,0.0974
Burgers,u^3u_xx,u^2u_xxx,P3(u)u_xx,P2(u)u_xxx,-0.1467,-0.3836
Burgers,u^3u_xx,u^3u_xxx,P3(u)u_xx,P3(u)u_xxx,-0.1137,0.3576
Burgers,u^3u_xx,u^4u_xxx,P3(u)u_xx,P4(u)u_xxx,-0.0771,-0.302
Burgers,u^3u_xx,u^5u_xxx,P3(u)u_xx,P5(u)u_xxx,-0.0606,0.2119
Burgers,u^3u_xx,u^6u_xxx,P3(u)u_xx,P6(u)u_xxx,-0.0597,-0.0379
Burgers,u^3u_xx,u_xxxx,P3(u)u_xx,P0(u)u_xxxx,-0.1051,0.023
Burgers,u^3u_xx,uu_xxxx,P3(u)u_xx,P1(u)u_xxxx,-0.6428,0.8547
Burgers,u^3u_xx,u^2u_xxxx,P3(u)u_xx,P2(u)u_xxxx,-0.878,0.0101
Burgers,u^3u_xx,u^3u_xxxx,P3(u)u_xx,P3(u)u_xxxx,-0.9962,-0.954
Burgers,u^3u_xx,u^4u_xxxx,P3(u)u_xx,P4(u)u_xxxx,-0.9208,0.7624
Burgers,u^3u_xx,u^5u_xxxx,P3(u)u_xx,P5(u)u_xxxx,-0.8214,0.4845
Burgers,u^3u_xx,u^6u_xxxx,P3(u)u_xx,P6(u)u_xxxx,-0.7406,-0.7652
Burgers,u^3u_xx,u_xxxxx,P3(u)u_xx,P0(u)u_xxxxx,-0.0639,-0.0074
Burgers,u^3u_xx,uu_xxxxx,P3(u)u_xx,P1(u)u_xxxxx,0.031,-0.1745
Burgers,u^3u_xx,u^2u_xxxxx,P3(u)u_xx,P2(u)u_xxxxx,0.2965,0.2654
Burgers,u^3u_xx,u^3u_xxxxx,P3(u)u_xx,P3(u)u_xxxxx,0.2313,-0.2395
Burgers,u^3u_xx,u^4u_xxxxx,P3(u)u_xx,P4(u)u_xxxxx,0.201,0.2784
Burgers,u^3u_xx,u^5u_xxxxx,P3(u)u_xx,P5(u)u_xxxxx,0.1761,-0.1968
Burgers,u^3u_xx,u^6u_xxxxx,P3(u)u_xx,P6(u)u_xxxxx,0.1678,-0.0259
Burgers,u^3u_xx,u_xxxxxx,P3(u)u_xx,P0(u)u_xxxxxx,0.0712,0.0415
Burgers,u^3u_xx,uu_xxxxxx,P3(u)u_xx,P1(u)u_xxxxxx,0.609,-0.8852
Burgers,u^3u_xx,u^2u_xxxxxx,P3(u)u_xx,P2(u)u_xxxxxx,0.8743,0.0267
Burgers,u^3u_xx,u^3u_xxxxxx,P3(u)u_xx,P3(u)u_xxxxxx,0.992,0.9365
Burgers,u^3u_xx,u^4u_xxxxxx,P3(u)u_xx,P4(u)u_xxxxxx,0.914,-0.7328
Burgers,u^3u_xx,u^5u_xxxxxx,P3(u)u_xx,P5(u)u_xxxxxx,0.8155,-0.4894
Burgers,u^3u_xx,u^6u_xxxxxx,P3(u)u_xx,P6(u)u_xxxxxx,0.7364,0.7464
Burgers,u^4u_xx,u^5u_xx,P4(u)u_xx,P5(u)u_xx,0.9727,-0.1301
Burgers,u^4u_xx,u^6u_xx,P4(u)u_xx,P6(u)u_xx,0.9244,-0.5725
Burgers,u^4u_xx,u_xxx,P4(u)u_xx,P0(u)u_xxx,0.1974,0.0913
Burgers,u^4u_xx,uu_xxx,P4(u)u_xx,P1(u)u_xxx,-0.0323,-0.2715
Burgers,u^4u_xx,u^2u_xxx,P4(u)u_xx,P2(u)u_xxx,-0.0839,0.4609
Burgers,u^4u_xx,u^3u_xxx,P4(u)u_xx,P3(u)u_xxx,-0.0646,-0.3722
Burgers,u^4u_xx,u^4u_xxx,P4(u)u_xx,P4(u)u_xxx,-0.0544,0.2958
Burgers,u^4u_xx,u^5u_xxx,P4(u)u_xx,P5(u)u_xxx,-0.0548,-0.1816
Burgers,u^4u_xx,u^6u_xxx,P4(u)u_xx,P6(u)u_xxx,-0.0656,0.0093
Burgers,u^4u_xx,u_xxxx,P4(u)u_xx,P0(u)u_xxxx,-0.0781,-0.0667
Burgers,u^4u_xx,uu_xxxx,P4(u)u_xx,P1(u)u_xxxx,-0.4243,-0.7536
Burgers,u^4u_xx,u^2u_xxxx,P4(u)u_xx,P2(u)u_xxxx,-0.6898,0.4818
Burgers,u^4u_xx,u^3u_xxxx,P4(u)u_xx,P3(u)u_xxxx,-0.9501,0.7272
Burgers,u^4u_xx,u^4u_xxxx,P4(u)u_xx,P4(u)u_xxxx,-0.9979,-0.96
Burgers,u^4u_xx,u^5u_xxxx,P4(u)u_xx,P5(u)u_xxxx,-0.9658,0.014
Burgers,u^4u_xx,u^6u_xxxx,P4(u)u_xx,P6(u)u_xxxx,-0.9177,0.5888
Burgers,u^4u_xx,u_xxxxx,P4(u)u_xx,P0(u)u_xxxxx,-0.0733,-0.0549
Burgers,u^4u_xx,uu_xxxxx,P4(u)u_xx,P1(u)u_xxxxx,-0.0063,0.2227
Burgers,u^4u_xx,u^2u_xxxxx,P4(u)u_xx,P2(u)u_xxxxx,0.2277,-0.2842
Burgers,u^4u_xx,u^3u_xxxxx,P4(u)u_xx,P3(u)u_xxxxx,0.1872,0.2387
Burgers,u^4u_xx,u^4u_xxxxx,P4(u)u_xx,P4(u)u_xxxxx,0.1858,-0.2391
Burgers,u^4u_xx,u^5u_xxxxx,P4(u)u_xx,P5(u)u_xxxxx,0.1828,0.1604
Burgers,u^4u_xx,u^6u_xxxxx,P4(u)u_xx,P6(u)u_xxxxx,0.1904,-0.0004
Burgers,u^4u_xx,u_xxxxxx,P4(u)u_xx,P0(u)u_xxxxxx,0.052,-0.0015
Burgers,u^4u_xx,uu_xxxxxx,P4(u)u_xx,P1(u)u_xxxxxx,0.3949,0.7875
Burgers,u^4u_xx,u^2u_xxxxxx,P4(u)u_xx,P2(u)u_xxxxxx,0.6891,-0.5136
Burgers,u^4u_xx,u^3u_xxxxxx,P4(u)u_xx,P3(u)u_xxxxxx,0.9513,-0.7155
Burgers,u^4u_xx,u^4u_xxxxxx,P4(u)u_xx,P4(u)u_xxxxxx,0.9954,0.9417
Burgers,u^4u_xx,u^5u_xxxxxx,P4(u)u_xx,P5(u)u_xxxxxx,0.9623,0.003
Burgers,u^4u_xx,u^6u_xxxxxx,P4(u)u_xx,P6(u)u_xxxxxx,0.9148,-0.5859
Burgers,u^5u_xx,u^6u_xx,P5(u)u_xx,P6(u)u_xx,0.9865,-0.6616
Burgers,u^5u_xx,u_xxx,P5(u)u_xx,P0(u)u_xxx,0.176,-0.3203
Burgers,u^5u_xx,uu_xxx,P5(u)u_xx,P1(u)u_xxx,0.0002,0.3247
Burgers,u^5u_xx,u^2u_xxx,P5(u)u_xx,P2(u)u_xxx,-0.0453,-0.1641
Burgers,u^5u_xx,u^3u_xxx,P5(u)u_xx,P3(u)u_xxx,-0.0357,0.0679
Burgers,u^5u_xx,u^4u_xxx,P5(u)u_xx,P4(u)u_xxx,-0.0436,-0.0819
Burgers,u^5u_xx,u^5u_xxx,P5(u)u_xx,P5(u)u_xxx,-0.0555,0.0783
Burgers,u^5u_xx,u^6u_xxx,P5(u)u_xx,P6(u)u_xxx,-0.0739,-0.0125
Burgers,u^5u_xx,u_xxxx,P5(u)u_xx,P0(u)u_xxxx,-0.0552,0.0369
Burgers,u^5u_xx,uu_xxxx,P5(u)u_xx,P1(u)u_xxxx,-0.2858,-0.282
Burgers,u^5u_xx,u^2u_xxxx,P5(u)u_xx,P2(u)u_xxxx,-0.5432,-0.6732
Burgers,u^5u_xx,u^3u_xxxx,P5(u)u_xx,P3(u)u_xxxx,-0.8592,0.5466
Burgers,u^5u_xx,u^4u_xxxx,P5(u)u_xx,P4(u)u_xxxx,-0.9799,0.0587
Burgers,u^5u_xx,u^5u_xxxx,P5(u)u_xx,P5(u)u_xxxx,-0.9989,-0.9573
Burgers,u^5u_xx,u^6u_xxxx,P5(u)u_xx,P6(u)u_xxxx,-0.9833,0.6286
Burgers,u^5u_xx,u_xxxxx,P5(u)u_xx,P0(u)u_xxxxx,-0.0696,0.1446
Burgers,u^5u_xx,uu_xxxxx,P5(u)u_xx,P1(u)u_xxxxx,-0.0308,-0.1447
Burgers,u^5u_xx,u^2u_xxxxx,P5(u)u_xx,P2(u)u_xxxxx,0.1692,0.0704
Burgers,u^5u_xx,u^3u_xxxxx,P5(u)u_xx,P3(u)u_xxxxx,0.1473,-0.0367
Burgers,u^5u_xx,u^4u_xxxxx,P5(u)u_xx,P4(u)u_xxxxx,0.1662,0.0196
Burgers,u^5u_xx,u^5u_xxxxx,P5(u)u_xx,P5(u)u_xxxxx,0.1794,-0.0296
Burgers,u^5u_xx,u^6u_xxxxx,P5(u)u_xx,P6(u)u_xxxxx,0.1988,0.0531
Burgers,u^5u_xx,u_xxxxxx,P5(u)u_xx,P0(u)u_xxxxxx,0.0378,-0.0185
Burgers,u^5u_xx,uu_xxxxxx,P5(u)u_xx,P1(u)u_xxxxxx,0.2613,0.274
Burgers,u^5u_xx,u^2u_xxxxxx,P5(u)u_xx,P2(u)u_xxxxxx,0.5448,0.681
Burgers,u^5u_xx,u^3u_xxxxxx,P5(u)u_xx,P3(u)u_xxxxxx,0.8639,-0.5515
Burgers,u^5u_xx,u^4u_xxxxxx,P5(u)u_xx,P4(u)u_xxxxxx,0.9806,-0.0624
Burgers,u^5u_xx,u^5u_xxxxxx,P5(u)u_xx,P5(u)u_xxxxxx,0.9975,0.9396
Burgers,u^5u_xx,u^6u_xxxxxx,P5(u)u_xx,P6(u)u_xxxxxx,0.9815,-0.6109
Burgers,u^6u_xx,u_xxx,P6(u)u_xx,P0(u)u_xxx,0.1527,0.2561
Burgers,u^6u_xx,uu_xxx,P6(u)u_xx,P1(u)u_xxx,0.0099,-0.1571
Burgers,u^6u_xx,u^2u_xxx,P6(u)u_xx,P2(u)u_xxx,-0.0247,-0.1428
Burgers,u^6u_xx,u^3u_xxx,P6(u)u_xx,P3(u)u_xxx,-0.0248,0.2155
Burgers,u^6u_xx,u^4u_xxx,P6(u)u_xx,P4(u)u_xxx,-0.0423,-0.1503
Burgers,u^6u_xx,u^5u_xxx,P6(u)u_xx,P5(u)u_xxx,-0.0611,0.0194
Burgers,u^6u_xx,u^6u_xxx,P6(u)u_xx,P6(u)u_xxx,-0.0841,0.0762
Burgers,u^6u_xx,u_xxxx,P6(u)u_xx,P0(u)u_xxxx,-0.0436,0.0267
Burgers,u^6u_xx,uu_xxxx,P6(u)u_xx,P1(u)u_xxxx,-0.2149,0.6232
Burgers,u^6u_xx,u^2u_xxxx,P6(u)u_xx,P2(u)u_xxxx,-0.453,0.1591
Burgers,u^6u_xx,u^3u_xxxx,P6(u)u_xx,P3(u)u_xxxx,-0.7795,-0.8694
Burgers,u^6u_xx,u^4u_xxxx,P6(u)u_xx,P4(u)u_xxxx,-0.9369,0.6709
Burgers,u^6u_xx,u^5u_xxxx,P6(u)u_xx,P5(u)u_xxxx,-0.9892,0.6481
Burgers,u^6u_xx,u^6u_xxxx,P6(u)u_xx,P6(u)u_xxxx,-0.9994,-0.9738
Burgers,u^6u_xx,u_xxxxx,P6(u)u_xx,P0(u)u_xxxxx,-0.0639,-0.1149
Burgers,u^6u_xx,uu_xxxxx,P6(u)u_xx,P1(u)u_xxxxx,-0.038,0.0037
Burgers,u^6u_xx,u^2u_xxxxx,P6(u)u_xx,P2(u)u_xxxxx,0.129,0.1681
Burgers,u^6u_xx,u^3u_xxxxx,P6(u)u_xx,P3(u)u_xxxxx,0.1218,-0.1888
Burgers,u^6u_xx,u^4u_xxxxx,P6(u)u_xx,P4(u)u_xxxxx,0.1522,0.1579
Burgers,u^6u_xx,u^5u_xxxxx,P6(u)u_xx,P5(u)u_xxxxx,0.1758,-0.0141
Burgers,u^6u_xx,u^6u_xxxxx,P6(u)u_xx,P6(u)u_xxxxx,0.203,-0.1132
Burgers,u^6u_xx,u_xxxxxx,P6(u)u_xx,P0(u)u_xxxxxx,0.03,0.0025
Burgers,u^6u_xx,uu_xxxxxx,P6(u)u_xx,P1(u)u_xxxxxx,0.1949,-0.648
Burgers,u^6u_xx,u^2u_xxxxxx,P6(u)u_xx,P2(u)u_xxxxxx,0.456,-0.1239
Burgers,u^6u_xx,u^3u_xxxxxx,P6(u)u_xx,P3(u)u_xxxxxx,0.7863,0.8681
Burgers,u^6u_xx,u^4u_xxxxxx,P6(u)u_xx,P4(u)u_xxxxxx,0.9395,-0.6691
Burgers,u^6u_xx,u^5u_xxxxxx,P6(u)u_xx,P5(u)u_xxxxxx,0.9891,-0.6385
Burgers,u^6u_xx,u^6u_xxxxxx,P6(u)u_xx,P6(u)u_xxxxxx,0.9984,0.9594
Burgers,u_xxx,uu_xxx,P0(u)u_xxx,P1(u)u_xxx,-0.052,-0.8777
Burgers,u_xxx,u^2u_xxx,P0(u)u_xxx,P2(u)u_xxx,0.418,-0.0133
Burgers,u_xxx,u^3u_xxx,P0(u)u_xxx,P3(u)u_xxx,0.0894,0.4635
Burgers,u_xxx,u^4u_xxx,P0(u)u_xxx,P4(u)u_xxx,0.0743,-0.3984
Burgers,u_xxx,u^5u_xxx,P0(u)u_xxx,P5(u)u_xxx,0.0526,0.0609
Burgers,u_xxx,u^6u_xxx,P0(u)u_xxx,P6(u)u_xxx,0.0458,0.1625
Burgers,u_xxx,u_xxxx,P0(u)u_xxx,P0(u)u_xxxx,0.0,0.0
Burgers,u_xxx,uu_xxxx,P0(u)u_xxx,P1(u)u_xxxx,-0.1766,-0.1547
Burgers,u_xxx,u^2u_xxxx,P0(u)u_xxx,P2(u)u_xxxx,-0.1101,0.4673
Burgers,u_xxx,u^3u_xxxx,P0(u)u_xxx,P3(u)u_xxxx,-0.2012,-0.1211
Burgers,u_xxx,u^4u_xxxx,P0(u)u_xxx,P4(u)u_xxxx,-0.1949,-0.0543
Burgers,u_xxx,u^5u_xxxx,P0(u)u_xxx,P5(u)u_xxxx,-0.1736,0.2605
Burgers,u_xxx,u^6u_xxxx,P0(u)u_xxx,P6(u)u_xxxx,-0.1508,-0.2136
Burgers,u_xxx,u_xxxxx,P0(u)u_xxx,P0(u)u_xxxxx,-0.7611,-0.7611
Burgers,u_xxx,uu_xxxxx,P0(u)u_xxx,P1(u)u_xxxxx,-0.182,0.5564
Burgers,u_xxx,u^2u_xxxxx,P0(u)u_xxx,P2(u)u_xxxxx,-0.1207,0.3062
Burgers,u_xxx,u^3u_xxxxx,P0(u)u_xxx,P3(u)u_xxxxx,-0.0307,-0.5039
Burgers,u_xxx,u^4u_xxxxx,P0(u)u_xxx,P4(u)u_xxxxx,-0.0119,0.2963
Burgers,u_xxx,u^5u_xxxxx,P0(u)u_xxx,P5(u)u_xxxxx,-0.0104,0.1732
Burgers,u_xxx,u^6u_xxxxx,P0(u)u_xxx,P6(u)u_xxxxx,-0.0114,-0.3302
Burgers,u_xxx,u_xxxxxx,P0(u)u_xxx,P0(u)u_xxxxxx,-0.0,-0.0
Burgers,u_xxx,uu_xxxxxx,P0(u)u_xxx,P1(u)u_xxxxxx,0.1515,0.1296
Burgers,u_xxx,u^2u_xxxxxx,P0(u)u_xxx,P2(u)u_xxxxxx,0.1075,-0.3801
Burgers,u_xxx,u^3u_xxxxxx,P0(u)u_xxx,P3(u)u_xxxxxx,0.1967,0.1034
Burgers,u_xxx,u^4u_xxxxxx,P0(u)u_xxx,P4(u)u_xxxxxx,0.1925,0.0517
Burgers,u_xxx,u^5u_xxxxxx,P0(u)u_xxx,P5(u)u_xxxxxx,0.1721,-0.2341
Burgers,u_xxx,u^6u_xxxxxx,P0(u)u_xxx,P6(u)u_xxxxxx,0.15,0.1894
Burgers,uu_xxx,u^2u_xxx,P1(u)u_xxx,P2(u)u_xxx,0.3628,-0.4275
Burgers,uu_xxx,u^3u_xxx,P1(u)u_xxx,P3(u)u_xxx,0.5002,-0.1654
Burgers,uu_xxx,u^4u_xxx,P1(u)u_xxx,P4(u)u_xxx,0.2972,0.3152
Burgers,uu_xxx,u^5u_xxx,P1(u)u_xxx,P5(u)u_xxx,0.2248,-0.1604
Burgers,uu_xxx,u^6u_xxx,P1(u)u_xxx,P6(u)u_xxx,0.1754,-0.0167
Burgers,uu_xxx,u_xxxx,P1(u)u_xxx,P0(u)u_xxxx,0.0302,-0.0005
Burgers,uu_xxx,uu_xxxx,P1(u)u_xxx,P1(u)u_xxxx,0.3258,0.2986
Burgers,uu_xxx,u^2u_xxxx,P1(u)u_xxx,P2(u)u_xxxx,0.1981,-0.5101
Burgers,uu_xxx,u^3u_xxxx,P1(u)u_xxx,P3(u)u_xxxx,0.0843,-0.0262
Burgers,uu_xxx,u^4u_xxxx,P1(u)u_xxx,P4(u)u_xxxx,0.0188,0.208
Burgers,uu_xxx,u^5u_xxxx,P1(u)u_xxx,P5(u)u_xxxx,-0.0067,-0.246
Burgers,uu_xxx,u^6u_xxxx,P1(u)u_xxx,P6(u)u_xxxx,-0.0142,0.1327
Burgers,uu_xxx,u_xxxxx,P1(u)u_xxx,P0(u)u_xxxxx,-0.0688,0.6186
Burgers,uu_xxx,uu_xxxxx,P1(u)u_xxx,P1(u)u_xxxxx,-0.8396,-0.7146
Burgers,uu_xxx,u^2u_xxxxx,P1(u)u_xxx,P2(u)u_xxxxx,-0.4477,0.0628
Burgers,uu_xxx,u^3u_xxxxx,P1(u)u_xxx,P3(u)u_xxxxx,-0.4306,0.308
Burgers,uu_xxx,u^4u_xxxxx,P1(u)u_xxx,P4(u)u_xxxxx,-0.2865,-0.2975
Burgers,uu_xxx,u^5u_xxxxx,P1(u)u_xxx,P5(u)u_xxxxx,-0.2196,-0.0565
Burgers,uu_xxx,u^6u_xxxxx,P1(u)u_xxx,P6(u)u_xxxxx,-0.1755,0.2323
Burgers,uu_xxx,u_xxxxxx,P1(u)u_xxx,P0(u)u_xxxxxx,0.0554,0.0356
Burgers,uu_xxx,uu_xxxxxx,P1(u)u_xxx,P1(u)u_xxxxxx,-0.339,-0.2914
Burgers,uu_xxx,u^2u_xxxxxx,P1(u)u_xxx,P2(u)u_xxxxxx,-0.1921,0.4472
Burgers,uu_xxx,u^3u_xxxxxx,P1(u)u_xxx,P3(u)u_xxxxxx,-0.082,0.037
Burgers,uu_xxx,u^4u_xxxxxx,P1(u)u_xxx,P4(u)u_xxxxxx,-0.0155,-0.2004
Burgers,uu_xxx,u^5u_xxxxxx,P1(u)u_xxx,P5(u)u_xxxxxx,0.0088,0.2223
Burgers,uu_xxx,u^6u_xxxxxx,P1(u)u_xxx,P6(u)u_xxxxxx,0.0156,-0.1167
Burgers,u^2u_xxx,u^3u_xxx,P2(u)u_xxx,P3(u)u_xxx,0.818,-0.7345
Burgers,u^2u_xxx,u^4u_xxx,P2(u)u_xxx,P4(u)u_xxx,0.7036,0.2978
Burgers,u^2u_xxx,u^5u_xxx,P2(u)u_xxx,P5(u)u_xxx,0.5841,0.184
Burgers,u^2u_xxx,u^6u_xxx,P2(u)u_xxx,P6(u)u_xxx,0.5005,-0.3862
Burgers,u^2u_xxx,u_xxxx,P2(u)u_xxx,P0(u)u_xxxx,0.0283,-0.0184
Burgers,u^2u_xxx,uu_xxxx,P2(u)u_xxx,P1(u)u_xxxx,0.0893,-0.2895
Burgers,u^2u_xxx,u^2u_xxxx,P2(u)u_xxx,P2(u)u_xxxx,0.1703,0.2599
Burgers,u^2u_xxx,u^3u_xxxx,P2(u)u_xxx,P3(u)u_xxxx,0.1173,0.2508
Burgers,u^2u_xxx,u^4u_xxxx,P2(u)u_xxx,P4(u)u_xxxx,0.0651,-0.3872
Burgers,u^2u_xxx,u^5u_xxxx,P2(u)u_xxx,P5(u)u_xxxx,0.033,0.1143
Burgers,u^2u_xxx,u^6u_xxxx,P2(u)u_xxx,P6(u)u_xxxx,0.0169,0.1052
Burgers,u^2u_xxx,u_xxxxx,P2(u)u_xxx,P0(u)u_xxxxx,-0.4153,0.0658
Burgers,u^2u_xxx,uu_xxxxx,P2(u)u_xxx,P1(u)u_xxxxx,-0.5452,0.4226
Burgers,u^2u_xxx,u^2u_xxxxx,P2(u)u_xxx,P2(u)u_xxxxx,-0.9105,-0.7808
Burgers,u^2u_xxx,u^3u_xxxxx,P2(u)u_xxx,P3(u)u_xxxxx,-0.8063,0.5129
Burgers,u^2u_xxx,u^4u_xxxxx,P2(u)u_xxx,P4(u)u_xxxxx,-0.6892,-0.1076
Burgers,u^2u_xxx,u^5u_xxxxx,P2(u)u_xxx,P5(u)u_xxxxx,-0.5815,-0.2621
Burgers,u^2u_xxx,u^6u_xxxxx,P2(u)u_xxx,P6(u)u_xxxxx,-0.5001,0.2805
Burgers,u^2u_xxx,u_xxxxxx,P2(u)u_xxx,P0(u)u_xxxxxx,0.0045,-0.0578
Burgers,u^2u_xxx,uu_xxxxxx,P2(u)u_xxx,P1(u)u_xxxxxx,-0.0807,0.3355
Burgers,u^2u_xxx,u^2u_xxxxxx,P2(u)u_xxx,P2(u)u_xxxxxx,-0.1621,-0.3289
Burgers,u^2u_xxx,u^3u_xxxxxx,P2(u)u_xxx,P3(u)u_xxxxxx,-0.1086,-0.2334
Burgers,u^2u_xxx,u^4u_xxxxxx,P2(u)u_xxx,P4(u)u_xxxxxx,-0.0581,0.3791
Burgers,u^2u_xxx,u^5u_xxxxxx,P2(u)u_xxx,P5(u)u_xxxxxx,-0.0284,-0.1183
Burgers,u^2u_xxx,u^6u_xxxxxx,P2(u)u_xxx,P6(u)u_xxxxxx,-0.0139,-0.0904
Burgers,u^3u_xxx,u^4u_xxx,P3(u)u_xxx,P4(u)u_xxx,0.9464,-0.7845
Burgers,u^3u_xxx,u^5u_xxx,P3(u)u_xxx,P5(u)u_xxx,0.8653,0.0878
Burgers,u^3u_xxx,u^6u_xxx,P3(u)u_xxx,P6(u)u_xxx,0.785,0.4792
Burgers,u^3u_xxx,u_xxxx,P3(u)u_xxx,P0(u)u_xxxx,0.0546,0.0612
Burgers,u^3u_xxx,uu_xxxx,P3(u)u_xxx,P1(u)u_xxxx,0.1623,0.0742
Burgers,u^3u_xxx,u^2u_xxxx,P3(u)u_xxx,P2(u)u_xxxx,0.153,-0.0218
Burgers,u^3u_xxx,u^3u_xxxx,P3(u)u_xxx,P3(u)u_xxxx,0.0929,-0.2079
Burgers,u^3u_xxx,u^4u_xxxx,P3(u)u_xxx,P4(u)u_xxxx,0.0451,0.3135
Burgers,u^3u_xxx,u^5u_xxxx,P3(u)u_xxx,P5(u)u_xxxx,0.023,-0.0616
Burgers,u^3u_xxx,u^6u_xxxx,P3(u)u_xxx,P6(u)u_xxxx,0.0161,-0.1542
Burgers,u^3u_xxx,u_xxxxx,P3(u)u_xxx,P0(u)u_xxxxx,-0.1339,-0.3112
Burgers,u^3u_xxx,uu_xxxxx,P3(u)u_xxx,P1(u)u_xxxxx,-0.5551,-0.0124
Burgers,u^3u_xxx,u^2u_xxxxx,P3(u)u_xxx,P2(u)u_xxxxx,-0.8404,0.7304
Burgers,u^3u_xxx,u^3u_xxxxx,P3(u)u_xxx,P3(u)u_xxxxx,-0.9737,-0.874
Burgers,u^3u_xxx,u^4u_xxxxx,P3(u)u_xxx,P4(u)u_xxxxx,-0.9301,0.5762
Burgers,u^3u_xxx,u^5u_xxxxx,P3(u)u_xxx,P5(u)u_xxxxx,-0.8561,0.2274
Burgers,u^3u_xxx,u^6u_xxxxx,P3(u)u_xxx,P6(u)u_xxxxx,-0.779,-0.5831
Burgers,u^3u_xxx,u_xxxxxx,P3(u)u_xxx,P0(u)u_xxxxxx,-0.0038,0.0054
Burgers,u^3u_xxx,uu_xxxxxx,P3(u)u_xxx,P1(u)u_xxxxxx,-0.1628,-0.1406
Burgers,u^3u_xxx,u^2u_xxxxxx,P3(u)u_xxx,P2(u)u_xxxxxx,-0.1443,0.1686
Burgers,u^3u_xxx,u^3u_xxxxxx,P3(u)u_xxx,P3(u)u_xxxxxx,-0.0849,0.1753
Burgers,u^3u_xxx,u^4u_xxxxxx,P3(u)u_xxx,P4(u)u_xxxxxx,-0.0377,-0.3104
Burgers,u^3u_xxx,u^5u_xxxxxx,P3(u)u_xxx,P5(u)u_xxxxxx,-0.0178,0.0832
Burgers,u^3u_xxx,u^6u_xxxxxx,P3(u)u_xxx,P6(u)u_xxxxxx,-0.0123,0.1256
Burgers,u^4u_xxx,u^5u_xxx,P4(u)u_xxx,P5(u)u_xxx,0.9764,-0.5837
Burgers,u^4u_xxx,u^6u_xxx,P4(u)u_xxx,P6(u)u_xxx,0.9292,-0.244
Burgers,u^4u_xxx,u_xxxx,P4(u)u_xxx,P0(u)u_xxxx,0.039,-0.1325
Burgers,u^4u_xxx,uu_xxxx,P4(u)u_xxx,P1(u)u_xxxx,0.0818,0.0209
Burgers,u^4u_xxx,u^2u_xxxx,P4(u)u_xxx,P2(u)u_xxxx,0.0878,-0.0595
Burgers,u^4u_xxx,u^3u_xxxx,P4(u)u_xxx,P3(u)u_xxxx,0.0606,0.1375
Burgers,u^4u_xxx,u^4u_xxxx,P4(u)u_xxx,P4(u)u_xxxx,0.0394,-0.2173
Burgers,u^4u_xxx,u^5u_xxxx,P4(u)u_xxx,P5(u)u_xxxx,0.0328,0.0704
Burgers,u^4u_xxx,u^6u_xxxx,P4(u)u_xxx,P6(u)u_xxxx,0.0342,0.0987
Burgers,u^4u_xxx,u_xxxxx,P4(u)u_xxx,P0(u)u_xxxxx,-0.0989,0.1815
Burgers,u^4u_xxx,uu_xxxxx,P4(u)u_xxx,P1(u)u_xxxxx,-0.3601,-0.0801
Burgers,u^4u_xxx,u^2u_xxxxx,P4(u)u_xxx,P2(u)u_xxxxx,-0.7156,-0.4039
Burgers,u^4u_xxx,u^3u_xxxxx,P4(u)u_xxx,P3(u)u_xxxxx,-0.9293,0.748
Burgers,u^4u_xxx,u^4u_xxxxx,P4(u)u_xxx,P4(u)u_xxxxx,-0.9812,-0.8761
Burgers,u^4u_xxx,u^5u_xxxxx,P4(u)u_xxx,P5(u)u_xxxxx,-0.9635,0.2071
Burgers,u^4u_xxx,u^6u_xxxxx,P4(u)u_xxx,P6(u)u_xxxxx,-0.919,0.536
Burgers,u^4u_xxx,u_xxxxxx,P4(u)u_xxx,P0(u)u_xxxxxx,-0.01,0.0578
Burgers,u^4u_xxx,uu_xxxxxx,P4(u)u_xxx,P1(u)u_xxxxxx,-0.081,0.0474
Burgers,u^4u_xxx,u^2u_xxxxxx,P4(u)u_xxx,P2(u)u_xxxxxx,-0.0818,-0.097
Burgers,u^4u_xxx,u^3u_xxxxxx,P4(u)u_xxx,P3(u)u_xxxxxx,-0.054,-0.1
Burgers,u^4u_xxx,u^4u_xxxxxx,P4(u)u_xxx,P4(u)u_xxxxxx,-0.0331,0.2108
Burgers,u^4u_xxx,u^5u_xxxxxx,P4(u)u_xxx,P5(u)u_xxxxxx,-0.0279,-0.0921
Burgers,u^4u_xxx,u^6u_xxxxxx,P4(u)u_xxx,P6(u)u_xxxxxx,-0.0304,-0.0693
Burgers,u^5u_xxx,u^6u_xxx,P5(u)u_xxx,P6(u)u_xxx,0.9861,-0.5124
Burgers,u^5u_xxx,u_xxxx,P5(u)u_xxx,P0(u)u_xxxx,0.034,0.1779
Burgers,u^5u_xxx,uu_xxxx,P5(u)u_xxx,P1(u)u_xxxx,0.0554,0.0231
Burgers,u^5u_xxx,u^2u_xxxx,P5(u)u_xxx,P2(u)u_xxxx,0.0608,0.0892
Burgers,u^5u_xxx,u^3u_xxxx,P5(u)u_xxx,P3(u)u_xxxx,0.049,-0.0975
Burgers,u^5u_xxx,u^4u_xxxx,P5(u)u_xxx,P4(u)u_xxxx,0.0431,0.0773
Burgers,u^5u_xxx,u^5u_xxxx,P5(u)u_xxx,P5(u)u_xxxx,0.0462,-0.0098
Burgers,u^5u_xxx,u^6u_xxxx,P5(u)u_xxx,P6(u)u_xxxx,0.0536,-0.0264
Burgers,u^5u_xxx,u_xxxxx,P5(u)u_xxx,P0(u)u_xxxxx,-0.0697,0.0633
Burgers,u^5u_xxx,uu_xxxxx,P5(u)u_xxx,P1(u)u_xxxxx,-0.2722,-0.0195
Burgers,u^5u_xxx,u^2u_xxxxx,P5(u)u_xxx,P2(u)u_xxxxx,-0.5952,-0.0288
Burgers,u^5u_xxx,u^3u_xxxxx,P5(u)u_xxx,P3(u)u_xxxxx,-0.8485,-0.131
Burgers,u^5u_xxx,u^4u_xxxxx,P5(u)u_xxx,P4(u)u_xxxxx,-0.9558,0.5687
Burgers,u^5u_xxx,u^5u_xxxxx,P5(u)u_xxx,P5(u)u_xxxxx,-0.984,-0.7868
Burgers,u^5u_xxx,u^6u_xxxxx,P5(u)u_xxx,P6(u)u_xxxxx,-0.9728,0.1522
Burgers,u^5u_xxx,u_xxxxxx,P5(u)u_xxx,P0(u)u_xxxxxx,-0.0102,-0.0827
Burgers,u^5u_xxx,uu_xxxxxx,P5(u)u_xxx,P1(u)u_xxxxxx,-0.0558,-0.0679
Burgers,u^5u_xxx,u^2u_xxxxxx,P5(u)u_xxx,P2(u)u_xxxxxx,-0.0563,-0.0137
Burgers,u^5u_xxx,u^3u_xxxxxx,P5(u)u_xxx,P3(u)u_xxxxxx,-0.0441,0.0733
Burgers,u^5u_xxx,u^4u_xxxxxx,P5(u)u_xxx,P4(u)u_xxxxxx,-0.0379,-0.0597
Burgers,u^5u_xxx,u^5u_xxxxxx,P5(u)u_xxx,P5(u)u_xxxxxx,-0.0417,0.0115
Burgers,u^5u_xxx,u^6u_xxxxxx,P5(u)u_xxx,P6(u)u_xxxxxx,-0.0498,0.0126
Burgers,u^6u_xxx,u_xxxx,P6(u)u_xxx,P0(u)u_xxxx,0.031,-0.0817
Burgers,u^6u_xxx,uu_xxxx,P6(u)u_xxx,P1(u)u_xxxx,0.0404,-0.0629
Burgers,u^6u_xxx,u^2u_xxxx,P6(u)u_xxx,P2(u)u_xxxx,0.0502,-0.0767
Burgers,u^6u_xxx,u^3u_xxxx,P6(u)u_xxx,P3(u)u_xxxx,0.0513,0.0441
Burgers,u^6u_xxx,u^4u_xxxx,P6(u)u_xxx,P4(u)u_xxxx,0.0563,0.0578
Burgers,u^6u_xxx,u^5u_xxxx,P6(u)u_xxx,P5(u)u_xxxx,0.0659,-0.0947
Burgers,u^6u_xxx,u^6u_xxxx,P6(u)u_xxx,P6(u)u_xxxx,0.0772,0.0031
Burgers,u^6u_xxx,u_xxxxx,P6(u)u_xxx,P0(u)u_xxxxx,-0.058,-0.1398
Burgers,u^6u_xxx,uu_xxxxx,P6(u)u_xxx,P1(u)u_xxxxx,-0.2143,0.053
Burgers,u^6u_xxx,u^2u_xxxxx,P6(u)u_xxx,P2(u)u_xxxxx,-0.5078,0.2685
Burgers,u^6u_xxx,u^3u_xxxxx,P6(u)u_xxx,P3(u)u_xxxxx,-0.7691,-0.3966
Burgers,u^6u_xxx,u^4u_xxxxx,P6(u)u_xxx,P4(u)u_xxxxx,-0.9081,0.2188
Burgers,u^6u_xxx,u^5u_xxxxx,P6(u)u_xxx,P5(u)u_xxxxx,-0.9689,0.5084
Burgers,u^6u_xxx,u^6u_xxxxx,P6(u)u_xxx,P6(u)u_xxxxx,-0.9851,-0.8147
Burgers,u^6u_xxx,u_xxxxxx,P6(u)u_xxx,P0(u)u_xxxxxx,-0.0102,0.018
Burgers,u^6u_xxx,uu_xxxxxx,P6(u)u_xxx,P1(u)u_xxxxxx,-0.0409,0.0654
Burgers,u^6u_xxx,u^2u_xxxxxx,P6(u)u_xxx,P2(u)u_xxxxxx,-0.0467,0.1142
Burgers,u^6u_xxx,u^3u_xxxxxx,P6(u)u_xxx,P3(u)u_xxxxxx,-0.0475,-0.0481
Burgers,u^6u_xxx,u^4u_xxxxxx,P6(u)u_xxx,P4(u)u_xxxxxx,-0.0518,-0.0746
Burgers,u^6u_xxx,u^5u_xxxxxx,P6(u)u_xxx,P5(u)u_xxxxxx,-0.0617,0.1159
Burgers,u^6u_xxx,u^6u_xxxxxx,P6(u)u_xxx,P6(u)u_xxxxxx,-0.0733,-0.0137
Burgers,u_xxxx,uu_xxxx,P0(u)u_xxxx,P1(u)u_xxxx,0.1786,-0.1105
Burgers,u_xxxx,u^2u_xxxx,P0(u)u_xxxx,P2(u)u_xxxx,0.1667,-0.2146
Burgers,u_xxxx,u^3u_xxxx,P0(u)u_xxxx,P3(u)u_xxxx,0.1092,0.0218
Burgers,u_xxxx,u^4u_xxxx,P0(u)u_xxxx,P4(u)u_xxxx,0.0738,0.0509
Burgers,u_xxxx,u^5u_xxxx,P0(u)u_xxxx,P5(u)u_xxxx,0.0521,-0.0442
Burgers,u_xxxx,u^6u_xxxx,P0(u)u_xxxx,P6(u)u_xxxx,0.0411,-0.0011
Burgers,u_xxxx,u_xxxxx,P0(u)u_xxxx,P0(u)u_xxxxx,-0.0,-0.0
Burgers,u_xxxx,uu_xxxxx,P0(u)u_xxxx,P1(u)u_xxxxx,-0.1605,-0.0948
Burgers,u_xxxx,u^2u_xxxxx,P0(u)u_xxxx,P2(u)u_xxxxx,-0.0387,0.1635
Burgers,u_xxxx,u^3u_xxxxx,P0(u)u_xxxx,P3(u)u_xxxxx,-0.0806,-0.1643
Burgers,u_xxxx,u^4u_xxxxx,P0(u)u_xxxx,P4(u)u_xxxxx,-0.0512,0.1869
Burgers,u_xxxx,u^5u_xxxxx,P0(u)u_xxxx,P5(u)u_xxxxx,-0.0434,-0.1176
Burgers,u_xxxx,u^6u_xxxxx,P0(u)u_xxxx,P6(u)u_xxxxx,-0.0382,-0.0494
Burgers,u_xxxx,u_xxxxxx,P0(u)u_xxxx,P0(u)u_xxxxxx,-0.9389,-0.9389
Burgers,u_xxxx,uu_xxxxxx,P0(u)u_xxxx,P1(u)u_xxxxxx,-0.2017,0.0823
Burgers,u_xxxx,u^2u_xxxxxx,P0(u)u_xxxx,P2(u)u_xxxxxx,-0.1648,0.2766
Burgers,u_xxxx,u^3u_xxxxxx,P0(u)u_xxxx,P3(u)u_xxxxxx,-0.1103,-0.041
Burgers,u_xxxx,u^4u_xxxxxx,P0(u)u_xxxx,P4(u)u_xxxxxx,-0.072,-0.0427
Burgers,u_xxxx,u^5u_xxxxxx,P0(u)u_xxxx,P5(u)u_xxxxxx,-0.0506,0.0506
Burgers,u_xxxx,u^6u_xxxxxx,P0(u)u_xxxx,P6(u)u_xxxxxx,-0.0398,-0.0129
Burgers,uu_xxxx,u^2u_xxxx,P1(u)u_xxxx,P2(u)u_xxxx,0.8992,-0.186
Burgers,uu_xxxx,u^3u_xxxx,P1(u)u_xxxx,P3(u)u_xxxx,0.6325,-0.8825
Burgers,uu_xxxx,u^4u_xxxx,P1(u)u_xxxx,P4(u)u_xxxx,0.403,0.7135
Burgers,uu_xxxx,u^5u_xxxx,P1(u)u_xxxx,P5(u)u_xxxx,0.2733,0.4038
Burgers,uu_xxxx,u^6u_xxxx,P1(u)u_xxxx,P6(u)u_xxxx,0.2073,-0.637
Burgers,uu_xxxx,u_xxxxx,P1(u)u_xxxx,P0(u)u_xxxxx,0.0701,0.059
Burgers,uu_xxxx,uu_xxxxx,P1(u)u_xxxx,P1(u)u_xxxxx,-0.1705,-0.1455
Burgers,uu_xxxx,u^2u_xxxxx,P1(u)u_xxxx,P2(u)u_xxxxx,-0.2084,0.0137
Burgers,uu_xxxx,u^3u_xxxxx,P1(u)u_xxxx,P3(u)u_xxxxx,-0.1864,0.0823
Burgers,uu_xxxx,u^4u_xxxxx,P1(u)u_xxxx,P4(u)u_xxxxx,-0.1271,-0.0013
Burgers,uu_xxxx,u^5u_xxxxx,P1(u)u_xxxx,P5(u)u_xxxxx,-0.0929,-0.1665
Burgers,uu_xxxx,u^6u_xxxxx,P1(u)u_xxxx,P6(u)u_xxxxx,-0.0737,0.1432
Burgers,uu_xxxx,u_xxxxxx,P1(u)u_xxxx,P0(u)u_xxxxxx,-0.1305,0.1432
Burgers,uu_xxxx,uu_xxxxxx,P1(u)u_xxxx,P1(u)u_xxxxxx,-0.9959,-0.9899
Burgers,uu_xxxx,u^2u_xxxxxx,P1(u)u_xxxx,P2(u)u_xxxxxx,-0.9,0.1137
Burgers,uu_xxxx,u^3u_xxxxxx,P1(u)u_xxxx,P3(u)u_xxxxxx,-0.6287,0.8889
Burgers,uu_xxxx,u^4u_xxxxxx,P1(u)u_xxxx,P4(u)u_xxxxxx,-0.3966,-0.6853
Burgers,uu_xxxx,u^5u_xxxxxx,P1(u)u_xxxx,P5(u)u_xxxxxx,-0.2689,-0.4252
Burgers,uu_xxxx,u^6u_xxxxxx,P1(u)u_xxxx,P6(u)u_xxxxxx,-0.2045,0.6354
Burgers,u^2u_xxxx,u^3u_xxxx,P2(u)u_xxxx,P3(u)u_xxxx,0.8676,-0.089
Burgers,u^2u_xxxx,u^4u_xxxx,P2(u)u_xxxx,P4(u)u_xxxx,0.6684,-0.4971
Burgers,u^2u_xxxx,u^5u_xxxx,P2(u)u_xxxx,P5(u)u_xxxx,0.5284,0.6277
Burgers,u^2u_xxxx,u^6u_xxxx,P2(u)u_xxxx,P6(u)u_xxxx,0.4433,-0.1189
Burgers,u^2u_xxxx,u_xxxxx,P2(u)u_xxxx,P0(u)u_xxxxx,0.0338,-0.2111
Burgers,u^2u_xxxx,uu_xxxxx,P2(u)u_xxxx,P1(u)u_xxxxx,-0.1196,0.2097
Burgers,u^2u_xxxx,u^2u_xxxxx,P2(u)u_xxxx,P2(u)u_xxxxx,-0.2738,-0.0222
Burgers,u^2u_xxxx,u^3u_xxxxx,P2(u)u_xxxx,P3(u)u_xxxxx,-0.2235,-0.0734
Burgers,u^2u_xxxx,u^4u_xxxxx,P2(u)u_xxxx,P4(u)u_xxxxx,-0.1692,0.0975
Burgers,u^2u_xxxx,u^5u_xxxxx,P2(u)u_xxxx,P5(u)u_xxxxx,-0.1344,-0.0177
Burgers,u^2u_xxxx,u^6u_xxxxx,P2(u)u_xxxx,P6(u)u_xxxxx,-0.1174,-0.0739
Burgers,u^2u_xxxx,u_xxxxxx,P2(u)u_xxxx,P0(u)u_xxxxxx,-0.1172,0.2232
Burgers,u^2u_xxxx,uu_xxxxxx,P2(u)u_xxxx,P1(u)u_xxxxxx,-0.8827,0.1793
Burgers,u^2u_xxxx,u^2u_xxxxxx,P2(u)u_xxxx,P2(u)u_xxxxxx,-0.9988,-0.9675
Burgers,u^2u_xxxx,u^3u_xxxxxx,P2(u)u_xxxx,P3(u)u_xxxxxx,-0.8638,0.0786
Burgers,u^2u_xxxx,u^4u_xxxxxx,P2(u)u_xxxx,P4(u)u_xxxxxx,-0.6614,0.5068
Burgers,u^2u_xxxx,u^5u_xxxxxx,P2(u)u_xxxx,P5(u)u_xxxxxx,-0.5231,-0.6054
Burgers,u^2u_xxxx,u^6u_xxxxxx,P2(u)u_xxxx,P6(u)u_xxxxxx,-0.4398,0.0969
Burgers,u^3u_xxxx,u^4u_xxxx,P3(u)u_xxxx,P4(u)u_xxxx,0.9394,-0.7238
Burgers,u^3u_xxxx,u^5u_xxxx,P3(u)u_xxxx,P5(u)u_xxxx,0.8481,-0.6332
Burgers,u^3u_xxxx,u^6u_xxxx,P3(u)u_xxxx,P6(u)u_xxxx,0.771,0.8662
Burgers,u^3u_xxxx,u_xxxxx,P3(u)u_xxxx,P0(u)u_xxxxx,0.0735,0.0599
Burgers,u^3u_xxxx,uu_xxxxx,P3(u)u_xxxx,P1(u)u_xxxxx,-0.025,0.0748
Burgers,u^3u_xxxx,u^2u_xxxxx,P3(u)u_xxxx,P2(u)u_xxxxx,-0.2673,-0.1426
Burgers,u^3u_xxxx,u^3u_xxxxx,P3(u)u_xxxx,P3(u)u_xxxxx,-0.2108,0.1138
Burgers,u^3u_xxxx,u^4u_xxxxx,P3(u)u_xxxx,P4(u)u_xxxxx,-0.1863,-0.1512
Burgers,u^3u_xxxx,u^5u_xxxxx,P3(u)u_xxxx,P5(u)u_xxxxx,-0.1672,0.1432
Burgers,u^3u_xxxx,u^6u_xxxxx,P3(u)u_xxxx,P6(u)u_xxxxx,-0.1629,-0.0175
Burgers,u^3u_xxxx,u_xxxxxx,P3(u)u_xxxx,P0(u)u_xxxxxx,-0.0778,-0.0787
Burgers,u^3u_xxxx,uu_xxxxxx,P3(u)u_xxxx,P1(u)u_xxxxxx,-0.6024,0.9004
Burgers,u^3u_xxxx,u^2u_xxxxxx,P3(u)u_xxxx,P2(u)u_xxxxxx,-0.8667,0.0931
Burgers,u^3u_xxxx,u^3u_xxxxxx,P3(u)u_xxxx,P3(u)u_xxxxxx,-0.9991,-0.9974
Burgers,u^3u_xxxx,u^4u_xxxxxx,P3(u)u_xxxx,P4(u)u_xxxxxx,-0.935,0.7008
Burgers,u^3u_xxxx,u^5u_xxxxxx,P3(u)u_xxxx,P5(u)u_xxxxxx,-0.8438,0.6407
Burgers,u^3u_xxxx,u^6u_xxxxxx,P3(u)u_xxxx,P6(u)u_xxxxxx,-0.7678,-0.8539
Burgers,u^4u_xxxx,u^5u_xxxx,P4(u)u_xxxx,P5(u)u_xxxx,0.9759,0.0038
Burgers,u^4u_xxxx,u^6u_xxxx,P4(u)u_xxxx,P6(u)u_xxxx,0.9321,-0.6818
Burgers,u^4u_xxxx,u_xxxxx,P4(u)u_xxxx,P0(u)u_xxxxx,0.075,0.0235
Burgers,u^4u_xxxx,uu_xxxxx,P4(u)u_xxxx,P1(u)u_xxxxx,0.0189,-0.1643
Burgers,u^4u_xxxx,u^2u_xxxxx,P4(u)u_xxxx,P2(u)u_xxxxx,-0.2056,0.2447
Burgers,u^4u_xxxx,u^3u_xxxxx,P4(u)u_xxxx,P3(u)u_xxxxx,-0.167,-0.2099
Burgers,u^4u_xxxx,u^4u_xxxxx,P4(u)u_xxxx,P4(u)u_xxxxx,-0.1705,0.1778
Burgers,u^4u_xxxx,u^5u_xxxxx,P4(u)u_xxxx,P5(u)u_xxxxx,-0.1717,-0.0758
Burgers,u^4u_xxxx,u^6u_xxxxx,P4(u)u_xxxx,P6(u)u_xxxxx,-0.1824,-0.0373
Burgers,u^4u_xxxx,u_xxxxxx,P4(u)u_xxxx,P0(u)u_xxxxxx,-0.0523,0.0077
Burgers,u^4u_xxxx,uu_xxxxxx,P4(u)u_xxxx,P1(u)u_xxxxxx,-0.3753,-0.7477
Burgers,u^4u_xxxx,u^2u_xxxxxx,P4(u)u_xxxx,P2(u)u_xxxxxx,-0.6697,0.5267
Burgers,u^4u_xxxx,u^3u_xxxxxx,P4(u)u_xxxx,P3(u)u_xxxxxx,-0.943,0.7214
Burgers,u^4u_xxxx,u^4u_xxxxxx,P4(u)u_xxxx,P4(u)u_xxxxxx,-0.9995,-0.9971
Burgers,u^4u_xxxx,u^5u_xxxxxx,P4(u)u_xxxx,P5(u)u_xxxxxx,-0.9738,-0.0153
Burgers,u^4u_xxxx,u^6u_xxxxxx,P4(u)u_xxxx,P6(u)u_xxxxxx,-0.9303,0.6832
Burgers,u^5u_xxxx,u^6u_xxxx,P5(u)u_xxxx,P6(u)u_xxxx,0.9876,-0.6611
Burgers,u^5u_xxxx,u_xxxxx,P5(u)u_xxxx,P0(u)u_xxxxx,0.0705,-0.1213
Burgers,u^5u_xxxx,uu_xxxxx,P5(u)u_xxxx,P1(u)u_xxxxx,0.037,0.1158
Burgers,u^5u_xxxx,u^2u_xxxxx,P5(u)u_xxxx,P2(u)u_xxxxx,-0.1542,-0.0837
Burgers,u^5u_xxxx,u^3u_xxxxx,P5(u)u_xxxx,P3(u)u_xxxxx,-0.1332,0.0694
Burgers,u^5u_xxxx,u^4u_xxxxx,P5(u)u_xxxx,P4(u)u_xxxxx,-0.1543,-0.0231
Burgers,u^5u_xxxx,u^5u_xxxxx,P5(u)u_xxxx,P5(u)u_xxxxx,-0.1698,-0.0407
Burgers,u^5u_xxxx,u^6u_xxxxx,P5(u)u_xxxx,P6(u)u_xxxxx,-0.1909,0.0397
Burgers,u^5u_xxxx,u_xxxxxx,P5(u)u_xxxx,P0(u)u_xxxxxx,-0.037,0.0405
Burgers,u^5u_xxxx,uu_xxxxxx,P5(u)u_xxxx,P1(u)u_xxxxxx,-0.2501,-0.3943
Burgers,u^5u_xxxx,u^2u_xxxxxx,P5(u)u_xxxx,P2(u)u_xxxxxx,-0.5313,-0.654
Burgers,u^5u_xxxx,u^3u_xxxxxx,P5(u)u_xxxx,P3(u)u_xxxxxx,-0.8545,0.6397
Burgers,u^5u_xxxx,u^4u_xxxxxx,P5(u)u_xxxx,P4(u)u_xxxxxx,-0.9779,0.0103
Burgers,u^5u_xxxx,u^5u_xxxxxx,P5(u)u_xxxx,P5(u)u_xxxxxx,-0.9997,-0.9972
Burgers,u^5u_xxxx,u^6u_xxxxxx,P5(u)u_xxxx,P6(u)u_xxxxxx,-0.9868,0.6502
Burgers,u^6u_xxxx,u_xxxxx,P6(u)u_xxxx,P0(u)u_xxxxx,0.0644,0.1059
Burgers,u^6u_xxxx,uu_xxxxx,P6(u)u_xxxx,P1(u)u_xxxxx,0.0421,-0.0292
Burgers,u^6u_xxxx,u^2u_xxxxx,P6(u)u_xxxx,P2(u)u_xxxxx,-0.1193,-0.098
Burgers,u^6u_xxxx,u^3u_xxxxx,P6(u)u_xxxx,P3(u)u_xxxxx,-0.112,0.1129
Burgers,u^6u_xxxx,u^4u_xxxxx,P6(u)u_xxxx,P4(u)u_xxxxx,-0.1433,-0.0969
Burgers,u^6u_xxxx,u^5u_xxxxx,P6(u)u_xxxx,P5(u)u_xxxxx,-0.1679,0.0251
Burgers,u^6u_xxxx,u^6u_xxxxx,P6(u)u_xxxx,P6(u)u_xxxxx,-0.1959,0.0374
Burgers,u^6u_xxxx,u_xxxxxx,P6(u)u_xxxx,P0(u)u_xxxxxx,-0.0291,-0.0233
Burgers,u^6u_xxxx,uu_xxxxxx,P6(u)u_xxxx,P1(u)u_xxxxxx,-0.1881,0.6569
Burgers,u^6u_xxxx,u^2u_xxxxxx,P6(u)u_xxxx,P2(u)u_xxxxxx,-0.4471,0.1012
Burgers,u^6u_xxxx,u^3u_xxxxxx,P6(u)u_xxxx,P3(u)u_xxxxxx,-0.7789,-0.8715
Burgers,u^6u_xxxx,u^4u_xxxxxx,P6(u)u_xxxx,P4(u)u_xxxxxx,-0.9358,0.682
Burgers,u^6u_xxxx,u^5u_xxxxxx,P6(u)u_xxxx,P5(u)u_xxxxxx,-0.9884,0.6606
Burgers,u^6u_xxxx,u^6u_xxxxxx,P6(u)u_xxxx,P6(u)u_xxxxxx,-0.9998,-0.9975
Burgers,u_xxxxx,uu_xxxxx,P0(u)u_xxxxx,P1(u)u_xxxxx,0.2281,-0.7471
Burgers,u_xxxxx,u^2u_xxxxx,P0(u)u_xxxxx,P2(u)u_xxxxx,0.3085,-0.2604
Burgers,u_xxxxx,u^3u_xxxxx,P0(u)u_xxxxx,P3(u)u_xxxxx,0.1104,0.4194
Burgers,u_xxxxx,u^4u_xxxxx,P0(u)u_xxxxx,P4(u)u_xxxxx,0.0717,-0.1493
Burgers,u_xxxxx,u^5u_xxxxx,P0(u)u_xxxxx,P5(u)u_xxxxx,0.0513,-0.2226
Burgers,u_xxxxx,u^6u_xxxxx,P0(u)u_xxxxx,P6(u)u_xxxxx,0.0429,0.2291
Burgers,u_xxxxx,u_xxxxxx,P0(u)u_xxxxx,P0(u)u_xxxxxx,-0.0,-0.0
Burgers,u_xxxxx,uu_xxxxxx,P0(u)u_xxxxx,P1(u)u_xxxxxx,-0.0744,-0.0632
Burgers,u_xxxxx,u^2u_xxxxxx,P0(u)u_xxxxx,P2(u)u_xxxxxx,-0.0343,0.2166
Burgers,u_xxxxx,u^3u_xxxxxx,P0(u)u_xxxxx,P3(u)u_xxxxxx,-0.0745,-0.0617
Burgers,u_xxxxx,u^4u_xxxxxx,P0(u)u_xxxxx,P4(u)u_xxxxxx,-0.0752,-0.0221
Burgers,u_xxxxx,u^5u_xxxxxx,P0(u)u_xxxxx,P5(u)u_xxxxxx,-0.0705,0.1139
Burgers,u_xxxxx,u^6u_xxxxxx,P0(u)u_xxxxx,P6(u)u_xxxxxx,-0.0645,-0.0985
Burgers,uu_xxxxx,u^2u_xxxxx,P1(u)u_xxxxx,P2(u)u_xxxxx,0.5668,-0.3424
Burgers,uu_xxxxx,u^3u_xxxxx,P1(u)u_xxxxx,P3(u)u_xxxxx,0.5274,-0.1098
Burgers,uu_xxxxx,u^4u_xxxxx,P1(u)u_xxxxx,P4(u)u_xxxxx,0.3521,0.1483
Burgers,uu_xxxxx,u^5u_xxxxx,P1(u)u_xxxxx,P5(u)u_xxxxx,0.2691,0.0763
Burgers,uu_xxxxx,u^6u_xxxxx,P1(u)u_xxxxx,P6(u)u_xxxxx,0.2138,-0.1133
Burgers,uu_xxxxx,u_xxxxxx,P1(u)u_xxxxx,P0(u)u_xxxxxx,0.0093,-0.0068
Burgers,uu_xxxxx,uu_xxxxxx,P1(u)u_xxxxx,P1(u)u_xxxxxx,0.1918,0.1926
Burgers,uu_xxxxx,u^2u_xxxxxx,P1(u)u_xxxxx,P2(u)u_xxxxxx,0.1073,-0.2651
Burgers,uu_xxxxx,u^3u_xxxxxx,P1(u)u_xxxxx,P3(u)u_xxxxxx,0.0227,-0.0608
Burgers,uu_xxxxx,u^4u_xxxxxx,P1(u)u_xxxxx,P4(u)u_xxxxxx,-0.0225,0.1545
Burgers,uu_xxxxx,u^5u_xxxxxx,P1(u)u_xxxxx,P5(u)u_xxxxxx,-0.0391,-0.113
Burgers,uu_xxxxx,u^6u_xxxxxx,P1(u)u_xxxxx,P6(u)u_xxxxxx,-0.0435,0.0363
Burgers,u^2u_xxxxx,u^3u_xxxxx,P2(u)u_xxxxx,P3(u)u_xxxxx,0.8829,-0.7618
Burgers,u^2u_xxxxx,u^4u_xxxxx,P2(u)u_xxxxx,P4(u)u_xxxxx,0.7514,0.2457
Burgers,u^2u_xxxxx,u^5u_xxxxx,P2(u)u_xxxxx,P5(u)u_xxxxx,0.6283,0.305
Burgers,u^2u_xxxxx,u^6u_xxxxx,P2(u)u_xxxxx,P6(u)u_xxxxx,0.5364,-0.3832
Burgers,u^2u_xxxxx,u_xxxxxx,P2(u)u_xxxxx,P0(u)u_xxxxxx,0.0069,-0.0033
Burgers,u^2u_xxxxx,uu_xxxxxx,P2(u)u_xxxxx,P1(u)u_xxxxxx,0.1836,-0.1032
Burgers,u^2u_xxxxx,u^2u_xxxxxx,P2(u)u_xxxxx,P2(u)u_xxxxxx,0.2635,0.1634
Burgers,u^2u_xxxxx,u^3u_xxxxxx,P2(u)u_xxxxx,P3(u)u_xxxxxx,0.2555,0.113
Burgers,u^2u_xxxxx,u^4u_xxxxxx,P2(u)u_xxxxx,P4(u)u_xxxxxx,0.1968,-0.2378
Burgers,u^2u_xxxxx,u^5u_xxxxxx,P2(u)u_xxxxx,P5(u)u_xxxxxx,0.1483,0.0995
Burgers,u^2u_xxxxx,u^6u_xxxxxx,P2(u)u_xxxxx,P6(u)u_xxxxxx,0.1156,0.07
Burgers,u^3u_xxxxx,u^4u_xxxxx,P3(u)u_xxxxx,P4(u)u_xxxxx,0.9531,-0.6886
Burgers,u^3u_xxxxx,u^5u_xxxxx,P3(u)u_xxxxx,P5(u)u_xxxxx,0.8725,-0.2348
Burgers,u^3u_xxxxx,u^6u_xxxxx,P3(u)u_xxxxx,P6(u)u_xxxxx,0.7912,0.64
Burgers,u^3u_xxxxx,u_xxxxxx,P3(u)u_xxxxx,P0(u)u_xxxxxx,0.0238,0.0423
Burgers,u^3u_xxxxx,uu_xxxxxx,P3(u)u_xxxxx,P1(u)u_xxxxxx,0.1793,0.0045
Burgers,u^3u_xxxxx,u^2u_xxxxxx,P3(u)u_xxxxx,P2(u)u_xxxxxx,0.2135,-0.0948
Burgers,u^3u_xxxxx,u^3u_xxxxxx,P3(u)u_xxxxx,P3(u)u_xxxxxx,0.202,-0.0788
Burgers,u^3u_xxxxx,u^4u_xxxxxx,P3(u)u_xxxxx,P4(u)u_xxxxxx,0.1591,0.2073
Burgers,u^3u_xxxxx,u^5u_xxxxxx,P3(u)u_xxxxx,P5(u)u_xxxxxx,0.1276,-0.0931
Burgers,u^3u_xxxxx,u^6u_xxxxxx,P3(u)u_xxxxx,P6(u)u_xxxxxx,0.1081,-0.0811
Burgers,u^4u_xxxxx,u^5u_xxxxx,P4(u)u_xxxxx,P5(u)u_xxxxx,0.9763,-0.3734
Burgers,u^4u_xxxxx,u^6u_xxxxx,P4(u)u_xxxxx,P6(u)u_xxxxx,0.9282,-0.5276
Burgers,u^4u_xxxxx,u_xxxxxx,P4(u)u_xxxxx,P0(u)u_xxxxxx,0.0188,-0.0943
Burgers,u^4u_xxxxx,uu_xxxxxx,P4(u)u_xxxxx,P1(u)u_xxxxxx,0.1204,-0.0656
Burgers,u^4u_xxxxx,u^2u_xxxxxx,P4(u)u_xxxxx,P2(u)u_xxxxxx,0.1629,0.0452
Burgers,u^4u_xxxxx,u^3u_xxxxxx,P4(u)u_xxxxx,P3(u)u_xxxxxx,0.1799,0.1144
Burgers,u^4u_xxxxx,u^4u_xxxxxx,P4(u)u_xxxxx,P4(u)u_xxxxxx,0.1643,-0.1662
Burgers,u^4u_xxxxx,u^5u_xxxxxx,P4(u)u_xxxxx,P5(u)u_xxxxxx,0.1494,0.041
Burgers,u^4u_xxxxx,u^6u_xxxxxx,P4(u)u_xxxxx,P6(u)u_xxxxxx,0.1395,0.0687
Burgers,u^5u_xxxxx,u^6u_xxxxx,P5(u)u_xxxxx,P6(u)u_xxxxx,0.9858,-0.4175
Burgers,u^5u_xxxxx,u_xxxxxx,P5(u)u_xxxxx,P0(u)u_xxxxxx,0.0164,0.0714
Burgers,u^5u_xxxxx,uu_xxxxxx,P5(u)u_xxxxx,P1(u)u_xxxxxx,0.0888,0.175
Burgers,u^5u_xxxxx,u^2u_xxxxxx,P5(u)u_xxxxx,P2(u)u_xxxxxx,0.1301,0.0124
Burgers,u^5u_xxxxx,u^3u_xxxxxx,P5(u)u_xxxxx,P3(u)u_xxxxxx,0.163,-0.1301
Burgers,u^5u_xxxxx,u^4u_xxxxxx,P5(u)u_xxxxx,P4(u)u_xxxxxx,0.167,0.0529
Burgers,u^5u_xxxxx,u^5u_xxxxxx,P5(u)u_xxxxx,P5(u)u_xxxxxx,0.1656,0.0515
Burgers,u^5u_xxxxx,u^6u_xxxxxx,P5(u)u_xxxxx,P6(u)u_xxxxxx,0.1644,-0.0228
Burgers,u^6u_xxxxx,u_xxxxxx,P6(u)u_xxxxx,P0(u)u_xxxxxx,0.0148,0.0364
Burgers,u^6u_xxxxx,uu_xxxxxx,P6(u)u_xxxxx,P1(u)u_xxxxxx,0.0707,-0.1067
Burgers,u^6u_xxxxx,u^2u_xxxxxx,P6(u)u_xxxxx,P2(u)u_xxxxxx,0.1145,-0.0265
Burgers,u^6u_xxxxx,u^3u_xxxxxx,P6(u)u_xxxxx,P3(u)u_xxxxxx,0.1603,0.0348
Burgers,u^6u_xxxxx,u^4u_xxxxxx,P6(u)u_xxxxx,P4(u)u_xxxxxx,0.1787,0.0507
Burgers,u^6u_xxxxx,u^5u_xxxxxx,P6(u)u_xxxxx,P5(u)u_xxxxxx,0.1872,-0.0697
Burgers,u^6u_xxxxx,u^6u_xxxxxx,P6(u)u_xxxxx,P6(u)u_xxxxxx,0.1926,-0.0145
Burgers,u_xxxxxx,uu_xxxxxx,P0(u)u_xxxxxx,P1(u)u_xxxxxx,0.1497,-0.1545
Burgers,u_xxxxxx,u^2u_xxxxxx,P0(u)u_xxxxxx,P2(u)u_xxxxxx,0.1238,-0.2702
Burgers,u_xxxxxx,u^3u_xxxxxx,P0(u)u_xxxxxx,P3(u)u_xxxxxx,0.0808,0.0992
Burgers,u_xxxxxx,u^4u_xxxxxx,P0(u)u_xxxxxx,P4(u)u_xxxxxx,0.0524,-0.0138
Burgers,u_xxxxxx,u^5u_xxxxxx,P0(u)u_xxxxxx,P5(u)u_xxxxxx,0.0367,-0.0493
Burgers,u_xxxxxx,u^6u_xxxxxx,P0(u)u_xxxxxx,P6(u)u_xxxxxx,0.0288,0.0342
Burgers,uu_xxxxxx,u^2u_xxxxxx,P1(u)u_xxxxxx,P2(u)u_xxxxxx,0.8852,-0.1318
Burgers,uu_xxxxxx,u^3u_xxxxxx,P1(u)u_xxxxxx,P3(u)u_xxxxxx,0.6006,-0.9045
Burgers,uu_xxxxxx,u^4u_xxxxxx,P1(u)u_xxxxxx,P4(u)u_xxxxxx,0.37,0.7213
Burgers,uu_xxxxxx,u^5u_xxxxxx,P1(u)u_xxxxxx,P5(u)u_xxxxxx,0.2464,0.4134
Burgers,uu_xxxxxx,u^6u_xxxxxx,P1(u)u_xxxxxx,P6(u)u_xxxxxx,0.1857,-0.6526
Burgers,u^2u_xxxxxx,u^3u_xxxxxx,P2(u)u_xxxxxx,P3(u)u_xxxxxx,0.8645,-0.0953
Burgers,u^2u_xxxxxx,u^4u_xxxxxx,P2(u)u_xxxxxx,P4(u)u_xxxxxx,0.6638,-0.5398
Burgers,u^2u_xxxxxx,u^5u_xxxxxx,P2(u)u_xxxxxx,P5(u)u_xxxxxx,0.5267,0.6425
Burgers,u^2u_xxxxxx,u^6u_xxxxxx,P2(u)u_xxxxxx,P6(u)u_xxxxxx,0.444,-0.0876
Burgers,u^3u_xxxxxx,u^4u_xxxxxx,P3(u)u_xxxxxx,P4(u)u_xxxxxx,0.9398,-0.7009
Burgers,u^3u_xxxxxx,u^5u_xxxxxx,P3(u)u_xxxxxx,P5(u)u_xxxxxx,0.851,-0.6495
Burgers,u^3u_xxxxxx,u^6u_xxxxxx,P3(u)u_xxxxxx,P6(u)u_xxxxxx,0.7763,0.8627
Burgers,u^4u_xxxxxx,u^5u_xxxxxx,P4(u)u_xxxxxx,P5(u)u_xxxxxx,0.9767,-0.0009
Burgers,u^4u_xxxxxx,u^6u_xxxxxx,P4(u)u_xxxxxx,P6(u)u_xxxxxx,0.9345,-0.6855
Burgers,u^5u_xxxxxx,u^6u_xxxxxx,P5(u)u_xxxxxx,P6(u)u_xxxxxx,0.988,-0.6528
